Cluster ID	Genome	Cluster strength	Contig	Start	End	Span (bp)	Panel seed hit count	Total CDS in span	Panel genes	Panel categories	Panel sub-categories	Enzyme class counts
GCF_000470885.1_panelcluster_14061	GCF_000470885.1	multi_hit	c_000000000001	4057285	4139343	82058	31	73	CYP450; GI:23664434; GMET_RS16560; acsA; aliA; aliB; badH; badI; badK; chcAb; cmtAb; cmtAc; cmtB; crt; fadA; fadK; hmgL; paaG; pegC; pimC/aabA; rdxR; todF; xylB	Alkanes; Aromatics; Beta-oxidation; Catechol-ortho; Cyclohexanecarboxylate; Cyclohexylacetate; Phenylacetate; Plastics	Benzene; Beta-oxidation; Catechol-ortho; Cyclohexanecarboxylate; Cyclohexylacetate; PEG; Phenylacetate; Terminal/biterminal oxidation; Toluene; p-Cumate	Dehydrogenase/oxidoreductase:18; Hypothetical/accessory:14; Accessory/other:11; Regulator:8; Hydratase/dehydratase/isomerase:7; Thiolase/transferase:4; CoA ligase/synthetase:3; Oxygenase/dioxygenase:3; Transport/efflux:2; Hydrolase/decarboxylase/lyase:2; Electron transfer/redox:1
GCF_040170545.1_panelcluster_16253	GCF_040170545.1	multi_hit	c_000000000057	1184	47169	45985	28	48	andAc; andAd; bedC2; benA; benB; benD-xylL; bphAd; hapE; ladA; mhpD; mhpF; nagAc; nagB; nagC; nagE; nagF; pchF; todF; tphB; ubiX; xylB; xylE; xylG; xylI; xylK	Alkanes; Aromatics; Benzoate; Catechol-meta; Hydroquinone; Naphthalene; Tannin	Anthranilate; Benzene; Benzoate; Biphenyl; Catechol-meta; Hydroquinone; Naphthalene; Tannin; Terephthalate; Terminal/biterminal oxidation; Toluene	Dehydrogenase/oxidoreductase:11; Oxygenase/dioxygenase:10; Hypothetical/accessory:9; Accessory/other:4; Mobile/stress/accessory:4; Hydratase/dehydratase/isomerase:3; Carboxylase:2; Hydrolase/decarboxylase/lyase:2; Transport/efflux:2; Electron transfer/redox:1
GCF_041920375.1_panelcluster_16356	GCF_041920375.1	multi_hit	c_000000000036	21667	71115	49448	26	52	GI:23664434; acdA; atoB; badK; crt; dch; fadB2; fadD; hapE; hpcE; paaA; paaD; paaG; paaH; paaJ; paaK; paaX; paaY	Aromatics; Benzoyl-CoA; Beta-oxidation; Cyclohexanecarboxylate; Hydroquinone; Phenylacetate	Benzene; Benzoyl-CoA; Beta-oxidation; Cyclohexanecarboxylate; Homoprotocatechuate; Hydroquinone; Phenylacetate	Accessory/other:11; Hypothetical/accessory:10; Hydratase/dehydratase/isomerase:8; Dehydrogenase/oxidoreductase:6; Transport/efflux:5; Regulator:3; Thiolase/transferase:3; CoA ligase/synthetase:3; Hydrolase/decarboxylase/lyase:2; Mobile/stress/accessory:1
GROW_115_consensus_panelcluster_16852	GROW_115_consensus	multi_hit	1	719534	797514	77980	24	66	ISF6_0224; aabB; aabC; aabD; aliA; aliB; antA; antB; antC; badH; badI; catA; crt; dmpL; dmpM; dmpN; dmpP; galT; nagF; opdK; pcaK; pobB; uctC	Aromatics; Beta-oxidation; Catechol-ortho; Cyclohexanecarboxylate; Gallate; Naphthalene; Oxalate; Plastics; Protocatechuate; Transportation	Anthranilate; Beta-oxidation; Catechol-ortho; Cyclohexanecarboxylate; Gallate; Naphthalene; Oxalate; PET; Phenol; Protocatechuate; Transportation	Hypothetical/accessory:15; Oxygenase/dioxygenase:10; Accessory/other:9; Dehydrogenase/oxidoreductase:8; Transport/efflux:6; Hydratase/dehydratase/isomerase:5; Regulator:4; Hydrolase/decarboxylase/lyase:3; CoA ligase/synthetase:2; Thiolase/transferase:2; Electron transfer/redox:2
GROW_126_consensus_panelcluster_17053	GROW_126_consensus	multi_hit	1	1935279	1990611	55332	24	49	BVMO; ISF6_0224; aabB; aabC; aabD; acdB; aliB; galT; nagF; opdK; pcaB; pcaC; pcaD; pcaF; pcaG; pcaH; pcaI; pcaJ; pcaK; pobA; uctC	Alkanes; Aromatics; Beta-oxidation; Catechol-ortho; Cyclohexanecarboxylate; Gallate; Naphthalene; Oxalate; Plastics; Protocatechuate; Transportation	Beta-oxidation; Catechol-ortho; Cyclohexanecarboxylate; Gallate; Naphthalene; Oxalate; PET; Protocatechuate; Subterminal oxidation; Toluene; Transportation	Hypothetical/accessory:10; Dehydrogenase/oxidoreductase:8; Thiolase/transferase:8; Transport/efflux:7; Hydratase/dehydratase/isomerase:5; Oxygenase/dioxygenase:4; Regulator:3; Hydrolase/decarboxylase/lyase:2; CoA ligase/synthetase:1; Accessory/other:1
GROW_115_consensus_panelcluster_16861	GROW_115_consensus	multi_hit	1	1659263	1717002	57739	22	48	atoB; benA; benB; benC-xylZ; benD; catA; catB; catC; catR; chnA; echA1; fadD; galT; hmgL; nagR; pcaD; pcaF; pcaI; pcaJ	Alkanes; Aromatics; Benzoate; Beta-oxidation; Catechol-ortho; Cyclohexylacetate; Gallate; Naphthalene; Protocatechuate	Benzene; Benzoate; Beta-oxidation; Catechol-ortho; Cyclohexylacetate; Gallate; Naphthalene; Protocatechuate; Terminal/biterminal oxidation	Hypothetical/accessory:10; Dehydrogenase/oxidoreductase:8; Thiolase/transferase:6; Hydratase/dehydratase/isomerase:5; Accessory/other:4; Oxygenase/dioxygenase:4; Transport/efflux:3; Hydrolase/decarboxylase/lyase:2; Regulator:2; Carboxylase:2; Electron transfer/redox:1; CoA ligase/synthetase:1
GCF_000470885.1_panelcluster_14077	GCF_000470885.1	multi_hit	c_000000000001	4732918	4786659	53741	21	54	BVMO; aabD; amnC; benA; benB; benC; benD-xylL; catB; catC; clcA; dmpP; est; galT; hpaB; pcaB; pcaH; pcaI; pcaJ; pcaK; pcaL; pobB	Alkanes; Aromatics; Benzoate; Catechol-ortho; Cyclohexanecarboxylate; Gallate; Plastics; Protocatechuate; Transportation	2-Aminophenol; 4-Hydroxyphenylacetate; Benzene; Benzoate; Catechol-ortho; Chlorocatechol; Cyclohexanecarboxylate; Gallate; PBAT; Phenol; Protocatechuate; Subterminal oxidation; Transportation	Hypothetical/accessory:17; Oxygenase/dioxygenase:9; Dehydrogenase/oxidoreductase:9; Accessory/other:8; Thiolase/transferase:3; Hydratase/dehydratase/isomerase:3; Transport/efflux:3; Hydrolase/decarboxylase/lyase:1; Regulator:1
Exp3_MAG_49_panelcluster_11645	Exp3_MAG_49	multi_hit	MAGs/Exp3_MAG_49_c_000000000025	55575	112897	57322	20	52	CYP450; badH; bphC; bphD; bphJ; bphX3; chcC1; echA1; fadA; fadK; paaE; paaJ; pimC/aabA; pimD; xylJ	Alkanes; Aromatics; Beta-oxidation; Catechol-meta; Catechol-ortho; Cyclohexanecarboxylate; Phenylacetate	Beta-oxidation; Biphenyl; Catechol-meta; Catechol-ortho; Cyclohexanecarboxylate; Phenylacetate; Terminal/biterminal oxidation	Dehydrogenase/oxidoreductase:15; Hypothetical/accessory:15; Oxygenase/dioxygenase:5; Hydratase/dehydratase/isomerase:4; Thiolase/transferase:4; CoA ligase/synthetase:3; Electron transfer/redox:2; Hydrolase/decarboxylase/lyase:2; Regulator:1; Accessory/other:1
GROW_68_consensus_panelcluster_17419	GROW_68_consensus	multi_hit	1	3136873	3185427	48554	20	38	amnC; chcAa; galP; nagR; paaA; paaB; paaC; paaD; paaE; paaF; paaG; paaH; paaI; paaJ; paaK; paaX; paaY; paaZ; pobB	Aromatics; Cyclohexanecarboxylate; Gallate; Naphthalene; Phenylacetate; Protocatechuate	2-Aminophenol; Cyclohexanecarboxylate; Gallate; Naphthalene; Phenylacetate; Protocatechuate	Accessory/other:11; Hypothetical/accessory:7; Regulator:5; Dehydrogenase/oxidoreductase:5; Mobile/stress/accessory:2; Hydrolase/decarboxylase/lyase:2; Transport/efflux:2; Hydratase/dehydratase/isomerase:2; CoA ligase/synthetase:1; Thiolase/transferase:1
Exp3_MAG_162_panelcluster_3865	Exp3_MAG_162	multi_hit	MAGs/Exp3_MAG_162_c_000000000033	27263	83824	56561	19	49	BVMO; GMET_RS16560; acdB; badH; benA; benD; catA; catB; catC; catR; galT; ladA; nagF; pcaD; pcaF; pcaI; pcaJ; xylY; xylZ	Alkanes; Aromatics; Benzoate; Beta-oxidation; Catechol-ortho; Gallate; Naphthalene; Protocatechuate	Benzene; Benzoate; Beta-oxidation; Catechol-ortho; Gallate; Naphthalene; Protocatechuate; Subterminal oxidation; Terminal/biterminal oxidation	Hypothetical/accessory:16; Regulator:7; Dehydrogenase/oxidoreductase:6; Oxygenase/dioxygenase:6; Thiolase/transferase:4; Hydratase/dehydratase/isomerase:3; Hydrolase/decarboxylase/lyase:2; Transport/efflux:2; Accessory/other:2; CoA ligase/synthetase:1
GCF_000736435.1_panelcluster_14678	GCF_000736435.1	multi_hit	c_000000000001	6340367	6399223	58856	19	52	CYP450; GMET_RS16560; acsA; aliA; badH; badI; chcAb; fadA; fadK; hmgL; paaG; pegC; pimC/aabA; xylB	Alkanes; Aromatics; Beta-oxidation; Catechol-ortho; Cyclohexanecarboxylate; Cyclohexylacetate; Phenylacetate; Plastics	Beta-oxidation; Catechol-ortho; Cyclohexanecarboxylate; Cyclohexylacetate; PEG; Phenylacetate; Terminal/biterminal oxidation; Toluene	Dehydrogenase/oxidoreductase:16; Hypothetical/accessory:8; Hydratase/dehydratase/isomerase:7; Regulator:5; CoA ligase/synthetase:4; Accessory/other:4; Transport/efflux:3; Thiolase/transferase:3; Electron transfer/redox:1; Hydrolase/decarboxylase/lyase:1
GROW_67_consensus_panelcluster_17312	GROW_67_consensus	multi_hit	1	3036724	3077726	41002	19	34	amnC; chcAa; galP; nagR; paaA; paaB; paaC; paaD; paaE; paaF; paaG; paaH; paaI; paaJ; paaK; paaX; paaY; paaZ; pobB	Aromatics; Cyclohexanecarboxylate; Gallate; Naphthalene; Phenylacetate; Protocatechuate	2-Aminophenol; Cyclohexanecarboxylate; Gallate; Naphthalene; Phenylacetate; Protocatechuate	Accessory/other:10; Hypothetical/accessory:7; Dehydrogenase/oxidoreductase:4; Regulator:3; Mobile/stress/accessory:2; Hydrolase/decarboxylase/lyase:2; Transport/efflux:2; Hydratase/dehydratase/isomerase:2; CoA ligase/synthetase:1; Thiolase/transferase:1
65.medaka_panelcluster_13	65.medaka	multi_hit	contig_18	1275747	1319980	44233	18	37	amnC; paaA; paaB; paaC; paaD; paaE; paaF; paaG; paaH; paaI; paaJ; paaK; paaX; paaY; paaZ; pchA; pnbA; xylB	Aromatics; Phenylacetate; Plastics	2-Aminophenol; PET; Phenylacetate; Toluene	Accessory/other:17; Dehydrogenase/oxidoreductase:6; Hypothetical/accessory:4; Regulator:3; Hydrolase/decarboxylase/lyase:2; Hydratase/dehydratase/isomerase:2; Thiolase/transferase:1; CoA ligase/synthetase:1; Transport/efflux:1
66.medaka_panelcluster_108	66.medaka	multi_hit	contig_8	2161577	2205810	44233	18	36	amnC; paaA; paaB; paaC; paaD; paaE; paaF; paaG; paaH; paaI; paaJ; paaK; paaX; paaY; paaZ; pchA; pnbA; xylB	Aromatics; Phenylacetate; Plastics	2-Aminophenol; PET; Phenylacetate; Toluene	Accessory/other:16; Dehydrogenase/oxidoreductase:6; Hypothetical/accessory:4; Regulator:3; Hydrolase/decarboxylase/lyase:2; Hydratase/dehydratase/isomerase:2; Transport/efflux:1; CoA ligase/synthetase:1; Thiolase/transferase:1
68A.medaka_panelcluster_150	68A.medaka	multi_hit	contig_1	3405734	3449967	44233	18	37	amnC; paaA; paaB; paaC; paaD; paaE; paaF; paaG; paaH; paaI; paaJ; paaK; paaX; paaY; paaZ; pchA; pnbA; xylB	Aromatics; Phenylacetate; Plastics	2-Aminophenol; PET; Phenylacetate; Toluene	Accessory/other:17; Dehydrogenase/oxidoreductase:6; Hypothetical/accessory:4; Regulator:3; Hydrolase/decarboxylase/lyase:2; Hydratase/dehydratase/isomerase:2; Thiolase/transferase:1; CoA ligase/synthetase:1; Transport/efflux:1
GROW_76_consensus_panelcluster_17733	GROW_76_consensus	multi_hit	1	2351921	2395174	43253	18	35	amnC; paaA; paaB; paaC; paaD; paaE; paaF; paaG; paaH; paaI; paaJ; paaK; paaX; paaY; paaZ; pchA; pnbA; xylB	Aromatics; Phenylacetate; Plastics	2-Aminophenol; PET; Phenylacetate; Toluene	Accessory/other:17; Dehydrogenase/oxidoreductase:6; Regulator:3; Hypothetical/accessory:2; Hydrolase/decarboxylase/lyase:2; Hydratase/dehydratase/isomerase:2; Transport/efflux:1; CoA ligase/synthetase:1; Thiolase/transferase:1
Exp3_MAG_13_panelcluster_2082	Exp3_MAG_13	multi_hit	MAGs/Exp3_MAG_13_c_000000000024	70240	90610	20370	17	20	ISF6_0224; atoA; benA; benB; benD; catA; catB; catC; catR; pcaD; pcaF; pcaI; pnbA; xylB; xylC; xylZ	Aromatics; Catechol-ortho; Cyclohexylacetate; Plastics; Protocatechuate	Benzene; Catechol-ortho; Catechol-ortho; Protocatechuate; Cyclohexylacetate; PET; Protocatechuate; Toluene	Oxygenase/dioxygenase:4; Dehydrogenase/oxidoreductase:3; Thiolase/transferase:3; Accessory/other:2; Hydrolase/decarboxylase/lyase:2; Hypothetical/accessory:2; Hydratase/dehydratase/isomerase:2; Transport/efflux:1; Regulator:1
GCF_000470885.1_panelcluster_14008	GCF_000470885.1	multi_hit	c_000000000001	461147	530195	69048	17	60	CYP153; CYP450; chcAa; chcB1; chcB2; fadD; fadJ; galT; paaG; pcaK; pegC; pobB	Alkanes; Beta-oxidation; Cyclohexanecarboxylate; Gallate; Phenylacetate; Plastics; Protocatechuate; Transportation	Beta-oxidation; Cyclohexanecarboxylate; Gallate; PEG; Phenylacetate; Protocatechuate; Terminal/biterminal oxidation; Transportation	Dehydrogenase/oxidoreductase:16; Hypothetical/accessory:15; Accessory/other:8; Oxygenase/dioxygenase:7; Hydratase/dehydratase/isomerase:3; CoA ligase/synthetase:3; Thiolase/transferase:2; Transport/efflux:2; Regulator:2; Electron transfer/redox:1; Hydrolase/decarboxylase/lyase:1
GROW_123_consensus_panelcluster_16989	GROW_123_consensus	multi_hit	1	3369196	3424757	55561	17	48	aabB; alkH_ald; badH; bphD; bphJ; bphX3; chcB2; chcC1; fadA; fadK; nylA; paaE; pimC/aabA; pimD; todE; xylJ	Alkanes; Aromatics; Beta-oxidation; Catechol-meta; Cyclohexanecarboxylate; Phenylacetate; Plastics	Auxillary alkane pathway; Beta-oxidation; Biphenyl; Catechol-meta; Cyclohexanecarboxylate; Nylon; Phenylacetate; Toluene	Dehydrogenase/oxidoreductase:17; Hypothetical/accessory:8; Hydratase/dehydratase/isomerase:5; Thiolase/transferase:4; Hydrolase/decarboxylase/lyase:4; Oxygenase/dioxygenase:3; CoA ligase/synthetase:3; Accessory/other:2; Transport/efflux:1; Electron transfer/redox:1
GROW_126_consensus_panelcluster_17057	GROW_126_consensus	multi_hit	1	2249318	2279059	29741	17	27	benA; benB; benC; benD; catA; catB; catC; catR; nahG; pcaD; pcaF; pcaI; pcaJ; pcaK; xylB; xylC	Aromatics; Benzoate; Catechol-ortho; Naphthalene; Protocatechuate; Transportation	Benzene; Benzoate; Catechol-ortho; Naphthalene; Protocatechuate; Toluene; Transportation	Oxygenase/dioxygenase:5; Accessory/other:4; Thiolase/transferase:3; Regulator:3; Transport/efflux:3; Dehydrogenase/oxidoreductase:3; Hypothetical/accessory:3; Hydratase/dehydratase/isomerase:2; Hydrolase/decarboxylase/lyase:1
GROW_128_consensus_panelcluster_17126	GROW_128_consensus	multi_hit	1	1037470	1085355	47885	17	44	alkH_ald; crt; hpcC; hpcG; hpcH; mobA; paaA; paaB; paaC; paaD; paaE; paaH; paaI; paaJ; paaK; paaZ; pegA	Alkanes; Aromatics; Beta-oxidation; Gentisate; Phenylacetate; Plastics	Auxillary alkane pathway; Beta-oxidation; Gentisate; Homoprotocatechuate; PEG; Phenylacetate	Accessory/other:16; Hypothetical/accessory:7; Dehydrogenase/oxidoreductase:7; Regulator:4; Hydrolase/decarboxylase/lyase:3; Hydratase/dehydratase/isomerase:3; Oxygenase/dioxygenase:1; Mobile/stress/accessory:1; CoA ligase/synthetase:1; Thiolase/transferase:1
Exp3_MAG_281_panelcluster_10143	Exp3_MAG_281	multi_hit	MAGs/Exp3_MAG_281_c_000000000012	18259	62470	44211	16	42	atoA; benA; catA; catB; catC; catR; chqB; hpaC; hpcG; hpcH; mlaE; mlaF; pcaD; pcaF; pcaI; pobB	Aromatics; Catechol-ortho; Cyclohexylacetate; Hydroxyquinol; Protocatechuate; Transportation	4-Hydroxyphenylacetate; Benzene; Catechol-ortho; Cyclohexylacetate; Homoprotocatechuate; Hydroxyquinol; Protocatechuate; Transportation	Hypothetical/accessory:7; Accessory/other:6; Transport/efflux:5; Dehydrogenase/oxidoreductase:5; Oxygenase/dioxygenase:5; Hydratase/dehydratase/isomerase:5; Thiolase/transferase:4; Regulator:3; Hydrolase/decarboxylase/lyase:2
GCF_000012925.1_panelcluster_13889	GCF_000012925.1	multi_hit	c_000000000001	2481897	2526130	44233	16	38	acdB; atoB; badH; benD; chcB1; chcB2; chcC1; crt; fadA; paaH; pimC/aabA; pimD	Benzoate; Beta-oxidation; Catechol-ortho; Cyclohexanecarboxylate; Phenylacetate	Benzoate; Beta-oxidation; Catechol-ortho; Cyclohexanecarboxylate; Phenylacetate	Dehydrogenase/oxidoreductase:12; Hydratase/dehydratase/isomerase:7; Accessory/other:7; Hypothetical/accessory:7; Thiolase/transferase:2; Hydrolase/decarboxylase/lyase:1; Regulator:1; CoA ligase/synthetase:1
GCF_000736435.1_panelcluster_14670	GCF_000736435.1	multi_hit	c_000000000001	5934661	6014001	79340	16	74	aabD; chcB1; chcB2; chnC; galT; hapE; mpdC; pegC; uctC; xylB; yfdE	Alkanes; Alkenes; Aromatics; Cyclohexanecarboxylate; Gallate; Hydroquinone; Oxalate; Plastics	2-methylpropene; Cyclohexanecarboxylate; Gallate; Hydroquinone; Oxalate; PEG; Terminal/biterminal oxidation; Toluene	Hypothetical/accessory:20; Dehydrogenase/oxidoreductase:19; Accessory/other:11; Regulator:6; Thiolase/transferase:5; Hydrolase/decarboxylase/lyase:4; Carboxylase:2; Transport/efflux:2; CoA ligase/synthetase:2; Hydratase/dehydratase/isomerase:2; Oxygenase/dioxygenase:1
GCF_000736435.1_panelcluster_14676	GCF_000736435.1	multi_hit	c_000000000001	6262569	6284228	21659	16	22	NFA_28320; antA; chnA; crt; hpaC; paaA; paaB; paaC; paaD; paaE; paaG; paaH; paaJ; paaK; paaZ; pobB	Alkanes; Aromatics; Beta-oxidation; Phenylacetate; Plastics; Protocatechuate	4-Hydroxyphenylacetate; Anthranilate; Beta-oxidation; Nylon; Phenylacetate; Protocatechuate; Terminal/biterminal oxidation	Accessory/other:6; Dehydrogenase/oxidoreductase:3; Hydrolase/decarboxylase/lyase:2; Hydratase/dehydratase/isomerase:2; Regulator:2; Hypothetical/accessory:2; Oxygenase/dioxygenase:2; Thiolase/transferase:1; CoA ligase/synthetase:1; Transport/efflux:1
GCF_000736435.1_panelcluster_14686	GCF_000736435.1	multi_hit	c_000000000001	6783014	6833416	50402	16	48	CYP153; aliB; badH; benA; benB; benC; benD-xylL; catB; catC; clcA; dmpP; est; galT; hpaB; lac	Alkanes; Aromatics; Benzoate; Beta-oxidation; Catechol-ortho; Gallate; Plastics	4-Hydroxyphenylacetate; Benzene; Benzoate; Beta-oxidation; Catechol-ortho; Chlorocatechol; Gallate; LDPE; PBAT; Phenol; Terminal/biterminal oxidation	Hypothetical/accessory:15; Dehydrogenase/oxidoreductase:9; Accessory/other:7; Oxygenase/dioxygenase:6; Transport/efflux:4; Hydratase/dehydratase/isomerase:3; Regulator:3; Hydrolase/decarboxylase/lyase:1
GROW_123_consensus_panelcluster_16969	GROW_123_consensus	multi_hit	1	2158872	2247069	88197	16	63	acdA; catA; catB; catC; catR; galT; nagR; opdK; paaG; pchA; pht2; pobB; xecD; xylG	Alkenes; Aromatics; Beta-oxidation; Catechol-meta; Catechol-ortho; Gallate; Naphthalene; Phenylacetate; Protocatechuate; Transportation	Beta-oxidation; Catechol-meta; Catechol-ortho; Gallate; Naphthalene; Phenylacetate; Phthalate; Propene; Protocatechuate; Toluene; Transportation	Accessory/other:14; Hypothetical/accessory:12; Transport/efflux:9; Dehydrogenase/oxidoreductase:8; Hydratase/dehydratase/isomerase:5; Regulator:5; Carboxylase:4; Oxygenase/dioxygenase:3; Electron transfer/redox:1; CoA ligase/synthetase:1; Hydrolase/decarboxylase/lyase:1
CP063454.1_panelcluster_312	CP063454.1	multi_hit	c_000000000001	2910342	2927753	17411	15	17	galP; paaA; paaB; paaC; paaD; paaE; paaF; paaG; paaH; paaI; paaJ; paaK; paaX; paaY; paaZ	Gallate; Phenylacetate	Gallate; Phenylacetate	Accessory/other:7; Hydratase/dehydratase/isomerase:2; Hydrolase/decarboxylase/lyase:2; Transport/efflux:2; Regulator:1; Dehydrogenase/oxidoreductase:1; Thiolase/transferase:1; CoA ligase/synthetase:1
GCF_001190925.1_panelcluster_14795	GCF_001190925.1	multi_hit	c_000000000001	4966060	4994786	28726	15	25	GI:23664434; GMET_RS16560; acdA; atoB; bcrB; bcrC; bcrD; crt; dch; had; oah; paaG; paaH; pimC/aabA	Aromatics; Benzoyl-CoA; Beta-oxidation; Cyclohexanecarboxylate; Phenylacetate	Benzene; Benzoyl-CoA; Beta-oxidation; Cyclohexanecarboxylate; Phenylacetate	Dehydrogenase/oxidoreductase:8; Hypothetical/accessory:5; Hydratase/dehydratase/isomerase:3; Thiolase/transferase:2; Regulator:2; Transport/efflux:2; Hydrolase/decarboxylase/lyase:1; Accessory/other:1; CoA ligase/synthetase:1
GCF_026428315.1_panelcluster_15390	GCF_026428315.1	multi_hit	c_000000000001	2910342	2927753	17411	15	17	galP; paaA; paaB; paaC; paaD; paaE; paaF; paaG; paaH; paaI; paaJ; paaK; paaX; paaY; paaZ	Gallate; Phenylacetate	Gallate; Phenylacetate	Accessory/other:7; Hydratase/dehydratase/isomerase:2; Hydrolase/decarboxylase/lyase:2; Transport/efflux:2; Regulator:1; Dehydrogenase/oxidoreductase:1; Thiolase/transferase:1; CoA ligase/synthetase:1
GCF_029269255.1_panelcluster_15977	GCF_029269255.1	multi_hit	c_000000000058	13075	30485	17410	15	17	galP; paaA; paaB; paaC; paaD; paaE; paaF; paaG; paaH; paaI; paaJ; paaK; paaX; paaY; paaZ	Gallate; Phenylacetate	Gallate; Phenylacetate	Accessory/other:7; Hydratase/dehydratase/isomerase:2; Hydrolase/decarboxylase/lyase:2; Transport/efflux:2; Regulator:1; Dehydrogenase/oxidoreductase:1; Thiolase/transferase:1; CoA ligase/synthetase:1
GCF_051450025.1_panelcluster_16558	GCF_051450025.1	multi_hit	c_000000000053	13075	30485	17410	15	17	galP; paaA; paaB; paaC; paaD; paaE; paaF; paaG; paaH; paaI; paaJ; paaK; paaX; paaY; paaZ	Gallate; Phenylacetate	Gallate; Phenylacetate	Accessory/other:7; Hydratase/dehydratase/isomerase:2; Hydrolase/decarboxylase/lyase:2; Transport/efflux:2; Regulator:1; Dehydrogenase/oxidoreductase:1; Thiolase/transferase:1; CoA ligase/synthetase:1
GROW_105_consensus_panelcluster_16762	GROW_105_consensus	multi_hit	1	4916522	4935076	18554	15	17	galP; paaA; paaB; paaC; paaD; paaE; paaF; paaG; paaH; paaI; paaJ; paaK; paaX; paaY; paaZ	Gallate; Phenylacetate	Gallate; Phenylacetate	Accessory/other:7; Hydratase/dehydratase/isomerase:2; Hydrolase/decarboxylase/lyase:2; Transport/efflux:2; Regulator:1; Dehydrogenase/oxidoreductase:1; Thiolase/transferase:1; CoA ligase/synthetase:1
GROW_123_consensus_panelcluster_16982	GROW_123_consensus	multi_hit	1	2931185	2948613	17428	15	17	galP; paaA; paaB; paaC; paaD; paaE; paaF; paaG; paaH; paaI; paaJ; paaK; paaX; paaY; paaZ	Gallate; Phenylacetate	Gallate; Phenylacetate	Accessory/other:7; Hydratase/dehydratase/isomerase:2; Hydrolase/decarboxylase/lyase:2; Transport/efflux:2; Regulator:1; Dehydrogenase/oxidoreductase:1; Thiolase/transferase:1; CoA ligase/synthetase:1
GROW_131_consensus_panelcluster_17191	GROW_131_consensus	multi_hit	1	3241265	3265440	24175	15	26	chnE; paaA; paaB; paaC; paaD; paaE; paaF; paaG; paaH; paaI; paaJ; paaK; paaX; paaY; paaZ	Alkanes; Phenylacetate	Phenylacetate; Terminal/biterminal oxidation	Accessory/other:8; Hypothetical/accessory:5; Regulator:4; Hydrolase/decarboxylase/lyase:2; Hydratase/dehydratase/isomerase:2; Dehydrogenase/oxidoreductase:2; Thiolase/transferase:1; CoA ligase/synthetase:1; Transport/efflux:1
GROW_74_consensus_panelcluster_17645	GROW_74_consensus	multi_hit	1	2327694	2369032	41338	15	38	BenA-xylX; acdB; alkN_mcp; galT; mhpD; mhpF; nagF; nylB; opdK; pobB; todD; todF; tphA1I; xylK	Alkanes; Aromatics; Benzoate; Beta-oxidation; Catechol-meta; Gallate; Naphthalene; Plastics; Protocatechuate; Transportation	Benzoate; Beta-oxidation; Catechol-meta; Gallate; Hydrocarbon uptake; Naphthalene; Nylon; Protocatechuate; Terephthalate; Toluene; Transportation	Hypothetical/accessory:10; Dehydrogenase/oxidoreductase:8; Transport/efflux:4; Hydrolase/decarboxylase/lyase:3; Oxygenase/dioxygenase:3; Accessory/other:2; Regulator:2; CoA ligase/synthetase:2; Electron transfer/redox:2; Hydratase/dehydratase/isomerase:1; Thiolase/transferase:1
GROW_93_consensus_panelcluster_17929	GROW_93_consensus	multi_hit	1	2525393	2550129	24736	15	22	hapE; paaA; paaB; paaC; paaD; paaE; paaF; paaG; paaH; paaI; paaJ; paaK; paaX; paaY; paaZ	Hydroquinone; Phenylacetate	Hydroquinone; Phenylacetate	Accessory/other:7; Hypothetical/accessory:5; Dehydrogenase/oxidoreductase:3; Hydrolase/decarboxylase/lyase:2; Hydratase/dehydratase/isomerase:2; Thiolase/transferase:1; CoA ligase/synthetase:1; Regulator:1
Exp3_MAG_121_panelcluster_1540	Exp3_MAG_121	multi_hit	MAGs/Exp3_MAG_121_c_000000000020	3337	31440	28103	14	25	ABO_2449; BVMO; amnA; amnB; amnC; amnD; chcB1; chnB; mhpD; paaF; pimC/aabA; pimD; xylI	Alkanes; Aromatics; Catechol-meta; Cyclohexanecarboxylate; Phenylacetate; Plastics	2-Aminophenol; Catechol-meta; Cyclohexanecarboxylate; PBSA/PCL/PES/PHA/PHBV/PLA; Phenylacetate; Subterminal oxidation; Terminal/biterminal oxidation	Dehydrogenase/oxidoreductase:6; Hypothetical/accessory:5; Oxygenase/dioxygenase:4; Accessory/other:3; Hydratase/dehydratase/isomerase:2; CoA ligase/synthetase:2; Carboxylase:1; Transport/efflux:1; Hydrolase/decarboxylase/lyase:1
Exp3_MAG_140_panelcluster_2699	Exp3_MAG_140	multi_hit	MAGs/Exp3_MAG_140_c_000000000015	85185	107223	22038	14	18	chcAa; fadJ; nylB; paaA; paaB; paaC; paaD; paaE; paaG; paaI; paaJ; paaK; paaX; paaZ	Beta-oxidation; Cyclohexanecarboxylate; Phenylacetate; Plastics	Beta-oxidation; Cyclohexanecarboxylate; Nylon; Phenylacetate	Accessory/other:8; Hydrolase/decarboxylase/lyase:3; Hydratase/dehydratase/isomerase:2; Regulator:1; Thiolase/transferase:1; CoA ligase/synthetase:1; Transport/efflux:1; Dehydrogenase/oxidoreductase:1
Exp3_MAG_8_panelcluster_13022	Exp3_MAG_8	multi_hit	MAGs/Exp3_MAG_8_c_000000000222	21611	45475	23864	14	27	bphJ; bphX3; pchA; ssuD; todF; tomA1; tomA2; tomA3; tomA4; tomA5; xylE; xylG; xylI; xylJ	Alkanes; Aromatics; Catechol-meta	Auxillary alkane pathway; Biphenyl; Catechol-meta; Toluene	Hypothetical/accessory:9; Oxygenase/dioxygenase:5; Dehydrogenase/oxidoreductase:3; Hydrolase/decarboxylase/lyase:3; Accessory/other:2; Hydratase/dehydratase/isomerase:2; Regulator:2; Transport/efflux:1
Exp3_MAG_90_panelcluster_13527	Exp3_MAG_90	multi_hit	MAGs/Exp3_MAG_90_c_000000000036	66234	85815	19581	14	20	est; paaA; paaB; paaC; paaD; paaE; paaG; paaH; paaI; paaK; paaX; paaY; paaZ; pcaF	Catechol-ortho; Phenylacetate; Plastics; Protocatechuate	PET; Phenylacetate; Protocatechuate	Accessory/other:9; Hypothetical/accessory:4; Hydrolase/decarboxylase/lyase:2; Thiolase/transferase:1; CoA ligase/synthetase:1; Dehydrogenase/oxidoreductase:1; Hydratase/dehydratase/isomerase:1; Regulator:1
GCF_000470885.1_panelcluster_14002	GCF_000470885.1	multi_hit	c_000000000001	142659	196424	53765	14	52	BVMO; CYP153; CYP450; aliA; badI; bphC; bphD; chcC1; echA1; fadA; pimC/aabA; pimD	Alkanes; Aromatics; Beta-oxidation; Catechol-ortho; Cyclohexanecarboxylate	Beta-oxidation; Biphenyl; Catechol-ortho; Cyclohexanecarboxylate; Subterminal oxidation; Terminal/biterminal oxidation	Dehydrogenase/oxidoreductase:14; Hypothetical/accessory:13; Accessory/other:6; Oxygenase/dioxygenase:5; Thiolase/transferase:4; Hydratase/dehydratase/isomerase:3; CoA ligase/synthetase:3; Regulator:3; Hydrolase/decarboxylase/lyase:1
GCF_029269295.1_panelcluster_16065	GCF_029269295.1	multi_hit	c_000000000030	69673	95834	26161	14	23	bphJ; bphX3; catR; chnD; chnE; dmpO; tomA1; tomA2; tomA3; tomA5; xylE; xylG; xylI; xylJ	Alkanes; Aromatics; Catechol-meta; Catechol-ortho	Biphenyl; Catechol-meta; Catechol-ortho; Phenol; Terminal/biterminal oxidation; Toluene	Hypothetical/accessory:7; Dehydrogenase/oxidoreductase:4; Oxygenase/dioxygenase:4; Accessory/other:3; Hydratase/dehydratase/isomerase:2; Regulator:2; Hydrolase/decarboxylase/lyase:1
GROW_131_consensus_panelcluster_17166	GROW_131_consensus	multi_hit	1	1162220	1199556	37336	14	37	amnC; amnD; bphF; est; fadA; galR; ladA; mhpD; mhpF; pcaK; pqiA; pqiB; pqiC; xylI	Alkanes; Aromatics; Beta-oxidation; Catechol-meta; Gallate; Plastics; Transportation	2-Aminophenol; Beta-oxidation; Biphenyl; Catechol-meta; Gallate; PBAT; Terminal/biterminal oxidation; Transportation	Hypothetical/accessory:12; Dehydrogenase/oxidoreductase:6; Regulator:5; Transport/efflux:5; Accessory/other:2; Electron transfer/redox:2; Oxygenase/dioxygenase:2; Thiolase/transferase:1; Carboxylase:1; Hydrolase/decarboxylase/lyase:1
GROW_67_consensus_panelcluster_17301	GROW_67_consensus	multi_hit	1	2389696	2427439	37743	14	30	acdB; bphD; galT; mhpD; mhpF; nagF; nylB; opdK; pcaK; pht2; xylC; xylK	Aromatics; Beta-oxidation; Catechol-meta; Gallate; Naphthalene; Plastics; Transportation	Beta-oxidation; Biphenyl; Catechol-meta; Gallate; Naphthalene; Nylon; Phthalate; Toluene; Transportation	Hypothetical/accessory:5; Dehydrogenase/oxidoreductase:5; Transport/efflux:5; Hydrolase/decarboxylase/lyase:3; Regulator:3; Oxygenase/dioxygenase:3; Hydratase/dehydratase/isomerase:2; Accessory/other:1; CoA ligase/synthetase:1; Thiolase/transferase:1; Electron transfer/redox:1
GROW_68_consensus_panelcluster_17408	GROW_68_consensus	multi_hit	1	2482978	2520697	37719	14	30	acdB; bphD; galP; galT; mhpD; mhpF; nagF; nylB; opdK; pcaK; pht2; xylC; xylK	Aromatics; Beta-oxidation; Catechol-meta; Gallate; Naphthalene; Plastics; Transportation	Beta-oxidation; Biphenyl; Catechol-meta; Gallate; Naphthalene; Nylon; Phthalate; Toluene; Transportation	Hypothetical/accessory:5; Dehydrogenase/oxidoreductase:5; Transport/efflux:5; Hydrolase/decarboxylase/lyase:3; Regulator:3; Oxygenase/dioxygenase:3; Hydratase/dehydratase/isomerase:2; Accessory/other:1; CoA ligase/synthetase:1; Thiolase/transferase:1; Electron transfer/redox:1
GROW_83_consensus_panelcluster_17868	GROW_83_consensus	multi_hit	1	4301903	4342682	40779	14	38	acsA; catA; catB; catC; catR; fadB; hapE; opdK; paaG; sdgB; xylL; xylX; xylY; xylZ	Aromatics; Beta-oxidation; Catechol-ortho; Hydroquinone; Phenylacetate; Transportation	Benzene; Beta-oxidation; Catechol-ortho; Hydroquinone; Phenylacetate; Salicylate; Transportation	Hypothetical/accessory:13; Accessory/other:6; Regulator:4; Hydratase/dehydratase/isomerase:4; Oxygenase/dioxygenase:4; Dehydrogenase/oxidoreductase:3; Transport/efflux:2; Hydrolase/decarboxylase/lyase:1; CoA ligase/synthetase:1
Exp3_MAG_244_panelcluster_7496	Exp3_MAG_244	multi_hit	MAGs/Exp3_MAG_244_c_000000000287	567	37742	37175	13	36	CYP153; bphC; bphD; bphJ; chcC1; fadK; hpcG; mhpE; paaE; pimC/aabA	Alkanes; Aromatics; Beta-oxidation; Catechol-meta; Cyclohexanecarboxylate; Phenylacetate	Beta-oxidation; Biphenyl; Catechol-meta; Cyclohexanecarboxylate; Homoprotocatechuate; Phenylacetate; Terminal/biterminal oxidation	Hypothetical/accessory:11; Dehydrogenase/oxidoreductase:10; Oxygenase/dioxygenase:5; Accessory/other:2; Hydratase/dehydratase/isomerase:2; Hydrolase/decarboxylase/lyase:2; Regulator:1; Electron transfer/redox:1; CoA ligase/synthetase:1; Thiolase/transferase:1
GCF_000267545.1_panelcluster_13949	GCF_000267545.1	multi_hit	c_000000000001	1425252	1453449	28197	13	29	alkN_mcp; bphJ; bphX3; hmgL; nagR; nahG; nahW; xylE; xylF; xylG; xylH; xylI; xylJ	Alkanes; Aromatics; Catechol-meta; Cyclohexylacetate; Naphthalene	Biphenyl; Catechol-meta; Cyclohexylacetate; Hydrocarbon uptake; Naphthalene; Salicylate	Hypothetical/accessory:12; Accessory/other:4; Mobile/stress/accessory:3; Dehydrogenase/oxidoreductase:3; Hydrolase/decarboxylase/lyase:3; Hydratase/dehydratase/isomerase:2; Oxygenase/dioxygenase:2
GCF_000470885.1_panelcluster_14064	GCF_000470885.1	multi_hit	c_000000000001	4221928	4282510	60582	13	51	AAE3; aliA; bphC; bphD; bphJ; chcC1; chnA; chnE; cmtB; hpcG; mhpE; pimC/aabA	Alkanes; Aromatics; Beta-oxidation; Catechol-meta; Cyclohexanecarboxylate; Oxalate	Beta-oxidation; Biphenyl; Catechol-meta; Cyclohexanecarboxylate; Homoprotocatechuate; Oxalate; Terminal/biterminal oxidation; p-Cumate	Hypothetical/accessory:15; Dehydrogenase/oxidoreductase:13; Accessory/other:9; Oxygenase/dioxygenase:4; CoA ligase/synthetase:3; Regulator:2; Hydrolase/decarboxylase/lyase:2; Mobile/stress/accessory:1; Thiolase/transferase:1; Hydratase/dehydratase/isomerase:1
GCF_000470885.1_panelcluster_14085	GCF_000470885.1	multi_hit	c_000000000001	5125532	5187115	61583	13	48	bphC; bphD; chnD; fadK; ntnC; pimC/aabA; pimD; prmA; prmB; prmC; prmD; uctC; xylB	Alkanes; Aromatics; Beta-oxidation; Cyclohexanecarboxylate; Oxalate	Beta-oxidation; Biphenyl; Cyclohexanecarboxylate; Oxalate; Subterminal oxidation; Terminal/biterminal oxidation; Toluene	Hypothetical/accessory:19; Dehydrogenase/oxidoreductase:8; Oxygenase/dioxygenase:7; Accessory/other:6; Regulator:2; Carboxylase:2; Hydrolase/decarboxylase/lyase:1; CoA ligase/synthetase:1; Transport/efflux:1; Thiolase/transferase:1
GCF_016584445.1_panelcluster_15219	GCF_016584445.1	multi_hit	c_000000000001	717170	738597	21427	13	19	GI:23664434; aliA; aliB; badH; badI; badK; bcrA; bcrB; bcrC; bcrD; boxB; boxC; xylB	Aromatics; Benzoyl-CoA; Beta-oxidation; Cyclohexanecarboxylate	Benzene; Benzoyl-CoA; Beta-oxidation; Cyclohexanecarboxylate; Toluene	Dehydrogenase/oxidoreductase:9; Hydratase/dehydratase/isomerase:2; CoA ligase/synthetase:2; Hypothetical/accessory:2; Accessory/other:1; Electron transfer/redox:1; Hydrolase/decarboxylase/lyase:1; Oxygenase/dioxygenase:1
GCF_031600295.1_panelcluster_16160	GCF_031600295.1	multi_hit	c_000000000001	717158	742451	25293	13	22	GI:23664434; aliA; aliB; badH; badI; badK; bcrA; bcrB; bcrC; bcrD; boxB; boxC; xylB	Aromatics; Benzoyl-CoA; Beta-oxidation; Cyclohexanecarboxylate	Benzene; Benzoyl-CoA; Beta-oxidation; Cyclohexanecarboxylate; Toluene	Dehydrogenase/oxidoreductase:11; CoA ligase/synthetase:3; Hydratase/dehydratase/isomerase:2; Hypothetical/accessory:2; Accessory/other:1; Electron transfer/redox:1; Hydrolase/decarboxylase/lyase:1; Oxygenase/dioxygenase:1
Exp3_MAG_131_panelcluster_2247	Exp3_MAG_131	multi_hit	MAGs/Exp3_MAG_131_c_000000000001	277601	298136	20535	12	20	hapE; paaA; paaB; paaC; paaD; paaE; paaG; paaI; paaK; paaX; paaZ; pcaF	Catechol-ortho; Hydroquinone; Phenylacetate; Protocatechuate	Hydroquinone; Phenylacetate; Protocatechuate	Accessory/other:6; Hypothetical/accessory:3; Regulator:2; Hydrolase/decarboxylase/lyase:2; Transport/efflux:2; Hydratase/dehydratase/isomerase:1; CoA ligase/synthetase:1; Thiolase/transferase:1; Oxygenase/dioxygenase:1; Dehydrogenase/oxidoreductase:1
Exp3_MAG_166_panelcluster_4142	Exp3_MAG_166	multi_hit	MAGs/Exp3_MAG_166_c_000000000140	562	13146	12584	12	14	bphJ; bphX3; catR; tomA1; tomA2; tomA3; tomA4; tomA5; xylE; xylF; xylG; xylJ	Aromatics; Catechol-meta; Catechol-ortho	Biphenyl; Catechol-meta; Catechol-ortho; Toluene	Oxygenase/dioxygenase:4; Hypothetical/accessory:3; Hydrolase/decarboxylase/lyase:2; Dehydrogenase/oxidoreductase:2; Hydratase/dehydratase/isomerase:1; Accessory/other:1; Regulator:1
Exp3_MAG_79_panelcluster_12955	Exp3_MAG_79	multi_hit	MAGs/Exp3_MAG_79_c_000000000464	3751	15881	12130	12	14	bphJ; bphX3; todF; tomA1; tomA2; tomA3; tomA4; tomA5; xylE; xylG; xylI; xylJ	Aromatics; Catechol-meta	Biphenyl; Catechol-meta; Toluene	Oxygenase/dioxygenase:4; Hypothetical/accessory:3; Dehydrogenase/oxidoreductase:2; Hydrolase/decarboxylase/lyase:2; Hydratase/dehydratase/isomerase:2; Accessory/other:1
Exp3_MAG_93_panelcluster_13633	Exp3_MAG_93	multi_hit	MAGs/Exp3_MAG_93_c_000000000015	1391	12942	11551	12	12	paaA; paaB; paaC; paaD; paaE; paaG; paaI; paaK; paaX; paaY; paaZ; pcaF	Catechol-ortho; Phenylacetate; Protocatechuate	Phenylacetate; Protocatechuate	Accessory/other:6; Hydrolase/decarboxylase/lyase:2; Regulator:1; Hydratase/dehydratase/isomerase:1; CoA ligase/synthetase:1; Thiolase/transferase:1
GCF_000475375.1_panelcluster_14370	GCF_000475375.1	multi_hit	c_000000000005	10801	25248	14447	12	15	benA; benB; benD-xylL; catA; catB; catC; catR; galT; pcaF; pcaL; xylB; xylZ	Aromatics; Benzoate; Catechol-ortho; Gallate; Protocatechuate	Benzene; Benzoate; Catechol-ortho; Gallate; Protocatechuate; Toluene	Oxygenase/dioxygenase:4; Thiolase/transferase:3; Dehydrogenase/oxidoreductase:2; Hydratase/dehydratase/isomerase:2; Transport/efflux:1; Regulator:1; Accessory/other:1; Hydrolase/decarboxylase/lyase:1
GCF_000736435.1_panelcluster_14694	GCF_000736435.1	multi_hit	c_000000000001	7310438	7349348	38910	12	33	BVMO; catR; chcB1; chcB2; chcC2; chqB; galT; hapE; macA; mhbD; pcaF; sdc	Alkanes; Aromatics; Catechol-ortho; Cyclohexanecarboxylate; Gallate; Gentisate; Hydroquinone; Hydroxyquinol; Protocatechuate	Catechol-ortho; Cyclohexanecarboxylate; Gallate; Gentisate; Hydroquinone; Hydroxyquinol; Protocatechuate; Salicylate; Subterminal oxidation	Dehydrogenase/oxidoreductase:11; Hypothetical/accessory:8; Oxygenase/dioxygenase:5; Transport/efflux:3; Regulator:3; Thiolase/transferase:1; Hydrolase/decarboxylase/lyase:1; Accessory/other:1
GCF_001190925.1_panelcluster_14798	GCF_001190925.1	multi_hit	c_000000000001	5111182	5144546	33364	12	30	GI:23664434; badH; bcrD; boxA; boxB; boxC; hbd; paaG; paaZ; pcaF	Aromatics; Benzoyl-CoA; Beta-oxidation; Catechol-ortho; Phenylacetate; Plastics; Protocatechuate	Benzene; Benzoyl-CoA; Beta-oxidation; P3HV/PHA/PHBV; Phenylacetate; Protocatechuate	Hydratase/dehydratase/isomerase:4; Dehydrogenase/oxidoreductase:4; Transport/efflux:4; Hypothetical/accessory:4; Hydrolase/decarboxylase/lyase:3; Accessory/other:3; CoA ligase/synthetase:2; Regulator:2; Oxygenase/dioxygenase:2; Electron transfer/redox:1; Thiolase/transferase:1
GROW_115_consensus_panelcluster_16863	GROW_115_consensus	multi_hit	1	1769107	1798253	29146	12	27	CHMO; aabB; aabC; aabD; catA; galT; nagR; nahG; pchA; uctC; xylB	Alkanes; Aromatics; Catechol-ortho; Cyclohexanecarboxylate; Gallate; Naphthalene; Oxalate	Catechol-ortho; Cyclohexanecarboxylate; Gallate; Naphthalene; Oxalate; Terminal/biterminal oxidation; Toluene	Dehydrogenase/oxidoreductase:7; Regulator:5; Oxygenase/dioxygenase:3; Hypothetical/accessory:3; Hydrolase/decarboxylase/lyase:2; Accessory/other:2; Thiolase/transferase:2; Transport/efflux:1; Electron transfer/redox:1; Hydratase/dehydratase/isomerase:1
GROW_67_consensus_panelcluster_17311	GROW_67_consensus	multi_hit	1	2994145	3016861	22716	12	20	bphJ; bphX3; catR; dmpO; tomA1; tomA2; tomA3; tomA5; xylE; xylG; xylI; xylJ	Aromatics; Catechol-meta; Catechol-ortho	Biphenyl; Catechol-meta; Catechol-ortho; Phenol; Toluene	Hypothetical/accessory:6; Oxygenase/dioxygenase:4; Accessory/other:3; Regulator:2; Dehydrogenase/oxidoreductase:2; Hydratase/dehydratase/isomerase:2; Hydrolase/decarboxylase/lyase:1
GROW_68_consensus_panelcluster_17418	GROW_68_consensus	multi_hit	1	3094294	3117010	22716	12	20	bphJ; bphX3; catR; dmpO; tomA1; tomA2; tomA3; tomA5; xylE; xylG; xylI; xylJ	Aromatics; Catechol-meta; Catechol-ortho	Biphenyl; Catechol-meta; Catechol-ortho; Phenol; Toluene	Hypothetical/accessory:6; Oxygenase/dioxygenase:4; Accessory/other:3; Regulator:2; Dehydrogenase/oxidoreductase:2; Hydratase/dehydratase/isomerase:2; Hydrolase/decarboxylase/lyase:1
GROW_93_consensus_panelcluster_17961	GROW_93_consensus	multi_hit	1	5149758	5184401	34643	12	38	bcrD; chnE; hpaB; hpaC; hpcB; hpcC; hpcD; hpcE; hpcG; hpcH; nagR	Alkanes; Aromatics; Benzoyl-CoA; Naphthalene	4-Hydroxyphenylacetate; Benzoyl-CoA; Homoprotocatechuate; Naphthalene; Terminal/biterminal oxidation	Hypothetical/accessory:12; Regulator:6; Accessory/other:5; Oxygenase/dioxygenase:3; Hydratase/dehydratase/isomerase:3; Transport/efflux:3; Carboxylase:2; Dehydrogenase/oxidoreductase:2; Hydrolase/decarboxylase/lyase:1; Mobile/stress/accessory:1
CP063455.1_panelcluster_422	CP063455.1	multi_hit	c_000000000001	3955841	3981156	25315	11	23	alkJ_adh; alkN_mcp; hpaB; hpaC; hpcB; hpcC; hpcD; hpcE; hpcG; hpcH	Alkanes; Aromatics	4-Hydroxyphenylacetate; Auxillary alkane pathway; Homoprotocatechuate; Hydrocarbon uptake	Hypothetical/accessory:7; Oxygenase/dioxygenase:3; Transport/efflux:3; Dehydrogenase/oxidoreductase:3; Hydrolase/decarboxylase/lyase:2; Carboxylase:2; Hydratase/dehydratase/isomerase:2; Regulator:1
Exp3_MAG_129_panelcluster_1988	Exp3_MAG_129	multi_hit	MAGs/Exp3_MAG_129_c_000000000399	10604	30855	20251	11	18	galT; mhbD; mhbH; mhbl; nagAa; nagAb; nagF; nagG; nagH; nagR; xylB	Aromatics; Gallate; Gentisate; Naphthalene	1-Methylnaphthalene/2-Methylnaphthalene; Gallate; Gentisate; Naphthalene; Salicylate; Toluene	Transport/efflux:5; Oxygenase/dioxygenase:3; Regulator:2; Electron transfer/redox:2; Dehydrogenase/oxidoreductase:2; Hypothetical/accessory:1; Hydratase/dehydratase/isomerase:1; Hydrolase/decarboxylase/lyase:1; Accessory/other:1
Exp3_MAG_150_panelcluster_3254	Exp3_MAG_150	multi_hit	MAGs/Exp3_MAG_150_c_000000000002	2523	21984	19461	11	19	bphJ; catR; dmpO; tomA1; tomA2; tomA3; tomA5; xylE; xylG; xylI; xylJ	Aromatics; Catechol-meta; Catechol-ortho	Biphenyl; Catechol-meta; Catechol-ortho; Phenol; Toluene	Hypothetical/accessory:6; Accessory/other:4; Oxygenase/dioxygenase:4; Dehydrogenase/oxidoreductase:2; Hydratase/dehydratase/isomerase:2; Regulator:1
Exp3_MAG_161_panelcluster_3772	Exp3_MAG_161	multi_hit	MAGs/Exp3_MAG_161_c_000000000014	19580	42948	23368	11	23	isoA; isoC; isoD; isoF; mpdB; paaH; paaK; paaY; xamoB; xamoE; xylC	Alkenes; Aromatics; Phenylacetate	2-methylpropene; Isoprene; Phenylacetate; Propene; Toluene	Accessory/other:7; Hypothetical/accessory:5; Oxygenase/dioxygenase:4; Dehydrogenase/oxidoreductase:3; Electron transfer/redox:2; CoA ligase/synthetase:1; Regulator:1
Exp3_MAG_162_panelcluster_3822	Exp3_MAG_162	multi_hit	MAGs/Exp3_MAG_162_c_000000000003	44219	61420	17201	11	15	alkH_ald; antA; antB; catA; catB; catC; pcaD; pcaK; pegA; pnbA; xylZ	Alkanes; Aromatics; Catechol-ortho; Plastics; Protocatechuate; Transportation	Anthranilate; Auxillary alkane pathway; Benzene; Catechol-ortho; PEG; PET; Protocatechuate; Transportation	Oxygenase/dioxygenase:4; Transport/efflux:2; Hydrolase/decarboxylase/lyase:2; Regulator:2; Hydratase/dehydratase/isomerase:2; Dehydrogenase/oxidoreductase:2; Hypothetical/accessory:1
Exp3_MAG_162_panelcluster_3824	Exp3_MAG_162	multi_hit	MAGs/Exp3_MAG_162_c_000000000003	122708	161119	38411	11	35	BVMO; andAb; andAc; andAd; nagR; paaG; paaJ; pcaI; pcaJ; sdgB; xecD	Alkanes; Alkenes; Aromatics; Catechol-ortho; Naphthalene; Phenylacetate	Anthranilate; Catechol-ortho; Naphthalene; Phenylacetate; Propene; Salicylate; Subterminal oxidation	Hypothetical/accessory:10; Accessory/other:6; Transport/efflux:3; Regulator:3; Hydrolase/decarboxylase/lyase:3; Thiolase/transferase:3; Oxygenase/dioxygenase:2; Hydratase/dehydratase/isomerase:2; Electron transfer/redox:1; CoA ligase/synthetase:1; Dehydrogenase/oxidoreductase:1
Exp3_MAG_165_panelcluster_4064	Exp3_MAG_165	multi_hit	MAGs/Exp3_MAG_165_c_000000000046	35519	79684	44165	11	40	aabB; acdA; aliA; badH; chnB; fadK; pimC/aabA; pimD	Alkanes; Beta-oxidation; Cyclohexanecarboxylate	Beta-oxidation; Cyclohexanecarboxylate; Terminal/biterminal oxidation	Hypothetical/accessory:18; Dehydrogenase/oxidoreductase:10; Oxygenase/dioxygenase:5; CoA ligase/synthetase:4; Hydratase/dehydratase/isomerase:1; Accessory/other:1; Regulator:1
Exp3_MAG_234_panelcluster_6857	Exp3_MAG_234	multi_hit	MAGs/Exp3_MAG_234_c_000000000031	15728	29711	13983	11	14	paaA; paaB; paaC; paaD; paaE; paaG; paaI; paaK; paaY; paaZ; pegC	Phenylacetate; Plastics	PEG; Phenylacetate	Accessory/other:6; Hypothetical/accessory:3; Dehydrogenase/oxidoreductase:1; Regulator:1; Hydrolase/decarboxylase/lyase:1; CoA ligase/synthetase:1; Hydratase/dehydratase/isomerase:1
Exp3_MAG_264_panelcluster_8869	Exp3_MAG_264	multi_hit	MAGs/Exp3_MAG_264_c_000000000305	32571	59274	26703	11	25	BVMO; CYP450; acdB; alkB; alkH_ald; alkJ_adh; alkL; alkS; chcAb; pimC/aabA; pimD	Alkanes; Beta-oxidation; Cyclohexanecarboxylate	Auxillary alkane pathway; Beta-oxidation; Cyclohexanecarboxylate; Hydrocarbon uptake; Subterminal oxidation; Terminal/biterminal oxidation	Hypothetical/accessory:7; Dehydrogenase/oxidoreductase:6; Oxygenase/dioxygenase:4; Regulator:2; Electron transfer/redox:2; Mobile/stress/accessory:2; CoA ligase/synthetase:1; Accessory/other:1
Exp3_MAG_42_panelcluster_11226	Exp3_MAG_42	multi_hit	MAGs/Exp3_MAG_42_c_000000000036	58678	94392	35714	11	29	aliA; mlaF; paaF; paaG; paaH; paaI; paaK; paaX; pcaF; phaY2; tomA5	Aromatics; Beta-oxidation; Catechol-ortho; Phenylacetate; Plastics; Protocatechuate; Transportation	Beta-oxidation; PHA/PHB; Phenylacetate; Protocatechuate; Toluene; Transportation	Hypothetical/accessory:10; Accessory/other:6; Dehydrogenase/oxidoreductase:3; Hydrolase/decarboxylase/lyase:3; Hydratase/dehydratase/isomerase:2; CoA ligase/synthetase:2; Regulator:1; Thiolase/transferase:1; Transport/efflux:1
GCF_000012925.1_panelcluster_13900	GCF_000012925.1	multi_hit	c_000000000001	3694115	3722692	28577	11	24	GMET_RS16560; acdA; atoA; atoB; crt; hmgL; oah; pcaI	Benzoyl-CoA; Beta-oxidation; Catechol-ortho; Cyclohexylacetate	Benzoyl-CoA; Beta-oxidation; Catechol-ortho; Cyclohexylacetate	Hypothetical/accessory:5; Thiolase/transferase:5; Dehydrogenase/oxidoreductase:3; Hydratase/dehydratase/isomerase:2; Regulator:2; Carboxylase:2; Hydrolase/decarboxylase/lyase:2; Electron transfer/redox:2; Transport/efflux:1
GCF_000475255.1_panelcluster_14147	GCF_000475255.1	multi_hit	c_000000000096	231786	244828	13042	11	14	benA; benB; benD-xylL; catA; catB; catC; catR; pcaF; pcaL; xylB; xylZ	Aromatics; Benzoate; Catechol-ortho; Protocatechuate	Benzene; Benzoate; Catechol-ortho; Protocatechuate; Toluene	Oxygenase/dioxygenase:4; Thiolase/transferase:3; Dehydrogenase/oxidoreductase:2; Hydratase/dehydratase/isomerase:2; Hydrolase/decarboxylase/lyase:1; Accessory/other:1; Regulator:1
GCF_000475295.1_panelcluster_14152	GCF_000475295.1	multi_hit	c_000000000001	147540	175753	28213	11	22	BVMO; CYP450; aliB; alkJ_adh; almA; chcAb; est; fadD; pimC/aabA; pimD	Alkanes; Beta-oxidation; Cyclohexanecarboxylate; Plastics	Auxillary alkane pathway; Beta-oxidation; Cyclohexanecarboxylate; PBAT; Subterminal oxidation; Terminal/biterminal oxidation	Dehydrogenase/oxidoreductase:7; Hypothetical/accessory:4; Regulator:3; Oxygenase/dioxygenase:3; Accessory/other:3; Electron transfer/redox:1; CoA ligase/synthetase:1
GCF_000736435.1_panelcluster_14598	GCF_000736435.1	multi_hit	c_000000000001	2479282	2539882	60600	11	56	bphC; bphD; bphJ; chcB1; chcC1; fadA; hpcG; mhpE; paaE; pimC/aabA	Aromatics; Beta-oxidation; Catechol-meta; Cyclohexanecarboxylate; Phenylacetate	Beta-oxidation; Biphenyl; Catechol-meta; Cyclohexanecarboxylate; Homoprotocatechuate; Phenylacetate	Hypothetical/accessory:18; Dehydrogenase/oxidoreductase:15; Accessory/other:8; Oxygenase/dioxygenase:5; Hydrolase/decarboxylase/lyase:3; Thiolase/transferase:2; CoA ligase/synthetase:2; Electron transfer/redox:1; Regulator:1; Hydratase/dehydratase/isomerase:1
GCF_000736435.1_panelcluster_14683	GCF_000736435.1	multi_hit	c_000000000001	6600921	6649601	48680	11	43	CHMO; aliB; atoB; bphC; chcB1; chcC2; clcA; hapE; hpaB; padAd1; xylB	Alkanes; Aromatics; Beta-oxidation; Cyclohexanecarboxylate; Hydroquinone	4-Hydroxyphenylacetate; Beta-oxidation; Biphenyl; Chlorocatechol; Cyclohexanecarboxylate; Hydroquinone; Phthalate; Terminal/biterminal oxidation; Toluene	Hypothetical/accessory:13; Oxygenase/dioxygenase:8; Dehydrogenase/oxidoreductase:7; Accessory/other:5; Hydrolase/decarboxylase/lyase:3; Regulator:3; CoA ligase/synthetase:1; Thiolase/transferase:1; Electron transfer/redox:1; Transport/efflux:1
GCF_001190925.1_panelcluster_14764	GCF_001190925.1	multi_hit	c_000000000001	2711034	2763962	52928	11	49	benD-xylL; bphC; chcAb; chcB2; crt; fadA; nidA; paaH; pydB	Aromatics; Benzoate; Beta-oxidation; Cyclohexanecarboxylate; Phenylacetate	Benzoate; Beta-oxidation; Biphenyl; Cyclohexanecarboxylate; Phenylacetate; Pyrene	Hypothetical/accessory:24; Dehydrogenase/oxidoreductase:9; Oxygenase/dioxygenase:5; Accessory/other:4; Electron transfer/redox:3; Hydratase/dehydratase/isomerase:2; Thiolase/transferase:2
GCF_001190925.1_panelcluster_14794	GCF_001190925.1	multi_hit	c_000000000001	4897425	4917191	19766	11	19	bphA; bphB; bphC; bphD; bphE; bphG; bphJ; bphX3; catR; todF; xylJ	Aromatics; Catechol-meta; Catechol-ortho	Biphenyl; Catechol-meta; Catechol-ortho; Toluene	Mobile/stress/accessory:4; Hypothetical/accessory:4; Hydrolase/decarboxylase/lyase:3; Oxygenase/dioxygenase:3; Dehydrogenase/oxidoreductase:2; Regulator:1; Hydratase/dehydratase/isomerase:1; Electron transfer/redox:1
GCF_002009335.2_panelcluster_14829	GCF_002009335.2	multi_hit	c_000000000001	2727353	2778826	51473	11	44	acdB; bamB; bamC; fadD; fadJ; paaH	Benzoyl-CoA; Beta-oxidation; Phenylacetate	Benzoyl-CoA; Beta-oxidation; Phenylacetate	Hypothetical/accessory:20; Dehydrogenase/oxidoreductase:8; Accessory/other:7; Electron transfer/redox:5; Thiolase/transferase:2; CoA ligase/synthetase:1; Hydratase/dehydratase/isomerase:1
GCF_016584445.1_panelcluster_15264	GCF_016584445.1	multi_hit	c_000000000001	4239798	4269935	30137	11	28	chcAa; chcAb; hpcC; hpcG; hpcH; paaA; paaB; paaC; paaD; paaE; xylE	Aromatics; Catechol-meta; Cyclohexanecarboxylate; Phenylacetate	Catechol-meta; Cyclohexanecarboxylate; Homoprotocatechuate; Phenylacetate	Hypothetical/accessory:9; Accessory/other:8; Dehydrogenase/oxidoreductase:4; Hydratase/dehydratase/isomerase:2; Hydrolase/decarboxylase/lyase:1; Oxygenase/dioxygenase:1; Carboxylase:1; Regulator:1; Transport/efflux:1
GCF_026428335.1_panelcluster_15500	GCF_026428335.1	multi_hit	c_000000000001	3955841	3981156	25315	11	23	alkJ_adh; alkN_mcp; hpaB; hpaC; hpcB; hpcC; hpcD; hpcE; hpcG; hpcH	Alkanes; Aromatics	4-Hydroxyphenylacetate; Auxillary alkane pathway; Homoprotocatechuate; Hydrocarbon uptake	Hypothetical/accessory:7; Oxygenase/dioxygenase:3; Transport/efflux:3; Dehydrogenase/oxidoreductase:3; Hydrolase/decarboxylase/lyase:2; Carboxylase:2; Hydratase/dehydratase/isomerase:2; Regulator:1
GCF_029269295.1_panelcluster_16100	GCF_029269295.1	multi_hit	c_000000000053	29712	57970	28258	11	26	BenA-xylX; acdB; bphE; galT; mhpD; nagF; opdK; pobB; todD; todF	Aromatics; Benzoate; Beta-oxidation; Catechol-meta; Gallate; Naphthalene; Protocatechuate; Transportation	Benzoate; Beta-oxidation; Biphenyl; Catechol-meta; Gallate; Naphthalene; Protocatechuate; Toluene; Transportation	Hypothetical/accessory:6; Dehydrogenase/oxidoreductase:5; Transport/efflux:4; Oxygenase/dioxygenase:3; Electron transfer/redox:2; Regulator:1; Hydratase/dehydratase/isomerase:1; CoA ligase/synthetase:1; Thiolase/transferase:1; Accessory/other:1; Hydrolase/decarboxylase/lyase:1
GCF_031600295.1_panelcluster_16205	GCF_031600295.1	multi_hit	c_000000000001	4243805	4273942	30137	11	28	chcAa; chcAb; hpcC; hpcG; hpcH; paaA; paaB; paaC; paaD; paaE; xylE	Aromatics; Catechol-meta; Cyclohexanecarboxylate; Phenylacetate	Catechol-meta; Cyclohexanecarboxylate; Homoprotocatechuate; Phenylacetate	Hypothetical/accessory:9; Accessory/other:8; Dehydrogenase/oxidoreductase:4; Hydratase/dehydratase/isomerase:2; Hydrolase/decarboxylase/lyase:1; Oxygenase/dioxygenase:1; Carboxylase:1; Regulator:1; Transport/efflux:1
CP063454.1_panelcluster_311	CP063454.1	multi_hit	c_000000000001	2832572	2855628	23056	10	21	aabB; aabC; aliA; fadB; opdK; paaF; paaG; pimC/aabA; sdgB; todD	Aromatics; Beta-oxidation; Cyclohexanecarboxylate; Phenylacetate; Transportation	Beta-oxidation; Cyclohexanecarboxylate; Phenylacetate; Salicylate; Toluene; Transportation	Dehydrogenase/oxidoreductase:6; Hydratase/dehydratase/isomerase:4; Hypothetical/accessory:3; Transport/efflux:2; CoA ligase/synthetase:2; Mobile/stress/accessory:2; Hydrolase/decarboxylase/lyase:1; Oxygenase/dioxygenase:1
CP063454.1_panelcluster_315	CP063454.1	multi_hit	c_000000000001	2997694	3027537	29843	10	26	bphG; catA; catR; chnE; galT; opdK; xylL; xylX; xylY; xylZ	Alkanes; Aromatics; Catechol-ortho; Gallate; Transportation	Benzene; Biphenyl; Catechol-ortho; Gallate; Terminal/biterminal oxidation; Transportation	Regulator:4; Accessory/other:4; Transport/efflux:4; Hypothetical/accessory:4; Oxygenase/dioxygenase:4; Dehydrogenase/oxidoreductase:3; Electron transfer/redox:2; Mobile/stress/accessory:1
CP063455.1_panelcluster_419	CP063455.1	multi_hit	c_000000000001	3664202	3676535	12333	10	12	paaA; paaB; paaC; paaD; paaE; paaG; paaK; paaX; paaY; paaZ	Phenylacetate	Phenylacetate	Accessory/other:7; Regulator:1; Hydratase/dehydratase/isomerase:1; CoA ligase/synthetase:1; Transport/efflux:1; Hydrolase/decarboxylase/lyase:1
CP063455.1_panelcluster_424	CP063455.1	multi_hit	c_000000000001	4073124	4096081	22957	10	17	acdB; galP; galT; nagF; nagR; opdK; pchA; pht2	Aromatics; Beta-oxidation; Gallate; Naphthalene; Transportation	Beta-oxidation; Gallate; Naphthalene; Phthalate; Toluene; Transportation	Transport/efflux:5; Dehydrogenase/oxidoreductase:5; Oxygenase/dioxygenase:1; Hypothetical/accessory:1; Carboxylase:1; Accessory/other:1; Thiolase/transferase:1; Hydratase/dehydratase/isomerase:1; Regulator:1
Exp3_MAG_121_panelcluster_1558	Exp3_MAG_121	multi_hit	MAGs/Exp3_MAG_121_c_000000000035	6680	23038	16358	10	16	alkJ_adh; linE; macA; nagR; pcaF; pcaI; pcaJ; pegC	Alkanes; Catechol-ortho; Hydroquinone; Hydroxyquinol; Naphthalene; Plastics; Protocatechuate	Auxillary alkane pathway; Catechol-ortho; Hydroquinone; Hydroxyquinol; Naphthalene; PEG; Protocatechuate	Accessory/other:4; Dehydrogenase/oxidoreductase:4; Thiolase/transferase:3; Oxygenase/dioxygenase:2; Hypothetical/accessory:2; Regulator:1
Exp3_MAG_189_panelcluster_5031	Exp3_MAG_189	multi_hit	MAGs/Exp3_MAG_189_c_000000000032	48679	63037	14358	10	13	fadJ; paaA; paaB; paaC; paaD; paaE; paaG; paaI; paaX; paaZ	Beta-oxidation; Phenylacetate	Beta-oxidation; Phenylacetate	Accessory/other:8; Hydrolase/decarboxylase/lyase:2; Dehydrogenase/oxidoreductase:1; Regulator:1; Hydratase/dehydratase/isomerase:1
Exp3_MAG_195_panelcluster_5307	Exp3_MAG_195	multi_hit	MAGs/Exp3_MAG_195_c_000000000037	196664	221869	25205	10	24	benD-xylL; chnE; est; hmgA; hpcB; hpcC; hpcE; hpcG; hpcH; mhbl	Alkanes; Aromatics; Benzoate; Gentisate; Plastics	Benzoate; Gentisate; Homogentisate; Homoprotocatechuate; PBAT; Terminal/biterminal oxidation	Hypothetical/accessory:7; Dehydrogenase/oxidoreductase:4; Accessory/other:4; Hydratase/dehydratase/isomerase:3; Oxygenase/dioxygenase:3; Hydrolase/decarboxylase/lyase:1; Carboxylase:1; Regulator:1
Exp3_MAG_232_panelcluster_6731	Exp3_MAG_232	multi_hit	MAGs/Exp3_MAG_232_c_000000000252	19534	39300	19766	10	21	ABO_2449; NFA_28320; paaA; paaB; paaC; paaD; paaE; paaI; paaK; paaX	Phenylacetate; Plastics	Nylon; PBSA/PCL/PES/PHA/PHBV/PLA; Phenylacetate	Accessory/other:8; Hypothetical/accessory:8; Dehydrogenase/oxidoreductase:2; Regulator:1; Hydrolase/decarboxylase/lyase:1; CoA ligase/synthetase:1
Exp3_MAG_248_panelcluster_7817	Exp3_MAG_248	multi_hit	MAGs/Exp3_MAG_248_c_000000000349	5499	42706	37207	10	35	AAE3; badI; chcB1; nbaA; pimC/aabA; pimD; uctC; xecE1	Alkenes; Aromatics; Beta-oxidation; Cyclohexanecarboxylate; Oxalate	2-Nitrobenzoate; Beta-oxidation; Cyclohexanecarboxylate; Oxalate; Propene	Dehydrogenase/oxidoreductase:14; Hypothetical/accessory:8; Thiolase/transferase:3; Oxygenase/dioxygenase:3; Hydratase/dehydratase/isomerase:2; CoA ligase/synthetase:2; Regulator:1; Accessory/other:1; Transport/efflux:1
Exp3_MAG_253_panelcluster_8021	Exp3_MAG_253	multi_hit	MAGs/Exp3_MAG_253_c_000000000009	101247	131701	30454	10	28	alkH_ald; alkJ_adh; hapE; hpaB; hpaC; hpcB; hpcC; hpcG; hpcH; pchA	Alkanes; Aromatics; Hydroquinone	4-Hydroxyphenylacetate; Auxillary alkane pathway; Homoprotocatechuate; Hydroquinone; Toluene	Hypothetical/accessory:6; Dehydrogenase/oxidoreductase:5; Oxygenase/dioxygenase:4; Regulator:4; Accessory/other:4; Hydratase/dehydratase/isomerase:2; Transport/efflux:1; Carboxylase:1; Hydrolase/decarboxylase/lyase:1
Exp3_MAG_264_panelcluster_8852	Exp3_MAG_264	multi_hit	MAGs/Exp3_MAG_264_c_000000000040	383	21587	21204	10	19	catR; hpcG; hpcH; nagE; nidB; pchA; phdK; pht4; pht5; pydA	Aromatics; Catechol-ortho; Naphthalene	Catechol-ortho; Homoprotocatechuate; Naphthalene; Phthalate; Pyrene; Toluene; p-Cumate	Hypothetical/accessory:7; Dehydrogenase/oxidoreductase:5; Oxygenase/dioxygenase:3; Hydratase/dehydratase/isomerase:2; Hydrolase/decarboxylase/lyase:1; Regulator:1
Exp3_MAG_278_panelcluster_9947	Exp3_MAG_278	multi_hit	MAGs/Exp3_MAG_278_c_000000000205	12750	34608	21858	10	24	ABO_2449; NFA_28320; paaA; paaB; paaC; paaD; paaE; paaI; paaK; paaX	Phenylacetate; Plastics	Nylon; PBSA/PCL/PES/PHA/PHBV/PLA; Phenylacetate	Hypothetical/accessory:10; Accessory/other:9; Oxygenase/dioxygenase:1; Dehydrogenase/oxidoreductase:1; CoA ligase/synthetase:1; Hydrolase/decarboxylase/lyase:1; Regulator:1
Exp3_MAG_290_panelcluster_10515	Exp3_MAG_290	multi_hit	MAGs/Exp3_MAG_290_c_000000000062	2976	16452	13476	10	14	acsA; paaA; paaB; paaC; paaD; paaE; paaG; paaI; paaK; paaZ	Beta-oxidation; Phenylacetate	Beta-oxidation; Phenylacetate	Accessory/other:6; Hypothetical/accessory:4; Hydratase/dehydratase/isomerase:1; CoA ligase/synthetase:1; Regulator:1; Hydrolase/decarboxylase/lyase:1
Exp3_MAG_56_panelcluster_11965	Exp3_MAG_56	multi_hit	MAGs/Exp3_MAG_56_c_000000000011	4892	15225	10333	10	11	benA; benD; catA; catB; catC; catR; galT; pcaD; xylY; xylZ	Aromatics; Catechol-ortho; Gallate; Protocatechuate	Benzene; Catechol-ortho; Gallate; Protocatechuate	Oxygenase/dioxygenase:4; Hydratase/dehydratase/isomerase:2; Transport/efflux:1; Hypothetical/accessory:1; Dehydrogenase/oxidoreductase:1; Regulator:1; Hydrolase/decarboxylase/lyase:1
GCF_000470885.1_panelcluster_14094	GCF_000470885.1	multi_hit	c_000000000001	5786122	5849633	63511	10	59	GI:23664434; alkH_ald; andAa; est; fadJ; hapE; nylA; paaG; paaJ; xylB	Alkanes; Aromatics; Beta-oxidation; Hydroquinone; Phenylacetate; Plastics	Anthranilate; Auxillary alkane pathway; Benzene; Beta-oxidation; Hydroquinone; Nylon; PBAT; Phenylacetate; Toluene	Hypothetical/accessory:28; Accessory/other:14; Dehydrogenase/oxidoreductase:6; Regulator:4; Electron transfer/redox:2; Hydrolase/decarboxylase/lyase:1; Transport/efflux:1; Thiolase/transferase:1; Hydratase/dehydratase/isomerase:1; CoA ligase/synthetase:1
GCF_000475375.1_panelcluster_14398	GCF_000475375.1	multi_hit	c_000000000022	7713	38797	31084	10	27	aabD; acdB; fadA; fadB; fadD; pegC; pimC/aabA; pimD; xecD; xylB	Alkenes; Aromatics; Beta-oxidation; Cyclohexanecarboxylate; Plastics	Beta-oxidation; Cyclohexanecarboxylate; PEG; Propene; Toluene	Dehydrogenase/oxidoreductase:10; Hypothetical/accessory:4; Accessory/other:4; Transport/efflux:2; Hydratase/dehydratase/isomerase:2; Thiolase/transferase:2; CoA ligase/synthetase:1; Carboxylase:1; Regulator:1
GCF_000475375.1_panelcluster_14406	GCF_000475375.1	multi_hit	c_000000000034	89688	137492	47804	10	40	NFA_28320; acdA; acsA; aliB; alkN_mcp; atoB; fadD; hmgL; paaF	Alkanes; Beta-oxidation; Cyclohexylacetate; Phenylacetate; Plastics	Beta-oxidation; Cyclohexylacetate; Hydrocarbon uptake; Nylon; Phenylacetate	Hypothetical/accessory:11; Accessory/other:9; Transport/efflux:5; Dehydrogenase/oxidoreductase:5; Hydratase/dehydratase/isomerase:4; Carboxylase:2; Regulator:1; Thiolase/transferase:1; Hydrolase/decarboxylase/lyase:1; CoA ligase/synthetase:1
GCF_000475395.1_panelcluster_14491	GCF_000475395.1	multi_hit	c_000000000034	505314	533361	28047	10	16	chnE; paaA; paaB; paaC; paaD; paaE; paaG; paaI; paaK; paaZ	Alkanes; Phenylacetate	Phenylacetate; Terminal/biterminal oxidation	Accessory/other:9; Hypothetical/accessory:2; Hydrolase/decarboxylase/lyase:2; Dehydrogenase/oxidoreductase:1; Hydratase/dehydratase/isomerase:1; CoA ligase/synthetase:1
GCF_000736435.1_panelcluster_14562	GCF_000736435.1	multi_hit	c_000000000001	98650	144596	45946	10	36	BVMO; acsA; alkH_ald; fadA; fadD; fadJ; mlaF; paaG; pimD	Alkanes; Beta-oxidation; Catechol-ortho; Cyclohexanecarboxylate; Phenylacetate; Transportation	Auxillary alkane pathway; Beta-oxidation; Catechol-ortho; Cyclohexanecarboxylate; Phenylacetate; Subterminal oxidation; Transportation	Dehydrogenase/oxidoreductase:10; Accessory/other:6; Hypothetical/accessory:6; CoA ligase/synthetase:2; Regulator:2; Hydrolase/decarboxylase/lyase:2; Mobile/stress/accessory:2; Hydratase/dehydratase/isomerase:2; Thiolase/transferase:2; Transport/efflux:1; Oxygenase/dioxygenase:1
GCF_001190925.1_panelcluster_14753	GCF_001190925.1	multi_hit	c_000000000001	2164808	2177524	12716	10	12	aabB; aabC; aabD; acdA; aliA; aliB; badH; badI; badK; paaY	Beta-oxidation; Cyclohexanecarboxylate; Phenylacetate	Beta-oxidation; Cyclohexanecarboxylate; Phenylacetate	Dehydrogenase/oxidoreductase:4; Hydratase/dehydratase/isomerase:3; Accessory/other:3; Thiolase/transferase:1; CoA ligase/synthetase:1
GCF_014634705.1_panelcluster_15113	GCF_014634705.1	multi_hit	c_000000000842	10178	20628	10450	10	12	bphA1; bphA2; bphA3; bphB; bphC; bphD; bphF; cmtAa; mhpD; mhpF	Aromatics; Catechol-meta	Biphenyl; Catechol-meta; p-Cumate	Oxygenase/dioxygenase:3; Dehydrogenase/oxidoreductase:3; Electron transfer/redox:2; Hypothetical/accessory:2; Hydrolase/decarboxylase/lyase:2
GCF_020886775.1_panelcluster_15286	GCF_020886775.1	multi_hit	c_000000000001	171656	206624	34968	10	28	BVMO; abmA; abmG1; hpaH; hpcE; ladA; mpdC; pchF; xylB	Alkanes; Alkenes; Aromatics	2-methylpropene; Anthranilate; Homoprotocatechuate; Subterminal oxidation; Terminal/biterminal oxidation; Toluene	Hypothetical/accessory:8; Dehydrogenase/oxidoreductase:6; Oxygenase/dioxygenase:5; Accessory/other:3; Regulator:2; Hydrolase/decarboxylase/lyase:2; Transport/efflux:1; CoA ligase/synthetase:1
GCF_026428315.1_panelcluster_15389	GCF_026428315.1	multi_hit	c_000000000001	2832572	2855628	23056	10	21	aabB; aabC; aliA; fadB; opdK; paaF; paaG; pimC/aabA; sdgB; todD	Aromatics; Beta-oxidation; Cyclohexanecarboxylate; Phenylacetate; Transportation	Beta-oxidation; Cyclohexanecarboxylate; Phenylacetate; Salicylate; Toluene; Transportation	Dehydrogenase/oxidoreductase:6; Hydratase/dehydratase/isomerase:4; Hypothetical/accessory:3; Transport/efflux:2; CoA ligase/synthetase:2; Mobile/stress/accessory:2; Hydrolase/decarboxylase/lyase:1; Oxygenase/dioxygenase:1
GCF_026428315.1_panelcluster_15393	GCF_026428315.1	multi_hit	c_000000000001	2997694	3027537	29843	10	26	bphG; catA; catR; chnE; galT; opdK; xylL; xylX; xylY; xylZ	Alkanes; Aromatics; Catechol-ortho; Gallate; Transportation	Benzene; Biphenyl; Catechol-ortho; Gallate; Terminal/biterminal oxidation; Transportation	Regulator:4; Accessory/other:4; Transport/efflux:4; Hypothetical/accessory:4; Oxygenase/dioxygenase:4; Dehydrogenase/oxidoreductase:3; Electron transfer/redox:2; Mobile/stress/accessory:1
GCF_026428335.1_panelcluster_15497	GCF_026428335.1	multi_hit	c_000000000001	3664202	3676535	12333	10	12	paaA; paaB; paaC; paaD; paaE; paaG; paaK; paaX; paaY; paaZ	Phenylacetate	Phenylacetate	Accessory/other:7; Regulator:1; Hydratase/dehydratase/isomerase:1; CoA ligase/synthetase:1; Transport/efflux:1; Hydrolase/decarboxylase/lyase:1
GCF_026428335.1_panelcluster_15502	GCF_026428335.1	multi_hit	c_000000000001	4073124	4096081	22957	10	17	acdB; galP; galT; nagF; nagR; opdK; pchA; pht2	Aromatics; Beta-oxidation; Gallate; Naphthalene; Transportation	Beta-oxidation; Gallate; Naphthalene; Phthalate; Toluene; Transportation	Transport/efflux:5; Dehydrogenase/oxidoreductase:5; Oxygenase/dioxygenase:1; Hypothetical/accessory:1; Carboxylase:1; Accessory/other:1; Thiolase/transferase:1; Hydratase/dehydratase/isomerase:1; Regulator:1
GCF_029269255.1_panelcluster_15915	GCF_029269255.1	multi_hit	c_000000000002	19578	48140	28562	10	25	galA; galB; galC; galD; galP; galR; galT; mlaF; mpdC; pht2	Alkenes; Aromatics; Gallate; Transportation	2-methylpropene; Gallate; Phthalate; Transportation	Transport/efflux:6; Hypothetical/accessory:6; Dehydrogenase/oxidoreductase:4; Accessory/other:3; Oxygenase/dioxygenase:2; Regulator:2; Hydratase/dehydratase/isomerase:1; Hydrolase/decarboxylase/lyase:1
GCF_029269255.1_panelcluster_15928	GCF_029269255.1	multi_hit	c_000000000017	42380	73521	31141	10	27	bphAd; catA; catR; chnE; galT; opdK; xylL; xylX; xylY; xylZ	Alkanes; Aromatics; Catechol-ortho; Gallate; Transportation	Benzene; Biphenyl; Catechol-ortho; Gallate; Terminal/biterminal oxidation; Transportation	Regulator:5; Accessory/other:4; Transport/efflux:4; Dehydrogenase/oxidoreductase:4; Hypothetical/accessory:4; Oxygenase/dioxygenase:4; Electron transfer/redox:1; Mobile/stress/accessory:1
GCF_040170545.1_panelcluster_16256	GCF_040170545.1	multi_hit	c_000000000071	2242	26738	24496	10	17	CYP450; alkJ_adh; galR; galT; hapE; pht3; pobB; uctC; xylB	Alkanes; Aromatics; Gallate; Hydroquinone; Oxalate; Protocatechuate	Auxillary alkane pathway; Gallate; Hydroquinone; Oxalate; Phthalate; Protocatechuate; Terminal/biterminal oxidation; Toluene	Dehydrogenase/oxidoreductase:6; Hypothetical/accessory:3; Transport/efflux:2; Oxygenase/dioxygenase:2; Accessory/other:2; Thiolase/transferase:1; Electron transfer/redox:1
GCF_041920355.1_panelcluster_16287	GCF_041920355.1	multi_hit	c_000000000020	99059	110867	11808	10	13	hapE; paaA; paaD; paaF; paaG; paaH; paaJ; paaK; paaX; paaY	Hydroquinone; Phenylacetate	Hydroquinone; Phenylacetate	Accessory/other:4; Hypothetical/accessory:2; Hydratase/dehydratase/isomerase:2; Dehydrogenase/oxidoreductase:2; CoA ligase/synthetase:1; Thiolase/transferase:1; Regulator:1
GCF_051450025.1_panelcluster_16508	GCF_051450025.1	multi_hit	c_000000000010	19578	48140	28562	10	25	galA; galB; galC; galD; galP; galR; galT; mlaF; mpdC; pht2	Alkenes; Aromatics; Gallate; Transportation	2-methylpropene; Gallate; Phthalate; Transportation	Transport/efflux:6; Hypothetical/accessory:6; Dehydrogenase/oxidoreductase:4; Accessory/other:3; Oxygenase/dioxygenase:2; Regulator:2; Hydratase/dehydratase/isomerase:1; Hydrolase/decarboxylase/lyase:1
GCF_051450025.1_panelcluster_16521	GCF_051450025.1	multi_hit	c_000000000016	42380	73521	31141	10	27	bphAd; catA; catR; chnE; galT; opdK; xylL; xylX; xylY; xylZ	Alkanes; Aromatics; Catechol-ortho; Gallate; Transportation	Benzene; Biphenyl; Catechol-ortho; Gallate; Terminal/biterminal oxidation; Transportation	Regulator:5; Accessory/other:4; Transport/efflux:4; Dehydrogenase/oxidoreductase:4; Hypothetical/accessory:4; Oxygenase/dioxygenase:4; Electron transfer/redox:1; Mobile/stress/accessory:1
GROW_115_consensus_panelcluster_16864	GROW_115_consensus	multi_hit	1	1818562	1835377	16815	10	15	pcaB; pcaC; pcaD; pcaF; pcaG; pcaH; pcaI; pcaJ; pcaK; pobA	Aromatics; Catechol-ortho; Protocatechuate; Transportation	Catechol-ortho; Protocatechuate; Toluene; Transportation	Oxygenase/dioxygenase:3; Hydratase/dehydratase/isomerase:3; Thiolase/transferase:3; Transport/efflux:2; Regulator:1; Dehydrogenase/oxidoreductase:1; Hypothetical/accessory:1; Hydrolase/decarboxylase/lyase:1
GROW_127_consensus_panelcluster_17098	GROW_127_consensus	multi_hit	1	2248690	2261236	12546	10	14	catA; catB; catC; catR; nagF; pcaD; pcaF; pcaI; pcaJ; xylB	Aromatics; Catechol-ortho; Naphthalene; Protocatechuate	Catechol-ortho; Naphthalene; Protocatechuate; Toluene	Regulator:3; Thiolase/transferase:3; Hydratase/dehydratase/isomerase:2; Hypothetical/accessory:2; Dehydrogenase/oxidoreductase:2; Oxygenase/dioxygenase:1; Hydrolase/decarboxylase/lyase:1
65.medaka_panelcluster_19	65.medaka	multi_hit	contig_18	1670437	1680268	9831	9	12	antA; catA; catB; catC; hpaC; pcaD; pcaI; pcaJ; pobB	Aromatics; Catechol-ortho; Protocatechuate	4-Hydroxyphenylacetate; Anthranilate; Catechol-ortho; Protocatechuate	Oxygenase/dioxygenase:4; Hydratase/dehydratase/isomerase:2; Thiolase/transferase:2; Dehydrogenase/oxidoreductase:2; Hydrolase/decarboxylase/lyase:1; Accessory/other:1
66.medaka_panelcluster_102	66.medaka	multi_hit	contig_8	1801289	1811120	9831	9	12	antA; catA; catB; catC; hpaC; pcaD; pcaI; pcaJ; pobB	Aromatics; Catechol-ortho; Protocatechuate	4-Hydroxyphenylacetate; Anthranilate; Catechol-ortho; Protocatechuate	Oxygenase/dioxygenase:4; Dehydrogenase/oxidoreductase:2; Thiolase/transferase:2; Hydratase/dehydratase/isomerase:2; Accessory/other:1; Hydrolase/decarboxylase/lyase:1
68A.medaka_panelcluster_156	68A.medaka	multi_hit	contig_1	3800424	3810255	9831	9	12	antA; catA; catB; catC; hpaC; pcaD; pcaI; pcaJ; pobB	Aromatics; Catechol-ortho; Protocatechuate	4-Hydroxyphenylacetate; Anthranilate; Catechol-ortho; Protocatechuate	Oxygenase/dioxygenase:4; Hydratase/dehydratase/isomerase:2; Thiolase/transferase:2; Dehydrogenase/oxidoreductase:2; Hydrolase/decarboxylase/lyase:1; Accessory/other:1
Exp3_MAG_104_panelcluster_681	Exp3_MAG_104	multi_hit	MAGs/Exp3_MAG_104_c_000000000032	53109	62163	9054	9	9	paaA; paaB; paaC; paaD; paaE; paaH; paaI; paaK; paaZ	Phenylacetate	Phenylacetate	Accessory/other:5; Hydrolase/decarboxylase/lyase:2; Dehydrogenase/oxidoreductase:1; CoA ligase/synthetase:1
Exp3_MAG_129_panelcluster_2020	Exp3_MAG_129	multi_hit	MAGs/Exp3_MAG_129_c_000000000572	14799	40933	26134	9	25	badH; bphD; bphF; catR; galC; mhpD; mhpF; nagR; pcaK	Aromatics; Beta-oxidation; Catechol-meta; Catechol-ortho; Gallate; Naphthalene; Transportation	Beta-oxidation; Biphenyl; Catechol-meta; Catechol-ortho; Gallate; Naphthalene; Transportation	Accessory/other:7; Dehydrogenase/oxidoreductase:4; Hypothetical/accessory:4; Hydrolase/decarboxylase/lyase:3; Transport/efflux:3; Hydratase/dehydratase/isomerase:2; Regulator:2
Exp3_MAG_147_panelcluster_3069	Exp3_MAG_147	multi_hit	MAGs/Exp3_MAG_147_c_000000000018	182270	212829	30559	9	29	atoB; cmtB; frc; mhbD; mhbH; mhbl; oxc; oxlT	Aromatics; Beta-oxidation; Gentisate; Oxalate	Beta-oxidation; Gentisate; Oxalate; p-Cumate	Hypothetical/accessory:11; Accessory/other:6; Dehydrogenase/oxidoreductase:4; Thiolase/transferase:2; Regulator:2; Carboxylase:1; Hydratase/dehydratase/isomerase:1; Oxygenase/dioxygenase:1; Hydrolase/decarboxylase/lyase:1
Exp3_MAG_150_panelcluster_3299	Exp3_MAG_150	multi_hit	MAGs/Exp3_MAG_150_c_000000000471	70	9137	9067	9	11	todF; tomA1; tomA2; tomA3; tomA4; tomA5; xylE; xylG; xylJ	Aromatics; Catechol-meta	Catechol-meta; Toluene	Oxygenase/dioxygenase:4; Hypothetical/accessory:3; Accessory/other:1; Dehydrogenase/oxidoreductase:1; Hydrolase/decarboxylase/lyase:1; Hydratase/dehydratase/isomerase:1
Exp3_MAG_154_panelcluster_3577	Exp3_MAG_154	multi_hit	MAGs/Exp3_MAG_154_c_000000000263	8441	16738	8297	9	10	nagR; pcaB; pcaC; pcaD; pcaF; pcaG; pcaH; pcaI; pcaJ	Catechol-ortho; Naphthalene; Protocatechuate	Catechol-ortho; Naphthalene; Protocatechuate	Thiolase/transferase:3; Oxygenase/dioxygenase:2; Regulator:1; Accessory/other:1; Hydratase/dehydratase/isomerase:1; Hydrolase/decarboxylase/lyase:1; Hypothetical/accessory:1
Exp3_MAG_162_panelcluster_3896	Exp3_MAG_162	multi_hit	MAGs/Exp3_MAG_162_c_000000000066	1233	8431	7198	9	9	paaA; paaB; paaC; paaD; paaE; paaG; paaI; paaK; paaY	Phenylacetate	Phenylacetate	Accessory/other:6; CoA ligase/synthetase:1; Hydrolase/decarboxylase/lyase:1; Hydratase/dehydratase/isomerase:1
Exp3_MAG_170_panelcluster_4291	Exp3_MAG_170	multi_hit	MAGs/Exp3_MAG_170_c_000000000006	63710	72536	8826	9	10	paaA; paaB; paaC; paaD; paaE; paaG; paaI; paaK; paaZ	Phenylacetate	Phenylacetate	Accessory/other:5; Hydrolase/decarboxylase/lyase:2; Hydratase/dehydratase/isomerase:1; CoA ligase/synthetase:1; Regulator:1
Exp3_MAG_197_panelcluster_5392	Exp3_MAG_197	multi_hit	MAGs/Exp3_MAG_197_c_000000000006	30733	43549	12816	9	14	hpaH; hpcC; hpcE; paaA; paaC; paaD; paaK; paaZ; xylE	Aromatics; Catechol-meta; Phenylacetate	Anthranilate; Catechol-meta; Homoprotocatechuate; Phenylacetate	Oxygenase/dioxygenase:3; Hydrolase/decarboxylase/lyase:3; Accessory/other:3; Carboxylase:1; Dehydrogenase/oxidoreductase:1; Transport/efflux:1; CoA ligase/synthetase:1; Hypothetical/accessory:1
Exp3_MAG_210_panelcluster_5887	Exp3_MAG_210	multi_hit	MAGs/Exp3_MAG_210_c_000000000048	6936	34663	27727	9	27	amnC; athL; bthL; chcB2; est; mhpD; mhpF; xylI; xylK	Aromatics; Catechol-meta; Cyclohexanecarboxylate; Plastics; Pyrogallol	2-Aminophenol; Catechol-meta; Cyclohexanecarboxylate; PLA; Pyrogallol	Hypothetical/accessory:13; Dehydrogenase/oxidoreductase:5; Accessory/other:3; Hydrolase/decarboxylase/lyase:2; Carboxylase:1; Oxygenase/dioxygenase:1; Transport/efflux:1; Regulator:1
Exp3_MAG_237_panelcluster_6985	Exp3_MAG_237	multi_hit	MAGs/Exp3_MAG_237_c_000000000037	7942	33844	25902	9	22	alkH_ald; alkJ_adh; galT; hpcH; mpdC; nahW; pimC/aabA; pimD	Alkanes; Alkenes; Aromatics; Cyclohexanecarboxylate; Gallate	2-methylpropene; Auxillary alkane pathway; Cyclohexanecarboxylate; Gallate; Homoprotocatechuate; Salicylate	Hypothetical/accessory:8; Dehydrogenase/oxidoreductase:5; Transport/efflux:3; Hydrolase/decarboxylase/lyase:2; Oxygenase/dioxygenase:1; Hydratase/dehydratase/isomerase:1; CoA ligase/synthetase:1; Accessory/other:1
Exp3_MAG_272_panelcluster_9549	Exp3_MAG_272	multi_hit	MAGs/Exp3_MAG_272_c_000000000187	10655	35837	25182	9	23	BVMO; acdA; aliB; badH; badI; badK; benD; est; xylB	Alkanes; Aromatics; Benzoate; Beta-oxidation; Cyclohexanecarboxylate; Plastics	Benzoate; Beta-oxidation; Cyclohexanecarboxylate; PBAT; Subterminal oxidation; Toluene	Dehydrogenase/oxidoreductase:5; Hypothetical/accessory:5; Oxygenase/dioxygenase:3; Hydrolase/decarboxylase/lyase:2; Accessory/other:2; Transport/efflux:2; Hydratase/dehydratase/isomerase:2; CoA ligase/synthetase:1; Regulator:1
Exp3_MAG_281_panelcluster_10139	Exp3_MAG_281	multi_hit	MAGs/Exp3_MAG_281_c_000000000005	34230	79696	45466	9	44	bphAa; bphAb; chcB1; chcB2; crt; paaG; paaH; pcaF; pimC/aabA	Aromatics; Beta-oxidation; Catechol-ortho; Cyclohexanecarboxylate; Phenylacetate; Protocatechuate	Beta-oxidation; Biphenyl; Cyclohexanecarboxylate; Phenylacetate; Protocatechuate	Dehydrogenase/oxidoreductase:13; Hypothetical/accessory:11; Transport/efflux:7; Accessory/other:4; Hydratase/dehydratase/isomerase:3; Oxygenase/dioxygenase:3; Thiolase/transferase:1; Electron transfer/redox:1; CoA ligase/synthetase:1
Exp3_MAG_39_panelcluster_11049	Exp3_MAG_39	multi_hit	MAGs/Exp3_MAG_39_c_000000000341	16813	26507	9694	9	11	isoA; isoB; isoC; isoD; isoE; isoF; isoH; isoI; uctC	Alkenes; Oxalate	Isoprene; Oxalate	Oxygenase/dioxygenase:4; Electron transfer/redox:2; Dehydrogenase/oxidoreductase:2; Hypothetical/accessory:2; Thiolase/transferase:1
Exp3_MAG_56_panelcluster_12010	Exp3_MAG_56	multi_hit	MAGs/Exp3_MAG_56_c_000000000086	5106	32809	27703	9	21	NFA_28320; catR; chcB2; galA; galC; galD; galR; galT; xecD	Alkenes; Catechol-ortho; Cyclohexanecarboxylate; Gallate; Plastics	Catechol-ortho; Cyclohexanecarboxylate; Gallate; Nylon; Propene	Hypothetical/accessory:5; Transport/efflux:5; Regulator:3; Accessory/other:3; Dehydrogenase/oxidoreductase:2; Oxygenase/dioxygenase:1; Hydratase/dehydratase/isomerase:1; Hydrolase/decarboxylase/lyase:1
Exp3_MAG_59_panelcluster_12142	Exp3_MAG_59	multi_hit	MAGs/Exp3_MAG_59_c_000000000004	2815	10271	7456	9	9	paaA; paaB; paaC; paaD; paaE; paaG; paaI; paaK; paaY	Phenylacetate	Phenylacetate	Accessory/other:6; CoA ligase/synthetase:1; Hydrolase/decarboxylase/lyase:1; Hydratase/dehydratase/isomerase:1
Exp3_MAG_66_panelcluster_12442	Exp3_MAG_66	multi_hit	MAGs/Exp3_MAG_66_c_000000000034	77650	91541	13891	9	13	paaA; paaB; paaC; paaD; paaG; paaH; paaJ; paaY; paaZ	Phenylacetate	Phenylacetate	Accessory/other:7; Hydrolase/decarboxylase/lyase:2; Thiolase/transferase:1; Dehydrogenase/oxidoreductase:1; Hydratase/dehydratase/isomerase:1; Hypothetical/accessory:1
GCF_000012925.1_panelcluster_13886	GCF_000012925.1	multi_hit	c_000000000001	2306454	2350774	44320	9	34	GMET_RS16560; atoB; bamB; bamC; chcB2; crt; oah; paaH; paaJ	Benzoyl-CoA; Beta-oxidation; Cyclohexanecarboxylate; Phenylacetate	Benzoyl-CoA; Beta-oxidation; Cyclohexanecarboxylate; Phenylacetate	Dehydrogenase/oxidoreductase:8; Hypothetical/accessory:6; Accessory/other:4; Thiolase/transferase:3; Electron transfer/redox:3; Regulator:2; Hydratase/dehydratase/isomerase:2; Hydrolase/decarboxylase/lyase:2; CoA ligase/synthetase:2; Transport/efflux:1; Mobile/stress/accessory:1
GCF_000267545.1_panelcluster_13958	GCF_000267545.1	multi_hit	c_000000000001	1971889	1982368	10479	9	10	catA; catB; catC; galT; opdK; xylL; xylX; xylY; xylZ	Aromatics; Catechol-ortho; Gallate; Transportation	Benzene; Catechol-ortho; Gallate; Transportation	Oxygenase/dioxygenase:3; Transport/efflux:3; Hypothetical/accessory:2; Dehydrogenase/oxidoreductase:1; Hydratase/dehydratase/isomerase:1
GCF_000475255.1_panelcluster_14133	GCF_000475255.1	multi_hit	c_000000000052	96190	147440	51250	9	39	NFA_28320; acdA; aliA; aliB; atoB; hmgL; paaF	Beta-oxidation; Cyclohexylacetate; Phenylacetate; Plastics	Beta-oxidation; Cyclohexylacetate; Nylon; Phenylacetate	Hypothetical/accessory:11; Accessory/other:10; Dehydrogenase/oxidoreductase:6; Hydratase/dehydratase/isomerase:4; Thiolase/transferase:2; Carboxylase:2; CoA ligase/synthetase:1; Regulator:1; Transport/efflux:1; Hydrolase/decarboxylase/lyase:1
GCF_000475335.1_panelcluster_14306	GCF_000475335.1	multi_hit	c_000000000080	128	18886	18758	9	18	nahW; pcaB; pcaC; pcaD; pcaF; pcaG; pcaH; pcaJ; pcaK	Aromatics; Catechol-ortho; Protocatechuate; Transportation	Catechol-ortho; Protocatechuate; Salicylate; Transportation	Transport/efflux:4; Hydratase/dehydratase/isomerase:3; Oxygenase/dioxygenase:3; Thiolase/transferase:2; Hydrolase/decarboxylase/lyase:2; Hypothetical/accessory:2; Dehydrogenase/oxidoreductase:1; Accessory/other:1
GCF_000475355.1_panelcluster_14322	GCF_000475355.1	multi_hit	c_000000000013	98706	132990	34284	9	30	BVMO; ahpC; ahpF; alkJ_adh; alkN_mcp; almA; fadE; mpdC; ompW	Alkanes; Alkenes; Beta-oxidation; Transportation	2-methylpropene; Auxillary alkane pathway; Beta-oxidation; Finnerty pathway; Hydrocarbon uptake; Subterminal oxidation; Terminal/biterminal oxidation; Transportation	Hypothetical/accessory:11; Accessory/other:7; Dehydrogenase/oxidoreductase:6; Regulator:3; Oxygenase/dioxygenase:2; Hydrolase/decarboxylase/lyase:1
GCF_000475375.1_panelcluster_14377	GCF_000475375.1	multi_hit	c_000000000008	79114	92734	13620	9	10	alkB; alkH_ald; alkJ_adh; alkL; alkS; chcAb; rdx	Alkanes; Cyclohexanecarboxylate	Auxillary alkane pathway; Cyclohexanecarboxylate; Hydrocarbon uptake; Terminal/biterminal oxidation	Dehydrogenase/oxidoreductase:3; Oxygenase/dioxygenase:2; Hypothetical/accessory:2; Regulator:1; Electron transfer/redox:1; CoA ligase/synthetase:1
GCF_000475375.1_panelcluster_14393	GCF_000475375.1	multi_hit	c_000000000017	98784	135685	36901	9	32	BVMO; ahpC; ahpF; alkJ_adh; alkN_mcp; almA; amnC; fadE; ompW	Alkanes; Aromatics; Beta-oxidation; Transportation	2-Aminophenol; Auxillary alkane pathway; Beta-oxidation; Finnerty pathway; Hydrocarbon uptake; Subterminal oxidation; Terminal/biterminal oxidation; Transportation	Hypothetical/accessory:13; Accessory/other:7; Dehydrogenase/oxidoreductase:6; Regulator:3; Oxygenase/dioxygenase:2; Hydrolase/decarboxylase/lyase:1
GCF_000736435.1_panelcluster_14669	GCF_000736435.1	multi_hit	c_000000000001	5862388	5919181	56793	9	45	acsA; chcB1; chcB2; nylB; paaK; pegC; uctC; xylB	Aromatics; Beta-oxidation; Cyclohexanecarboxylate; Oxalate; Phenylacetate; Plastics	Beta-oxidation; Cyclohexanecarboxylate; Nylon; Oxalate; PEG; Phenylacetate; Toluene	Hypothetical/accessory:14; Dehydrogenase/oxidoreductase:9; Accessory/other:7; Hydrolase/decarboxylase/lyase:4; Regulator:4; Carboxylase:2; Hydratase/dehydratase/isomerase:2; Thiolase/transferase:1; CoA ligase/synthetase:1; Transport/efflux:1
GCF_000736435.1_panelcluster_14679	GCF_000736435.1	multi_hit	c_000000000001	6413701	6446286	32585	9	33	aliB; cmtAb; cmtAc; cmtB; fadK; mlaF; padAd1; pegC; xylB	Aromatics; Beta-oxidation; Plastics; Transportation	Beta-oxidation; PEG; Phthalate; Toluene; Transportation; p-Cumate	Hypothetical/accessory:14; Dehydrogenase/oxidoreductase:6; Oxygenase/dioxygenase:3; Accessory/other:3; Transport/efflux:3; Electron transfer/redox:1; Hydrolase/decarboxylase/lyase:1; Carboxylase:1; CoA ligase/synthetase:1
GCF_001190925.1_panelcluster_14733	GCF_001190925.1	multi_hit	c_000000000001	412324	420501	8177	9	9	paaA; paaB; paaC; paaD; paaE; paaG; paaH; paaI; paaK	Phenylacetate	Phenylacetate	Accessory/other:5; Hydratase/dehydratase/isomerase:1; Dehydrogenase/oxidoreductase:1; Hydrolase/decarboxylase/lyase:1; CoA ligase/synthetase:1
GCF_001190925.1_panelcluster_14746	GCF_001190925.1	multi_hit	c_000000000001	1707706	1744782	37076	9	36	alkH_ald; badI; bphJ; bphX3; echA1; paaG; pimC/aabA; pimD; xylJ	Alkanes; Aromatics; Beta-oxidation; Catechol-meta; Cyclohexanecarboxylate; Phenylacetate	Auxillary alkane pathway; Beta-oxidation; Biphenyl; Catechol-meta; Cyclohexanecarboxylate; Phenylacetate	Hypothetical/accessory:12; Dehydrogenase/oxidoreductase:9; Thiolase/transferase:6; Hydratase/dehydratase/isomerase:4; Oxygenase/dioxygenase:2; Transport/efflux:2; Hydrolase/decarboxylase/lyase:1
GCF_001190925.1_panelcluster_14765	GCF_001190925.1	multi_hit	c_000000000001	2793073	2818973	25900	9	22	GMET_RS16560; aliB; badH; badI; echA1; fadB; paaG; pimC/aabA	Beta-oxidation; Cyclohexanecarboxylate; Phenylacetate	Beta-oxidation; Cyclohexanecarboxylate; Phenylacetate	Dehydrogenase/oxidoreductase:9; Hydratase/dehydratase/isomerase:5; Hypothetical/accessory:5; CoA ligase/synthetase:1; Thiolase/transferase:1; Accessory/other:1
GCF_029269225.1_panelcluster_15889	GCF_029269225.1	multi_hit	c_000000000071	125559	155844	30285	9	25	benC; bphC; bphD; carAa; mhpD; mhpF; todF; xecE1; xylK	Alkenes; Aromatics; Benzoate; Catechol-meta	Benzene; Biphenyl; Carbazol; Catechol-meta; Propene; Toluene	Hypothetical/accessory:9; Oxygenase/dioxygenase:5; Hydrolase/decarboxylase/lyase:4; Dehydrogenase/oxidoreductase:3; Accessory/other:2; Regulator:1; Hydratase/dehydratase/isomerase:1
GCF_040170545.1_panelcluster_16264	GCF_040170545.1	multi_hit	c_000000000086	1226	25236	24010	9	23	amnC; badI; chqB; galT; hpcG; hpcH; macA; pcaD; pchA	Aromatics; Beta-oxidation; Catechol-ortho; Gallate; Hydroxyquinol; Protocatechuate	2-Aminophenol; Beta-oxidation; Gallate; Homoprotocatechuate; Hydroxyquinol; Protocatechuate; Toluene	Hypothetical/accessory:7; Dehydrogenase/oxidoreductase:5; Oxygenase/dioxygenase:3; Hydrolase/decarboxylase/lyase:2; Hydratase/dehydratase/isomerase:2; Transport/efflux:2; Regulator:1; Accessory/other:1
GROW_101_consensus_panelcluster_16609	GROW_101_consensus	multi_hit	1	2441405	2462337	20932	9	21	chnA; hpcB; hpcC; hpcD; hpcE; hpcG; hpcH; ladA; opdK	Alkanes; Aromatics; Transportation	Homoprotocatechuate; Terminal/biterminal oxidation; Transportation	Dehydrogenase/oxidoreductase:4; Accessory/other:3; Regulator:3; Hypothetical/accessory:2; Hydratase/dehydratase/isomerase:2; Transport/efflux:2; Oxygenase/dioxygenase:2; Carboxylase:2; Hydrolase/decarboxylase/lyase:1
GROW_105_consensus_panelcluster_16738	GROW_105_consensus	multi_hit	1	3600561	3633235	32674	9	27	benC; bphD; carAa; mhpD; mhpF; pobB; xylB; xylK	Aromatics; Catechol-meta; Protocatechuate	Benzene; Biphenyl; Carbazol; Catechol-meta; Protocatechuate; Toluene	Hypothetical/accessory:7; Dehydrogenase/oxidoreductase:6; Accessory/other:5; Oxygenase/dioxygenase:3; Hydrolase/decarboxylase/lyase:3; Electron transfer/redox:1; Regulator:1; Hydratase/dehydratase/isomerase:1
GROW_115_consensus_panelcluster_16847	GROW_115_consensus	multi_hit	1	387200	400842	13642	9	13	bedC2; bphAa; bphB; bphJ; bphX3; catR; cmtAa; mhpD; todF	Aromatics; Catechol-meta; Catechol-ortho	Benzene; Biphenyl; Catechol-meta; Catechol-ortho; Toluene; p-Cumate	Oxygenase/dioxygenase:3; Dehydrogenase/oxidoreductase:2; Hydrolase/decarboxylase/lyase:2; Electron transfer/redox:2; Hydratase/dehydratase/isomerase:1; Transport/efflux:1; Hypothetical/accessory:1; Regulator:1
GROW_123_consensus_panelcluster_16980	GROW_123_consensus	multi_hit	1	2725010	2758303	33293	9	29	bphG; catR; galT; opdK; xylC; xylL; xylX; xylY; xylZ	Aromatics; Catechol-ortho; Gallate; Transportation	Benzene; Biphenyl; Catechol-ortho; Gallate; Toluene; Transportation	Hypothetical/accessory:10; Dehydrogenase/oxidoreductase:4; Transport/efflux:4; Accessory/other:4; Oxygenase/dioxygenase:3; Regulator:3; Electron transfer/redox:1
GROW_127_consensus_panelcluster_17091	GROW_127_consensus	multi_hit	1	1828174	1836230	8056	9	9	galT; pcaB; pcaC; pcaD; pcaF; pcaG; pcaH; pcaI; pcaJ	Catechol-ortho; Gallate; Protocatechuate	Catechol-ortho; Gallate; Protocatechuate	Thiolase/transferase:3; Oxygenase/dioxygenase:2; Transport/efflux:1; Hydratase/dehydratase/isomerase:1; Hydrolase/decarboxylase/lyase:1; Hypothetical/accessory:1
GROW_67_consensus_panelcluster_17309	GROW_67_consensus	multi_hit	1	2899253	2918510	19257	9	19	BenA-xylX; bphE; mhpD; mhpF; opdK; todD; todF; tphA1I; xylK	Aromatics; Benzoate; Catechol-meta; Transportation	Benzoate; Biphenyl; Catechol-meta; Terephthalate; Toluene; Transportation	Hypothetical/accessory:5; Dehydrogenase/oxidoreductase:4; Oxygenase/dioxygenase:3; Transport/efflux:2; Hydrolase/decarboxylase/lyase:2; Accessory/other:1; Electron transfer/redox:1; CoA ligase/synthetase:1
GROW_67_consensus_panelcluster_17351	GROW_67_consensus	multi_hit	1	5797832	5828115	30283	9	27	benC; bphC; bphD; carAa; mhpD; mhpF; todF; xecE1; xylK	Alkenes; Aromatics; Benzoate; Catechol-meta	Benzene; Biphenyl; Carbazol; Catechol-meta; Propene; Toluene	Hypothetical/accessory:11; Oxygenase/dioxygenase:5; Hydrolase/decarboxylase/lyase:4; Dehydrogenase/oxidoreductase:3; Accessory/other:2; Regulator:1; Hydratase/dehydratase/isomerase:1
GROW_68_consensus_panelcluster_17416	GROW_68_consensus	multi_hit	1	2998921	3018176	19255	9	19	BenA-xylX; bphE; mhpD; mhpF; opdK; todD; todF; tphA1I; xylK	Aromatics; Benzoate; Catechol-meta; Transportation	Benzoate; Biphenyl; Catechol-meta; Terephthalate; Toluene; Transportation	Hypothetical/accessory:5; Dehydrogenase/oxidoreductase:4; Oxygenase/dioxygenase:3; Transport/efflux:2; Hydrolase/decarboxylase/lyase:2; Accessory/other:1; Electron transfer/redox:1; CoA ligase/synthetase:1
GROW_68_consensus_panelcluster_17458	GROW_68_consensus	multi_hit	1	5769335	5799620	30285	9	25	benC; bphC; bphD; carAa; mhpD; mhpF; todF; xecE1; xylK	Alkenes; Aromatics; Benzoate; Catechol-meta	Benzene; Biphenyl; Carbazol; Catechol-meta; Propene; Toluene	Hypothetical/accessory:9; Oxygenase/dioxygenase:5; Hydrolase/decarboxylase/lyase:4; Dehydrogenase/oxidoreductase:3; Accessory/other:2; Regulator:1; Hydratase/dehydratase/isomerase:1
GROW_76_consensus_panelcluster_17727	GROW_76_consensus	multi_hit	1	1991869	2001700	9831	9	12	antA; catA; catB; catC; hpaC; pcaD; pcaI; pcaJ; pobB	Aromatics; Catechol-ortho; Protocatechuate	4-Hydroxyphenylacetate; Anthranilate; Catechol-ortho; Protocatechuate	Oxygenase/dioxygenase:4; Dehydrogenase/oxidoreductase:2; Thiolase/transferase:2; Hydratase/dehydratase/isomerase:2; Accessory/other:1; Hydrolase/decarboxylase/lyase:1
CP063455.1_panelcluster_385	CP063455.1	multi_hit	c_000000000001	1655766	1666958	11192	8	11	galP; pcaB; pcaC; pcaD; pcaF; pcaG; pcaH; pcaK	Catechol-ortho; Gallate; Protocatechuate; Transportation	Gallate; Protocatechuate; Transportation	Transport/efflux:3; Thiolase/transferase:3; Oxygenase/dioxygenase:2; Hydratase/dehydratase/isomerase:1; Hydrolase/decarboxylase/lyase:1; Hypothetical/accessory:1
CP063455.1_panelcluster_401	CP063455.1	multi_hit	c_000000000001	2700279	2710213	9934	8	10	amnC; amnD; mhpD; mhpF; opdK; pcaK; xylI; xylK	Aromatics; Catechol-meta; Transportation	2-Aminophenol; Catechol-meta; Transportation	Dehydrogenase/oxidoreductase:4; Transport/efflux:2; Hypothetical/accessory:1; Oxygenase/dioxygenase:1; Carboxylase:1; Hydrolase/decarboxylase/lyase:1
CP063455.1_panelcluster_430	CP063455.1	multi_hit	c_000000000001	4517800	4526535	8735	8	9	catA; catB; catC; catR; xylL; xylX; xylY; xylZ	Aromatics; Catechol-ortho	Benzene; Catechol-ortho	Oxygenase/dioxygenase:4; Regulator:2; Hydratase/dehydratase/isomerase:2; Dehydrogenase/oxidoreductase:1
Exp3_MAG_121_panelcluster_1535	Exp3_MAG_121	multi_hit	MAGs/Exp3_MAG_121_c_000000000013	1522	35587	34065	8	32	AAE3; crt; fadK; galT; paaG; pimC/aabA; pnbA	Beta-oxidation; Cyclohexanecarboxylate; Gallate; Oxalate; Phenylacetate; Plastics	Beta-oxidation; Cyclohexanecarboxylate; Gallate; Oxalate; PET; Phenylacetate	Hypothetical/accessory:16; Dehydrogenase/oxidoreductase:7; Hydratase/dehydratase/isomerase:3; CoA ligase/synthetase:2; Transport/efflux:2; Regulator:1; Accessory/other:1
Exp3_MAG_121_panelcluster_1559	Exp3_MAG_121	multi_hit	MAGs/Exp3_MAG_121_c_000000000035	39643	66577	26934	8	25	ISF6_0224; chnE; chqB; galT; hapE; hpcH; macA	Alkanes; Aromatics; Gallate; Hydroquinone; Hydroxyquinol; Plastics	Gallate; Homoprotocatechuate; Hydroquinone; Hydroxyquinol; PET; Terminal/biterminal oxidation	Hypothetical/accessory:10; Transport/efflux:5; Dehydrogenase/oxidoreductase:4; Hydrolase/decarboxylase/lyase:2; Accessory/other:2; Carboxylase:1; Oxygenase/dioxygenase:1
Exp3_MAG_129_panelcluster_1952	Exp3_MAG_129	multi_hit	MAGs/Exp3_MAG_129_c_000000000224	3092	19181	16089	8	17	benA; catA; catB; catC; catR; hpaC; nagR; pobB	Aromatics; Catechol-ortho; Naphthalene; Protocatechuate	4-Hydroxyphenylacetate; Benzene; Catechol-ortho; Naphthalene; Protocatechuate	Accessory/other:5; Oxygenase/dioxygenase:4; Hypothetical/accessory:3; Dehydrogenase/oxidoreductase:2; Hydratase/dehydratase/isomerase:2; Regulator:1
Exp3_MAG_13_panelcluster_2081	Exp3_MAG_13	multi_hit	MAGs/Exp3_MAG_13_c_000000000024	5618	43393	37775	8	27	CYP450; ISF6_0224; alkH_ald; chnE; echA1; galT; xylB	Alkanes; Aromatics; Beta-oxidation; Gallate; Plastics	Auxillary alkane pathway; Beta-oxidation; Gallate; PET; Terminal/biterminal oxidation; Toluene	Dehydrogenase/oxidoreductase:6; Hypothetical/accessory:5; Transport/efflux:4; Regulator:4; Accessory/other:2; Hydrolase/decarboxylase/lyase:2; Thiolase/transferase:1; Hydratase/dehydratase/isomerase:1; CoA ligase/synthetase:1; Oxygenase/dioxygenase:1
Exp3_MAG_13_panelcluster_2093	Exp3_MAG_13	multi_hit	MAGs/Exp3_MAG_13_c_000000000035	44196	55267	11071	8	13	atoA; benA; benB; chqB; hapE; macA; pcaF; pcaI	Aromatics; Benzoate; Catechol-ortho; Cyclohexylacetate; Hydroquinone; Hydroxyquinol; Protocatechuate	Benzene; Catechol-ortho; Protocatechuate; Cyclohexylacetate; Hydroquinone; Hydroxyquinol; Protocatechuate	Hypothetical/accessory:4; Oxygenase/dioxygenase:3; Thiolase/transferase:3; Dehydrogenase/oxidoreductase:3
Exp3_MAG_162_panelcluster_3892	Exp3_MAG_162	multi_hit	MAGs/Exp3_MAG_162_c_000000000062	10717	23360	12643	8	13	aliA; aliB; badH; badI; badK; chcB2; chcC2; xecE1	Alkenes; Beta-oxidation; Cyclohexanecarboxylate	Beta-oxidation; Cyclohexanecarboxylate; Propene	Dehydrogenase/oxidoreductase:6; Hypothetical/accessory:3; Hydratase/dehydratase/isomerase:2; CoA ligase/synthetase:1; Regulator:1
Exp3_MAG_169_panelcluster_4222	Exp3_MAG_169	multi_hit	MAGs/Exp3_MAG_169_c_000000000020	26298	35160	8862	8	11	crt; paaA; paaB; paaC; paaD; paaE; paaH; paaZ	Beta-oxidation; Phenylacetate	Beta-oxidation; Phenylacetate	Accessory/other:5; Hydrolase/decarboxylase/lyase:3; Hydratase/dehydratase/isomerase:1; Dehydrogenase/oxidoreductase:1; Regulator:1
Exp3_MAG_236_panelcluster_6939	Exp3_MAG_236	multi_hit	MAGs/Exp3_MAG_236_c_000000000356	2573	11842	9269	8	11	tomA1; tomA2; tomA3; tomA4; tomA5; xylE; xylG; xylJ	Aromatics; Catechol-meta	Catechol-meta; Toluene	Oxygenase/dioxygenase:4; Hypothetical/accessory:2; Electron transfer/redox:1; Regulator:1; Accessory/other:1; Dehydrogenase/oxidoreductase:1; Hydratase/dehydratase/isomerase:1
Exp3_MAG_241_panelcluster_7269	Exp3_MAG_241	multi_hit	MAGs/Exp3_MAG_241_c_000000000061	4115	17495	13380	8	14	galT; pcaB; pcaC; pcaD; pcaG; pcaH; pobA; xylC	Aromatics; Catechol-ortho; Gallate; Protocatechuate	Gallate; Protocatechuate; Toluene	Hypothetical/accessory:7; Oxygenase/dioxygenase:3; Hydrolase/decarboxylase/lyase:1; Hydratase/dehydratase/isomerase:1; Dehydrogenase/oxidoreductase:1; Transport/efflux:1
Exp3_MAG_245_panelcluster_7579	Exp3_MAG_245	multi_hit	MAGs/Exp3_MAG_245_c_000000000234	3246	9715	6469	8	8	paaA; paaB; paaC; paaD; paaE; paaI; paaK; paaX	Phenylacetate	Phenylacetate	Accessory/other:5; CoA ligase/synthetase:1; Hydrolase/decarboxylase/lyase:1; Regulator:1
Exp3_MAG_262_panelcluster_8646	Exp3_MAG_262	multi_hit	MAGs/Exp3_MAG_262_c_000000000030	69947	98453	28506	8	24	alkJ_adh; chnD; chqB; fadD; macA; pcaI; pcaJ; pegC	Alkanes; Beta-oxidation; Catechol-ortho; Hydroxyquinol; Plastics	Auxillary alkane pathway; Beta-oxidation; Catechol-ortho; Hydroxyquinol; PEG; Terminal/biterminal oxidation	Dehydrogenase/oxidoreductase:8; Hypothetical/accessory:7; Thiolase/transferase:3; Accessory/other:2; CoA ligase/synthetase:1; Transport/efflux:1; Oxygenase/dioxygenase:1; Hydratase/dehydratase/isomerase:1
Exp3_MAG_262_panelcluster_8680	Exp3_MAG_262	multi_hit	MAGs/Exp3_MAG_262_c_000000000050	78185	96190	18005	8	17	GI:23664434; boxB; boxC; mhbD; nagG; nagH; nagR; nahW	Aromatics; Gentisate; Naphthalene	Benzene; Gentisate; Naphthalene; Salicylate	Oxygenase/dioxygenase:5; Hypothetical/accessory:3; Accessory/other:3; Regulator:3; Dehydrogenase/oxidoreductase:1; Hydrolase/decarboxylase/lyase:1; CoA ligase/synthetase:1
Exp3_MAG_262_panelcluster_8706	Exp3_MAG_262	multi_hit	MAGs/Exp3_MAG_262_c_000000000077	5659	37159	31500	8	32	chnE; crt; pcaC; pcaG; pcaH; pimC/aabA; uctC; xecD	Alkanes; Alkenes; Beta-oxidation; Cyclohexanecarboxylate; Oxalate; Protocatechuate	Beta-oxidation; Cyclohexanecarboxylate; Oxalate; Propene; Protocatechuate; Terminal/biterminal oxidation	Hypothetical/accessory:8; Dehydrogenase/oxidoreductase:5; Oxygenase/dioxygenase:4; Accessory/other:4; Transport/efflux:4; Hydratase/dehydratase/isomerase:3; Hydrolase/decarboxylase/lyase:2; Regulator:1; Thiolase/transferase:1
Exp3_MAG_281_panelcluster_10175	Exp3_MAG_281	multi_hit	MAGs/Exp3_MAG_281_c_000000000097	20480	50603	30123	8	26	est; fadA; nagR; pcaB; pcaG; pcaH; pcaL; pnbA	Beta-oxidation; Catechol-ortho; Naphthalene; Plastics; Protocatechuate	Beta-oxidation; Catechol-ortho; Naphthalene; PBAT; PET; Protocatechuate	Hypothetical/accessory:11; Accessory/other:5; Oxygenase/dioxygenase:3; CoA ligase/synthetase:1; Dehydrogenase/oxidoreductase:1; Thiolase/transferase:1; Transport/efflux:1; Regulator:1; Hydrolase/decarboxylase/lyase:1; Hydratase/dehydratase/isomerase:1
Exp3_MAG_290_panelcluster_10550	Exp3_MAG_290	multi_hit	MAGs/Exp3_MAG_290_c_000000000193	161	17049	16888	8	14	acdB; benA; benB; fadA; fadJ; galT; xylL; xylZ	Aromatics; Benzoate; Beta-oxidation; Gallate	Benzene; Beta-oxidation; Gallate	Hypothetical/accessory:6; Oxygenase/dioxygenase:3; Dehydrogenase/oxidoreductase:2; Transport/efflux:1; Thiolase/transferase:1; Hydratase/dehydratase/isomerase:1
Exp3_MAG_32_panelcluster_10815	Exp3_MAG_32	multi_hit	MAGs/Exp3_MAG_32_c_000000000200	5329	22723	17394	8	17	chcC1; chqB; hapE; macA; paaH; pcaF; pcaI; pcaJ	Catechol-ortho; Cyclohexanecarboxylate; Hydroquinone; Hydroxyquinol; Phenylacetate; Protocatechuate	Catechol-ortho; Cyclohexanecarboxylate; Hydroquinone; Hydroxyquinol; Phenylacetate; Protocatechuate	Dehydrogenase/oxidoreductase:6; Hypothetical/accessory:4; Thiolase/transferase:3; Transport/efflux:2; Oxygenase/dioxygenase:1; Accessory/other:1
Exp3_MAG_55_panelcluster_11940	Exp3_MAG_55	multi_hit	MAGs/Exp3_MAG_55_c_000000000003	970719	981031	10312	8	13	paaA; paaB; paaC; paaD; paaE; paaG; paaI; paaY	Phenylacetate	Phenylacetate	Accessory/other:5; Hypothetical/accessory:5; Regulator:1; Hydratase/dehydratase/isomerase:1; Hydrolase/decarboxylase/lyase:1
Exp3_MAG_65_panelcluster_12393	Exp3_MAG_65	multi_hit	MAGs/Exp3_MAG_65_c_000000000005	387285	399502	12217	8	15	paaA; paaB; paaC; paaD; paaE; paaG; paaI; paaY	Phenylacetate	Phenylacetate	Hypothetical/accessory:6; Accessory/other:5; Regulator:2; Hydratase/dehydratase/isomerase:1; Hydrolase/decarboxylase/lyase:1
Exp3_MAG_79_panelcluster_12906	Exp3_MAG_79	multi_hit	MAGs/Exp3_MAG_79_c_000000000207	15085	36580	21495	8	18	benC; bphC; bphD; bphF; carAa; mhpD; mhpF; todF	Aromatics; Benzoate; Catechol-meta	Benzene; Biphenyl; Carbazol; Catechol-meta; Toluene	Hypothetical/accessory:6; Oxygenase/dioxygenase:4; Hydrolase/decarboxylase/lyase:4; Accessory/other:2; Dehydrogenase/oxidoreductase:1; Hydratase/dehydratase/isomerase:1
Exp3_MAG_96_panelcluster_13730	Exp3_MAG_96	multi_hit	MAGs/Exp3_MAG_96_c_000000000141	5077	26318	21241	8	18	hmgL; hpaH; mhbD; nahW; pchF; pegA; yfdE	Aromatics; Cyclohexylacetate; Gentisate; Oxalate; Plastics	Anthranilate; Cyclohexylacetate; Gentisate; Oxalate; PEG; Salicylate; Toluene	Hypothetical/accessory:6; Oxygenase/dioxygenase:5; Dehydrogenase/oxidoreductase:3; Transport/efflux:1; Thiolase/transferase:1; Regulator:1; Hydrolase/decarboxylase/lyase:1
Exp3_MAG_97_panelcluster_13786	Exp3_MAG_97	multi_hit	MAGs/Exp3_MAG_97_c_000000000007	35385	64425	29040	8	26	NFA_28320; chqB; linE; macA; paaJ; pcaI; pcaJ	Catechol-ortho; Hydroquinone; Hydroxyquinol; Phenylacetate; Plastics	Catechol-ortho; Hydroquinone; Hydroxyquinol; Nylon; Phenylacetate	Hypothetical/accessory:7; Transport/efflux:5; Accessory/other:5; Oxygenase/dioxygenase:4; Thiolase/transferase:3; Dehydrogenase/oxidoreductase:1; Regulator:1
GCF_000012925.1_panelcluster_13888	GCF_000012925.1	multi_hit	c_000000000001	2391878	2422349	30471	8	27	GI:23664434; GMET_RS16560; benD; dch; had; pchA; pchF	Aromatics; Benzoate; Benzoyl-CoA; Beta-oxidation	Benzene; Benzoate; Benzoyl-CoA; Beta-oxidation; Toluene	Hypothetical/accessory:11; Dehydrogenase/oxidoreductase:8; Accessory/other:4; Electron transfer/redox:1; CoA ligase/synthetase:1; Regulator:1; Hydratase/dehydratase/isomerase:1
GCF_000267545.1_panelcluster_13944	GCF_000267545.1	multi_hit	c_000000000001	1016238	1043629	27391	8	22	acdA; atoB; fadD; hmgL; opdK; pcaI; pcaJ	Beta-oxidation; Catechol-ortho; Cyclohexylacetate; Transportation	Beta-oxidation; Catechol-ortho; Cyclohexylacetate; Transportation	Accessory/other:4; Hypothetical/accessory:4; Transport/efflux:3; Hydrolase/decarboxylase/lyase:2; Regulator:2; Thiolase/transferase:2; Carboxylase:2; Hydratase/dehydratase/isomerase:1; Dehydrogenase/oxidoreductase:1; CoA ligase/synthetase:1
GCF_000267545.1_panelcluster_13950	GCF_000267545.1	multi_hit	c_000000000001	1468569	1476724	8155	8	8	nagAa; nagAb; nagAc; nagAd; nagB; nagC; nagE; nagF	Aromatics; Naphthalene	1-Methylnaphthalene/2-Methylnaphthalene; Naphthalene	Oxygenase/dioxygenase:3; Dehydrogenase/oxidoreductase:2; Electron transfer/redox:2; Hydratase/dehydratase/isomerase:1
GCF_000267545.1_panelcluster_13971	GCF_000267545.1	multi_hit	c_000000000001	2662301	2694117	31816	8	25	acsA; alkN_mcp; fadA; fadB; hmgL; pimC/aabA; yfdE	Alkanes; Beta-oxidation; Catechol-ortho; Cyclohexanecarboxylate; Cyclohexylacetate; Oxalate	Beta-oxidation; Catechol-ortho; Cyclohexanecarboxylate; Cyclohexylacetate; Hydrocarbon uptake; Oxalate	Accessory/other:7; Hypothetical/accessory:5; Hydrolase/decarboxylase/lyase:4; Thiolase/transferase:3; Hydratase/dehydratase/isomerase:2; Regulator:2; Dehydrogenase/oxidoreductase:1; Transport/efflux:1
GCF_000470885.1_panelcluster_14017	GCF_000470885.1	multi_hit	c_000000000001	1004503	1023634	19131	8	19	dmpP; galT; hpaB; hpcG; xylG; xylI; xylK; xylQ	Aromatics; Catechol-meta; Gallate	4-Hydroxyphenylacetate; Catechol-meta; Gallate; Homoprotocatechuate; Phenol	Dehydrogenase/oxidoreductase:6; Regulator:4; Transport/efflux:2; Hydratase/dehydratase/isomerase:2; Accessory/other:2; Oxygenase/dioxygenase:1; Hypothetical/accessory:1; Hydrolase/decarboxylase/lyase:1
GCF_000470885.1_panelcluster_14079	GCF_000470885.1	multi_hit	c_000000000001	4842426	4867792	25366	8	23	benD; chcB1; chcC1; echA1; fadA; pegC; sdgA; uctC	Aromatics; Beta-oxidation; Catechol-ortho; Cyclohexanecarboxylate; Oxalate; Plastics	Benzene; Beta-oxidation; Catechol-ortho; Cyclohexanecarboxylate; Oxalate; PEG; Salicylate	Dehydrogenase/oxidoreductase:10; Hypothetical/accessory:4; Oxygenase/dioxygenase:2; CoA ligase/synthetase:2; Thiolase/transferase:2; Hydratase/dehydratase/isomerase:2; Hydrolase/decarboxylase/lyase:1
GCF_000470885.1_panelcluster_14081	GCF_000470885.1	multi_hit	c_000000000001	4927973	4957183	29210	8	24	aliB; catR; chcB1; chcC2; fadD; pcaF; pobA; sdgA	Aromatics; Beta-oxidation; Catechol-ortho; Cyclohexanecarboxylate; Protocatechuate	Beta-oxidation; Catechol-ortho; Cyclohexanecarboxylate; Protocatechuate; Salicylate; Toluene	Dehydrogenase/oxidoreductase:11; Regulator:3; CoA ligase/synthetase:2; Thiolase/transferase:2; Hydrolase/decarboxylase/lyase:1; Transport/efflux:1; Hydratase/dehydratase/isomerase:1; Hypothetical/accessory:1; Accessory/other:1; Oxygenase/dioxygenase:1
GCF_000470885.1_panelcluster_14101	GCF_000470885.1	multi_hit	c_000000000003	57792	75698	17906	8	19	bphF; hpaH; mhpF; padB2; phdJ; pydA; pydB; styB	Aromatics; Catechol-meta	Anthranilate; Biphenyl; Catechol-meta; Phthalate; Pyrene; Styrene; p-Cumate	Hypothetical/accessory:6; Oxygenase/dioxygenase:4; Dehydrogenase/oxidoreductase:3; Hydrolase/decarboxylase/lyase:2; Regulator:1; Accessory/other:1; Electron transfer/redox:1; Hydratase/dehydratase/isomerase:1
GCF_000475255.1_panelcluster_14121	GCF_000475255.1	multi_hit	c_000000000036	30917	46705	15788	8	11	CYP450; alkB; alkH_ald; alkJ_adh; alkS; carAc; chcAb; rdx	Alkanes; Aromatics; Cyclohexanecarboxylate	Auxillary alkane pathway; Carbazol; Cyclohexanecarboxylate; Terminal/biterminal oxidation	Dehydrogenase/oxidoreductase:3; Oxygenase/dioxygenase:2; Electron transfer/redox:2; Mobile/stress/accessory:2; Regulator:1; CoA ligase/synthetase:1
GCF_000475335.1_panelcluster_14285	GCF_000475335.1	multi_hit	c_000000000015	53580	60964	7384	8	8	benA; benB; benC-xylZ; benD; catA; catB; catC; catR	Aromatics; Benzoate; Catechol-ortho	Benzene; Benzoate; Catechol-ortho	Oxygenase/dioxygenase:4; Hydratase/dehydratase/isomerase:2; Regulator:1; Dehydrogenase/oxidoreductase:1
GCF_000736435.1_panelcluster_14564	GCF_000736435.1	multi_hit	c_000000000001	228225	243802	15577	8	14	BVMO; chnC; crt; mpdB; phdK; xecD; xylC; xylG	Alkanes; Alkenes; Aromatics; Beta-oxidation; Catechol-meta	2-methylpropene; Beta-oxidation; Catechol-meta; Propene; Subterminal oxidation; Terminal/biterminal oxidation; Toluene; p-Cumate	Dehydrogenase/oxidoreductase:7; Hypothetical/accessory:4; Oxygenase/dioxygenase:1; Hydrolase/decarboxylase/lyase:1; Hydratase/dehydratase/isomerase:1
GCF_000736435.1_panelcluster_14624	GCF_000736435.1	multi_hit	c_000000000001	3838030	3870615	32585	8	30	benD; chcB1; chnD; crt; hbd; pimC/aabA; sdgA	Alkanes; Aromatics; Benzoate; Beta-oxidation; Cyclohexanecarboxylate; Plastics	Benzoate; Beta-oxidation; Cyclohexanecarboxylate; P3HV/PHA/PHBV; Salicylate; Terminal/biterminal oxidation	Dehydrogenase/oxidoreductase:11; Hypothetical/accessory:10; Accessory/other:4; Transport/efflux:1; Hydrolase/decarboxylase/lyase:1; Regulator:1; CoA ligase/synthetase:1; Hydratase/dehydratase/isomerase:1
GCF_000736435.1_panelcluster_14687	GCF_000736435.1	multi_hit	c_000000000001	6867213	6898234	31021	8	29	aliB; echA1; fadB2; fadD; paaG; uctC	Beta-oxidation; Oxalate; Phenylacetate	Beta-oxidation; Oxalate; Phenylacetate	Hypothetical/accessory:6; Regulator:5; Dehydrogenase/oxidoreductase:4; Hydratase/dehydratase/isomerase:3; CoA ligase/synthetase:3; Thiolase/transferase:3; Accessory/other:3; Transport/efflux:2
GCF_001190925.1_panelcluster_14748	GCF_001190925.1	multi_hit	c_000000000001	1812496	1830923	18427	8	20	GI:23664434; badH; bcrD; dch; galT; had; oah	Aromatics; Benzoyl-CoA; Beta-oxidation; Gallate	Benzene; Benzoyl-CoA; Beta-oxidation; Gallate	Hypothetical/accessory:7; Transport/efflux:3; Regulator:2; Dehydrogenase/oxidoreductase:2; Accessory/other:2; Electron transfer/redox:1; Hydratase/dehydratase/isomerase:1; Hydrolase/decarboxylase/lyase:1; CoA ligase/synthetase:1
GCF_014634705.1_panelcluster_14981	GCF_014634705.1	multi_hit	c_000000000091	462	8508	8046	8	9	paaA; paaB; paaC; paaD; paaE; paaG; paaI; paaX	Phenylacetate	Phenylacetate	Accessory/other:5; Regulator:1; Dehydrogenase/oxidoreductase:1; Hydratase/dehydratase/isomerase:1; Hydrolase/decarboxylase/lyase:1
GCF_015277575.1_panelcluster_15144	GCF_015277575.1	multi_hit	c_000000000001	1908334	1921829	13495	8	13	galP; pcaB; pcaC; pcaD; pcaF; pcaG; pcaH; pcaK	Catechol-ortho; Gallate; Protocatechuate; Transportation	Gallate; Protocatechuate; Transportation	Transport/efflux:3; Thiolase/transferase:3; Hypothetical/accessory:3; Oxygenase/dioxygenase:2; Hydratase/dehydratase/isomerase:1; Hydrolase/decarboxylase/lyase:1
GCF_026428335.1_panelcluster_15463	GCF_026428335.1	multi_hit	c_000000000001	1655766	1666958	11192	8	11	galP; pcaB; pcaC; pcaD; pcaF; pcaG; pcaH; pcaK	Catechol-ortho; Gallate; Protocatechuate; Transportation	Gallate; Protocatechuate; Transportation	Transport/efflux:3; Thiolase/transferase:3; Oxygenase/dioxygenase:2; Hydratase/dehydratase/isomerase:1; Hydrolase/decarboxylase/lyase:1; Hypothetical/accessory:1
GCF_026428335.1_panelcluster_15479	GCF_026428335.1	multi_hit	c_000000000001	2700279	2710213	9934	8	10	amnC; amnD; mhpD; mhpF; opdK; pcaK; xylI; xylK	Aromatics; Catechol-meta; Transportation	2-Aminophenol; Catechol-meta; Transportation	Dehydrogenase/oxidoreductase:4; Transport/efflux:2; Hypothetical/accessory:1; Oxygenase/dioxygenase:1; Carboxylase:1; Hydrolase/decarboxylase/lyase:1
GCF_026428335.1_panelcluster_15508	GCF_026428335.1	multi_hit	c_000000000001	4517800	4526535	8735	8	9	catA; catB; catC; catR; xylL; xylX; xylY; xylZ	Aromatics; Catechol-ortho	Benzene; Catechol-ortho	Oxygenase/dioxygenase:4; Regulator:2; Hydratase/dehydratase/isomerase:2; Dehydrogenase/oxidoreductase:1
GCF_029269175.1_panelcluster_15647	GCF_029269175.1	multi_hit	c_000000000013	36050	48199	12149	8	12	galP; pcaB; pcaC; pcaD; pcaF; pcaG; pcaH; pcaK	Catechol-ortho; Gallate; Protocatechuate; Transportation	Gallate; Protocatechuate; Transportation	Transport/efflux:3; Thiolase/transferase:3; Hypothetical/accessory:2; Oxygenase/dioxygenase:2; Hydrolase/decarboxylase/lyase:1; Hydratase/dehydratase/isomerase:1
GCF_029269195.1_panelcluster_15761	GCF_029269195.1	multi_hit	c_000000000034	153312	196686	43374	8	33	benA; benB; est; nagR; opdK; pegC; xylL; xylZ	Aromatics; Naphthalene; Plastics; Transportation	Benzene; Naphthalene; PEG; PLA; Transportation	Hypothetical/accessory:10; Transport/efflux:7; Accessory/other:5; Regulator:5; Dehydrogenase/oxidoreductase:3; Oxygenase/dioxygenase:3
GCF_029269195.1_panelcluster_15792	GCF_029269195.1	multi_hit	c_000000000086	100261	114338	14077	8	13	galP; pcaB; pcaC; pcaD; pcaF; pcaG; pcaH; pcaK	Catechol-ortho; Gallate; Protocatechuate; Transportation	Gallate; Protocatechuate; Transportation	Transport/efflux:3; Thiolase/transferase:3; Hypothetical/accessory:3; Oxygenase/dioxygenase:2; Hydratase/dehydratase/isomerase:1; Hydrolase/decarboxylase/lyase:1
GCF_029269225.1_panelcluster_15811	GCF_029269225.1	multi_hit	c_000000000020	104447	119737	15290	8	14	galP; pcaB; pcaC; pcaD; pcaF; pcaG; pcaH; pcaK	Catechol-ortho; Gallate; Protocatechuate; Transportation	Gallate; Protocatechuate; Transportation	Hypothetical/accessory:4; Transport/efflux:3; Thiolase/transferase:3; Oxygenase/dioxygenase:2; Hydrolase/decarboxylase/lyase:1; Hydratase/dehydratase/isomerase:1
GCF_029269225.1_panelcluster_15892	GCF_029269225.1	multi_hit	c_000000000074	3493	14659	11166	8	10	acdB; bphD; mhpD; mhpF; opdK; pcaK; pht2; xylK	Aromatics; Beta-oxidation; Catechol-meta; Transportation	Beta-oxidation; Biphenyl; Catechol-meta; Phthalate; Transportation	Dehydrogenase/oxidoreductase:2; Transport/efflux:2; Hydrolase/decarboxylase/lyase:2; Hypothetical/accessory:1; Oxygenase/dioxygenase:1; Electron transfer/redox:1; Hydratase/dehydratase/isomerase:1
GCF_029269255.1_panelcluster_15937	GCF_029269255.1	multi_hit	c_000000000022	48636	84782	36146	8	30	acdB; fadA; fadB; fadD; galD; nagR; opdK	Beta-oxidation; Gallate; Naphthalene; Transportation	Beta-oxidation; Gallate; Naphthalene; Transportation	Hypothetical/accessory:8; Dehydrogenase/oxidoreductase:5; Accessory/other:5; Transport/efflux:4; Regulator:4; Hydratase/dehydratase/isomerase:2; CoA ligase/synthetase:1; Thiolase/transferase:1
GCF_029269295.1_panelcluster_16056	GCF_029269295.1	multi_hit	c_000000000013	38600	53757	15157	8	12	aabB; aabC; aabD; chnA; chnB; chnE; hbd; uctC	Alkanes; Cyclohexanecarboxylate; Oxalate; Plastics	Cyclohexanecarboxylate; Oxalate; P3HV/PHA/PHBV; Terminal/biterminal oxidation	Dehydrogenase/oxidoreductase:4; Electron transfer/redox:2; Thiolase/transferase:2; Transport/efflux:1; Oxygenase/dioxygenase:1; Regulator:1; Hydratase/dehydratase/isomerase:1
GCF_040170545.1_panelcluster_16265	GCF_040170545.1	multi_hit	c_000000000086	48942	77141	28199	8	26	acdB; fadD; pcaD; pcaF; pcaI; pcaJ; yfdE	Beta-oxidation; Catechol-ortho; Oxalate; Protocatechuate	Beta-oxidation; Catechol-ortho; Oxalate; Protocatechuate	Hypothetical/accessory:9; Accessory/other:5; Thiolase/transferase:4; Dehydrogenase/oxidoreductase:3; CoA ligase/synthetase:2; Hydrolase/decarboxylase/lyase:2; Regulator:1
GCF_041920455.1_panelcluster_16413	GCF_041920455.1	multi_hit	c_000000000005	466	20280	19814	8	18	acdA; acsA; atoA; atoD; crt; fadK; hmgL; pegC	Beta-oxidation; Cyclohexylacetate; Plastics	Beta-oxidation; Cyclohexylacetate; PEG	Accessory/other:5; Hypothetical/accessory:4; Dehydrogenase/oxidoreductase:2; Thiolase/transferase:2; Carboxylase:2; Hydratase/dehydratase/isomerase:1; Hydrolase/decarboxylase/lyase:1; CoA ligase/synthetase:1
GCF_051450025.1_panelcluster_16529	GCF_051450025.1	multi_hit	c_000000000020	48636	84782	36146	8	30	acdB; fadA; fadB; fadD; galD; nagR; opdK	Beta-oxidation; Gallate; Naphthalene; Transportation	Beta-oxidation; Gallate; Naphthalene; Transportation	Hypothetical/accessory:8; Dehydrogenase/oxidoreductase:5; Accessory/other:5; Transport/efflux:4; Regulator:4; Hydratase/dehydratase/isomerase:2; CoA ligase/synthetase:1; Thiolase/transferase:1
GROW_101_consensus_panelcluster_16591	GROW_101_consensus	multi_hit	1	1456302	1470300	13998	8	13	galP; pcaB; pcaC; pcaD; pcaF; pcaG; pcaH; pcaK	Catechol-ortho; Gallate; Protocatechuate; Transportation	Gallate; Protocatechuate; Transportation	Transport/efflux:3; Thiolase/transferase:3; Hypothetical/accessory:3; Oxygenase/dioxygenase:2; Hydratase/dehydratase/isomerase:1; Hydrolase/decarboxylase/lyase:1
GROW_105_consensus_panelcluster_16707	GROW_105_consensus	multi_hit	1	1499722	1511309	11587	8	11	galP; pcaB; pcaC; pcaD; pcaF; pcaG; pcaH; pcaK	Catechol-ortho; Gallate; Protocatechuate; Transportation	Gallate; Protocatechuate; Transportation	Transport/efflux:3; Thiolase/transferase:3; Oxygenase/dioxygenase:2; Hydratase/dehydratase/isomerase:1; Hydrolase/decarboxylase/lyase:1; Hypothetical/accessory:1
GROW_105_consensus_panelcluster_16744	GROW_105_consensus	multi_hit	1	3880074	3911356	31282	8	24	AvCA6_03910; acdB; aliA; atoB; chcB2; opdK; xylL	Aromatics; Beta-oxidation; Cyclohexanecarboxylate; Plastics; Transportation	Benzene; Beta-oxidation; Cyclohexanecarboxylate; PHA/PHB; Transportation	Accessory/other:6; Hypothetical/accessory:6; Dehydrogenase/oxidoreductase:5; Transport/efflux:3; CoA ligase/synthetase:1; Electron transfer/redox:1; Hydrolase/decarboxylase/lyase:1; Mobile/stress/accessory:1
GROW_105_consensus_panelcluster_16752	GROW_105_consensus	multi_hit	1	4405556	4414134	8578	8	9	catA; catB; catC; catR; xylL; xylX; xylY; xylZ	Aromatics; Catechol-ortho	Benzene; Catechol-ortho	Oxygenase/dioxygenase:4; Regulator:2; Hydratase/dehydratase/isomerase:2; Dehydrogenase/oxidoreductase:1
GROW_126_consensus_panelcluster_17055	GROW_126_consensus	multi_hit	1	2114666	2121956	7290	8	8	chnE; hpcB; hpcC; hpcD; hpcE; hpcG; hpcH	Alkanes; Aromatics	Homoprotocatechuate; Terminal/biterminal oxidation	Dehydrogenase/oxidoreductase:2; Hydratase/dehydratase/isomerase:2; Carboxylase:2; Hydrolase/decarboxylase/lyase:1; Oxygenase/dioxygenase:1
GROW_126_consensus_panelcluster_17061	GROW_126_consensus	multi_hit	1	2694236	2728766	34530	8	29	alkJ_adh; cmtAa; galT; hapE; nahW; opdK; pchA; pobB	Alkanes; Aromatics; Gallate; Hydroquinone; Protocatechuate; Transportation	Auxillary alkane pathway; Gallate; Hydroquinone; Protocatechuate; Salicylate; Toluene; Transportation; p-Cumate	Hypothetical/accessory:10; Dehydrogenase/oxidoreductase:6; Electron transfer/redox:4; Accessory/other:3; Transport/efflux:3; Oxygenase/dioxygenase:2; Hydrolase/decarboxylase/lyase:1
GROW_67_consensus_panelcluster_17282	GROW_67_consensus	multi_hit	1	1523664	1538953	15289	8	14	galP; pcaB; pcaC; pcaD; pcaF; pcaG; pcaH; pcaK	Catechol-ortho; Gallate; Protocatechuate; Transportation	Gallate; Protocatechuate; Transportation	Hypothetical/accessory:4; Transport/efflux:3; Thiolase/transferase:3; Oxygenase/dioxygenase:2; Hydratase/dehydratase/isomerase:1; Hydrolase/decarboxylase/lyase:1
GROW_68_consensus_panelcluster_17388	GROW_68_consensus	multi_hit	1	1533570	1548860	15290	8	14	galP; pcaB; pcaC; pcaD; pcaF; pcaG; pcaH; pcaK	Catechol-ortho; Gallate; Protocatechuate; Transportation	Gallate; Protocatechuate; Transportation	Hypothetical/accessory:4; Transport/efflux:3; Thiolase/transferase:3; Oxygenase/dioxygenase:2; Hydratase/dehydratase/isomerase:1; Hydrolase/decarboxylase/lyase:1
GROW_74_consensus_panelcluster_17628	GROW_74_consensus	multi_hit	1	1503087	1516764	13677	8	13	galP; pcaB; pcaC; pcaD; pcaF; pcaG; pcaH; pcaK	Catechol-ortho; Gallate; Protocatechuate; Transportation	Gallate; Protocatechuate; Transportation	Transport/efflux:3; Thiolase/transferase:3; Hypothetical/accessory:3; Oxygenase/dioxygenase:2; Hydratase/dehydratase/isomerase:1; Hydrolase/decarboxylase/lyase:1
GROW_74_consensus_panelcluster_17644	GROW_74_consensus	multi_hit	1	2277558	2292994	15436	8	15	badK; paaA; paaB; paaC; paaD; paaE; paaG; paaK	Cyclohexanecarboxylate; Phenylacetate	Cyclohexanecarboxylate; Phenylacetate	Accessory/other:9; Hydratase/dehydratase/isomerase:2; Hypothetical/accessory:1; Dehydrogenase/oxidoreductase:1; Carboxylase:1; CoA ligase/synthetase:1
GROW_83_consensus_panelcluster_17825	GROW_83_consensus	multi_hit	1	1466943	1480889	13946	8	14	galP; pcaB; pcaC; pcaD; pcaF; pcaG; pcaH; pcaK	Catechol-ortho; Gallate; Protocatechuate; Transportation	Gallate; Protocatechuate; Transportation	Transport/efflux:3; Thiolase/transferase:3; Hypothetical/accessory:3; Oxygenase/dioxygenase:2; Hydratase/dehydratase/isomerase:1; Hydrolase/decarboxylase/lyase:1; Accessory/other:1
CP010517.1_panelcluster_250	CP010517.1	multi_hit	c_000000000001	1279392	1312460	33068	7	30	catR; fadK; galC; galR; nagR; nbaA; ssuD	Alkanes; Aromatics; Beta-oxidation; Catechol-ortho; Gallate; Naphthalene	2-Nitrobenzoate; Auxillary alkane pathway; Beta-oxidation; Catechol-ortho; Gallate; Naphthalene	Hypothetical/accessory:11; Accessory/other:6; Regulator:5; Transport/efflux:2; Hydratase/dehydratase/isomerase:2; Oxygenase/dioxygenase:1; Hydrolase/decarboxylase/lyase:1; Dehydrogenase/oxidoreductase:1; CoA ligase/synthetase:1
CP063454.1_panelcluster_285	CP063454.1	multi_hit	c_000000000001	1250694	1266991	16297	7	13	alkN_mcp; galP; pcaB; pcaC; pcaD; pcaF; pcaK	Alkanes; Catechol-ortho; Gallate; Protocatechuate; Transportation	Gallate; Hydrocarbon uptake; Protocatechuate; Transportation	Hypothetical/accessory:4; Transport/efflux:4; Accessory/other:2; Thiolase/transferase:1; Hydratase/dehydratase/isomerase:1; Hydrolase/decarboxylase/lyase:1
CP063454.1_panelcluster_295	CP063454.1	multi_hit	c_000000000001	1876279	1903485	27206	7	22	acdB; fadA; fadB; fadD; galD; nagR; opdK	Beta-oxidation; Gallate; Naphthalene; Transportation	Beta-oxidation; Gallate; Naphthalene; Transportation	Dehydrogenase/oxidoreductase:4; Transport/efflux:4; Hypothetical/accessory:4; Accessory/other:4; Regulator:2; Hydratase/dehydratase/isomerase:2; CoA ligase/synthetase:1; Thiolase/transferase:1
Exp3_MAG_105_panelcluster_798	Exp3_MAG_105	multi_hit	MAGs/Exp3_MAG_105_c_000000000337	2135	7591	5456	7	7	paaA; paaB; paaC; paaD; paaG; paaI; paaK	Phenylacetate	Phenylacetate	Accessory/other:4; Hydratase/dehydratase/isomerase:1; Hydrolase/decarboxylase/lyase:1; CoA ligase/synthetase:1
Exp3_MAG_128_panelcluster_1868	Exp3_MAG_128	multi_hit	MAGs/Exp3_MAG_128_c_000000000004	12927	25781	12854	7	11	paaA; paaB; paaC; paaD; paaE; paaG; paaY	Phenylacetate	Phenylacetate	Accessory/other:8; Hypothetical/accessory:2; Hydratase/dehydratase/isomerase:1
Exp3_MAG_148_panelcluster_3168	Exp3_MAG_148	multi_hit	MAGs/Exp3_MAG_148_c_000000000635	1386	7302	5916	7	7	mhbD; mhbH; nagAa; nagAb; nagG; nagH; nagR	Aromatics; Gentisate; Naphthalene	1-Methylnaphthalene/2-Methylnaphthalene; Gentisate; Naphthalene; Salicylate	Oxygenase/dioxygenase:3; Electron transfer/redox:2; Hydrolase/decarboxylase/lyase:1; Accessory/other:1
Exp3_MAG_15_panelcluster_3220	Exp3_MAG_15	multi_hit	MAGs/Exp3_MAG_15_c_000000000005	25667	31676	6009	7	8	paaA; paaB; paaC; paaD; paaE; paaG; paaY	Phenylacetate	Phenylacetate	Accessory/other:5; Hypothetical/accessory:2; Hydratase/dehydratase/isomerase:1
Exp3_MAG_157_panelcluster_3644	Exp3_MAG_157	multi_hit	MAGs/Exp3_MAG_157_c_000000000007	399755	406986	7231	7	7	paaA; paaB; paaC; paaD; paaE; paaZ; pcaF	Catechol-ortho; Phenylacetate; Protocatechuate	Phenylacetate; Protocatechuate	Accessory/other:5; Hydrolase/decarboxylase/lyase:1; Thiolase/transferase:1
Exp3_MAG_161_panelcluster_3805	Exp3_MAG_161	multi_hit	MAGs/Exp3_MAG_161_c_000000000107	2100	19411	17311	7	18	chcB1; chcB2; chcC1; pegA; pimC/aabA; pimD	Cyclohexanecarboxylate; Plastics	Cyclohexanecarboxylate; PEG	Dehydrogenase/oxidoreductase:9; Hypothetical/accessory:7; Oxygenase/dioxygenase:2
Exp3_MAG_162_panelcluster_3830	Exp3_MAG_162	multi_hit	MAGs/Exp3_MAG_162_c_000000000006	305	22139	21834	7	20	acdB; amnC; amnD; galT; mhpD; xylB; xylI	Aromatics; Beta-oxidation; Catechol-meta; Gallate	2-Aminophenol; Beta-oxidation; Catechol-meta; Gallate; Toluene	Hypothetical/accessory:7; Dehydrogenase/oxidoreductase:5; Oxygenase/dioxygenase:2; Hydratase/dehydratase/isomerase:2; Regulator:1; Carboxylase:1; Transport/efflux:1; Hydrolase/decarboxylase/lyase:1
Exp3_MAG_162_panelcluster_3903	Exp3_MAG_162	multi_hit	MAGs/Exp3_MAG_162_c_000000000072	4172	40246	36074	7	28	galR; hpcH; ladA; mobA; mpdC; nagF; sdgA	Alkanes; Alkenes; Aromatics; Gallate; Gentisate; Naphthalene	2-methylpropene; Gallate; Gentisate; Homoprotocatechuate; Naphthalene; Salicylate; Terminal/biterminal oxidation	Hypothetical/accessory:9; Accessory/other:5; Oxygenase/dioxygenase:4; Dehydrogenase/oxidoreductase:3; Transport/efflux:2; Regulator:2; Hydratase/dehydratase/isomerase:1; Hydrolase/decarboxylase/lyase:1; CoA ligase/synthetase:1
Exp3_MAG_164_panelcluster_4005	Exp3_MAG_164	multi_hit	MAGs/Exp3_MAG_164_c_000000000177	39668	46063	6395	7	7	atoA; pcaB; pcaF; pcaG; pcaH; pcaI; pobA	Aromatics; Catechol-ortho; Cyclohexylacetate; Protocatechuate	Catechol-ortho; Cyclohexylacetate; Protocatechuate; Toluene	Oxygenase/dioxygenase:3; Thiolase/transferase:3; Hydratase/dehydratase/isomerase:1
Exp3_MAG_171_panelcluster_4369	Exp3_MAG_171	multi_hit	MAGs/Exp3_MAG_171_c_000000000026	19444	30579	11135	7	11	paaA; paaB; paaC; paaD; paaE; paaG; paaY	Phenylacetate	Phenylacetate	Accessory/other:6; Hypothetical/accessory:4; Hydratase/dehydratase/isomerase:1
Exp3_MAG_182_panelcluster_4800	Exp3_MAG_182	multi_hit	MAGs/Exp3_MAG_182_c_000000000057	530	9017	8487	7	10	pcaB; pcaC; pcaD; pcaG; pcaH; pcaI; pobA	Aromatics; Catechol-ortho; Protocatechuate	Catechol-ortho; Protocatechuate; Toluene	Oxygenase/dioxygenase:3; Regulator:2; Thiolase/transferase:1; Accessory/other:1; Hydrolase/decarboxylase/lyase:1; Hypothetical/accessory:1; Hydratase/dehydratase/isomerase:1
Exp3_MAG_189_panelcluster_5076	Exp3_MAG_189	multi_hit	MAGs/Exp3_MAG_189_c_000000000171	1417	21989	20572	7	22	chcB2; galA; hapE; hpcG; hpcH; nagR	Aromatics; Cyclohexanecarboxylate; Gallate; Hydroquinone; Naphthalene	Cyclohexanecarboxylate; Gallate; Homoprotocatechuate; Hydroquinone; Naphthalene	Hypothetical/accessory:9; Dehydrogenase/oxidoreductase:5; Accessory/other:4; Oxygenase/dioxygenase:2; Hydrolase/decarboxylase/lyase:1; Hydratase/dehydratase/isomerase:1
Exp3_MAG_193_panelcluster_5215	Exp3_MAG_193	multi_hit	MAGs/Exp3_MAG_193_c_000000000010	258310	285277	26967	7	24	DPGC; PGRcl; aabC; chqB; linE; macA; xecE1	Alkenes; Cyclohexanecarboxylate; Hydroquinone; Hydroxyquinol; Pyrogallol	Cyclohexanecarboxylate; Hydroquinone; Hydroxyquinol; Propene; Pyrogallol	Hypothetical/accessory:7; Dehydrogenase/oxidoreductase:5; Accessory/other:4; Transport/efflux:3; Oxygenase/dioxygenase:2; Regulator:2; Hydrolase/decarboxylase/lyase:1
Exp3_MAG_195_panelcluster_5280	Exp3_MAG_195	multi_hit	MAGs/Exp3_MAG_195_c_000000000014	13669	28572	14903	7	14	aabB; catR; crt; galC; pcaF; pnbA; sdgA	Aromatics; Beta-oxidation; Catechol-ortho; Cyclohexanecarboxylate; Gallate; Plastics; Protocatechuate	Beta-oxidation; Catechol-ortho; Cyclohexanecarboxylate; Gallate; PET; Protocatechuate; Salicylate	Hypothetical/accessory:3; Transport/efflux:3; Accessory/other:2; Hydratase/dehydratase/isomerase:2; Regulator:2; Thiolase/transferase:1; Hydrolase/decarboxylase/lyase:1
Exp3_MAG_196_panelcluster_5363	Exp3_MAG_196	multi_hit	MAGs/Exp3_MAG_196_c_000000000007	79746	94904	15158	7	12	athL; atoA; atoB; bthL; hpcE; nagF; pcaI	Aromatics; Beta-oxidation; Catechol-ortho; Cyclohexylacetate; Naphthalene; Protocatechuate; Pyrogallol	Beta-oxidation; Catechol-ortho; Protocatechuate; Cyclohexylacetate; Homoprotocatechuate; Naphthalene; Pyrogallol	Accessory/other:4; Thiolase/transferase:2; Regulator:2; Hypothetical/accessory:2; Dehydrogenase/oxidoreductase:1; Hydrolase/decarboxylase/lyase:1
Exp3_MAG_197_panelcluster_5412	Exp3_MAG_197	multi_hit	MAGs/Exp3_MAG_197_c_000000000045	591	11458	10867	7	14	bphF; bphJ; hpaB; hpcC; styB; todF; xylJ	Aromatics; Catechol-meta	4-Hydroxyphenylacetate; Biphenyl; Catechol-meta; Homoprotocatechuate; Styrene; Toluene	Hypothetical/accessory:4; Dehydrogenase/oxidoreductase:4; Hydrolase/decarboxylase/lyase:2; Hydratase/dehydratase/isomerase:2; Regulator:1; Oxygenase/dioxygenase:1
Exp3_MAG_217_panelcluster_6064	Exp3_MAG_217	multi_hit	MAGs/Exp3_MAG_217_c_000000000003	206892	212499	5607	7	8	paaA; paaB; paaC; paaD; paaE; paaG; paaY	Phenylacetate	Phenylacetate	Accessory/other:6; Hydratase/dehydratase/isomerase:1; Hydrolase/decarboxylase/lyase:1
Exp3_MAG_225_panelcluster_6319	Exp3_MAG_225	multi_hit	MAGs/Exp3_MAG_225_c_000000000041	15443	22186	6743	7	9	paaA; paaB; paaC; paaD; paaE; paaG; paaY	Phenylacetate	Phenylacetate	Accessory/other:5; Hypothetical/accessory:2; Hydrolase/decarboxylase/lyase:1; Hydratase/dehydratase/isomerase:1
Exp3_MAG_237_panelcluster_6959	Exp3_MAG_237	multi_hit	MAGs/Exp3_MAG_237_c_000000000004	27219	42177	14958	7	13	aliA; chcB2; est; fadB; pimC/aabA; pimD; xylB	Aromatics; Beta-oxidation; Cyclohexanecarboxylate; Plastics	Beta-oxidation; Cyclohexanecarboxylate; PBAT; Toluene	Dehydrogenase/oxidoreductase:5; Hypothetical/accessory:3; Hydrolase/decarboxylase/lyase:2; CoA ligase/synthetase:1; Accessory/other:1; Hydratase/dehydratase/isomerase:1
Exp3_MAG_239_panelcluster_7144	Exp3_MAG_239	multi_hit	MAGs/Exp3_MAG_239_c_000000000399	22155	31183	9028	7	9	galP; pcaB; pcaC; pcaD; pcaF; pcaG; pcaH	Catechol-ortho; Gallate; Protocatechuate	Gallate; Protocatechuate	Transport/efflux:2; Oxygenase/dioxygenase:2; Accessory/other:1; Hypothetical/accessory:1; Hydrolase/decarboxylase/lyase:1; Hydratase/dehydratase/isomerase:1; Thiolase/transferase:1
Exp3_MAG_245_panelcluster_7688	Exp3_MAG_245	multi_hit	MAGs/Exp3_MAG_245_c_000000000866	709	5850	5141	7	7	paaA; paaB; paaC; paaD; paaE; paaI; paaX	Phenylacetate	Phenylacetate	Accessory/other:5; Hydrolase/decarboxylase/lyase:1; Regulator:1
Exp3_MAG_254_panelcluster_8159	Exp3_MAG_254	multi_hit	MAGs/Exp3_MAG_254_c_000000000247	22889	29814	6925	7	8	benA; benB; benD; catA; catB; catR; xylZ	Aromatics; Benzoate; Catechol-ortho	Benzene; Catechol-ortho	Oxygenase/dioxygenase:5; Regulator:1; Dehydrogenase/oxidoreductase:1; Hydratase/dehydratase/isomerase:1
Exp3_MAG_257_panelcluster_8360	Exp3_MAG_257	multi_hit	MAGs/Exp3_MAG_257_c_000000000032	28867	56191	27324	7	27	ISF6_0224; galA; galC; galD; hapE; pchF; xecD	Alkenes; Aromatics; Gallate; Hydroquinone; Plastics	Gallate; Hydroquinone; PET; Propene; Toluene	Hypothetical/accessory:10; Dehydrogenase/oxidoreductase:7; Hydrolase/decarboxylase/lyase:3; Oxygenase/dioxygenase:3; Hydratase/dehydratase/isomerase:2; CoA ligase/synthetase:1; Regulator:1
Exp3_MAG_259_panelcluster_8461	Exp3_MAG_259	multi_hit	MAGs/Exp3_MAG_259_c_000000000205	30596	41355	10759	7	10	acsA; paaA; paaB; paaC; paaD; paaE; paaZ	Beta-oxidation; Phenylacetate	Beta-oxidation; Phenylacetate	Accessory/other:6; Hypothetical/accessory:2; Hydrolase/decarboxylase/lyase:1; Regulator:1
Exp3_MAG_261_panelcluster_8545	Exp3_MAG_261	multi_hit	MAGs/Exp3_MAG_261_c_000000000015	5152	32236	27084	7	30	chqB; hpcE; macA; paaJ; pcaI; pcaJ	Aromatics; Catechol-ortho; Hydroxyquinol; Phenylacetate	Catechol-ortho; Homoprotocatechuate; Hydroxyquinol; Phenylacetate	Hypothetical/accessory:13; Dehydrogenase/oxidoreductase:4; Accessory/other:4; Thiolase/transferase:3; Oxygenase/dioxygenase:3; Regulator:1; Transport/efflux:1; Hydrolase/decarboxylase/lyase:1
Exp3_MAG_262_panelcluster_8600	Exp3_MAG_262	multi_hit	MAGs/Exp3_MAG_262_c_000000000002	74131	101603	27472	7	24	GMET_RS16560; echA1; hmgL; pimC/aabA; pimD; sdgB; yfdE	Aromatics; Beta-oxidation; Cyclohexanecarboxylate; Cyclohexylacetate; Oxalate	Beta-oxidation; Cyclohexanecarboxylate; Cyclohexylacetate; Oxalate; Salicylate	Hypothetical/accessory:7; Dehydrogenase/oxidoreductase:6; CoA ligase/synthetase:2; Hydratase/dehydratase/isomerase:2; Carboxylase:2; Thiolase/transferase:2; Hydrolase/decarboxylase/lyase:2; Regulator:1
Exp3_MAG_262_panelcluster_8611	Exp3_MAG_262	multi_hit	MAGs/Exp3_MAG_262_c_000000000011	91026	109042	18016	7	17	GI:23664434; cmtB; mhbD; mhbl; mhpD; nagAa; xylI	Aromatics; Catechol-meta; Gentisate; Naphthalene	1-Methylnaphthalene/2-Methylnaphthalene; Benzene; Catechol-meta; Gentisate; p-Cumate	Hypothetical/accessory:4; Dehydrogenase/oxidoreductase:3; CoA ligase/synthetase:2; Transport/efflux:2; Oxygenase/dioxygenase:1; Carboxylase:1; Hydratase/dehydratase/isomerase:1; Hydrolase/decarboxylase/lyase:1; Accessory/other:1; Electron transfer/redox:1
Exp3_MAG_262_panelcluster_8634	Exp3_MAG_262	multi_hit	MAGs/Exp3_MAG_262_c_000000000025	41726	75648	33922	7	26	chcAa; fadD; galR; mhbD; nagR; sdgB; xylX	Aromatics; Beta-oxidation; Cyclohexanecarboxylate; Gallate; Gentisate; Naphthalene	Benzene; Beta-oxidation; Cyclohexanecarboxylate; Gallate; Gentisate; Naphthalene; Salicylate	Hypothetical/accessory:14; Accessory/other:3; CoA ligase/synthetase:2; Dehydrogenase/oxidoreductase:2; Transport/efflux:2; Oxygenase/dioxygenase:2; Regulator:1
Exp3_MAG_262_panelcluster_8643	Exp3_MAG_262	multi_hit	MAGs/Exp3_MAG_262_c_000000000029	21119	56172	35053	7	29	alkN_mcp; nagR; pht2; pht3; pht4; pht5; tomA5	Alkanes; Aromatics; Naphthalene	Hydrocarbon uptake; Naphthalene; Phthalate; Toluene	Hypothetical/accessory:11; Accessory/other:10; Oxygenase/dioxygenase:2; Dehydrogenase/oxidoreductase:2; Regulator:2; Hydrolase/decarboxylase/lyase:1; Electron transfer/redox:1
Exp3_MAG_271_panelcluster_9481	Exp3_MAG_271	multi_hit	MAGs/Exp3_MAG_271_c_000000000045	58	10901	10843	7	11	acsA; paaA; paaB; paaC; paaD; paaE; paaZ	Beta-oxidation; Phenylacetate	Beta-oxidation; Phenylacetate	Accessory/other:6; Hypothetical/accessory:3; Regulator:1; Hydrolase/decarboxylase/lyase:1
Exp3_MAG_30_panelcluster_10701	Exp3_MAG_30	multi_hit	MAGs/Exp3_MAG_30_c_000000000011	492896	504733	11837	7	11	paaA; paaB; paaC; paaD; paaE; paaG; paaY	Phenylacetate	Phenylacetate	Accessory/other:6; Hypothetical/accessory:4; Hydratase/dehydratase/isomerase:1
Exp3_MAG_36_panelcluster_10920	Exp3_MAG_36	multi_hit	MAGs/Exp3_MAG_36_c_000000000108	29156	34793	5637	7	8	paaA; paaB; paaC; paaD; paaE; paaG; paaI	Phenylacetate	Phenylacetate	Accessory/other:5; Hydrolase/decarboxylase/lyase:1; Hydratase/dehydratase/isomerase:1; Hypothetical/accessory:1
Exp3_MAG_39_panelcluster_11039	Exp3_MAG_39	multi_hit	MAGs/Exp3_MAG_39_c_000000000256	6548	17049	10501	7	11	bphJ; mhpD; mhpE; xylE; xylG; xylJ	Aromatics; Catechol-meta	Biphenyl; Catechol-meta	Dehydrogenase/oxidoreductase:3; Regulator:2; Hypothetical/accessory:2; Accessory/other:2; Hydratase/dehydratase/isomerase:1; Hydrolase/decarboxylase/lyase:1
Exp3_MAG_39_panelcluster_11041	Exp3_MAG_39	multi_hit	MAGs/Exp3_MAG_39_c_000000000263	1264	11814	10550	7	11	bphJ; dmpL; hpcG; mhpE; tomA3; xylG; xylI	Aromatics; Catechol-meta	Biphenyl; Catechol-meta; Homoprotocatechuate; Phenol; Toluene	Oxygenase/dioxygenase:3; Hypothetical/accessory:2; Hydratase/dehydratase/isomerase:2; Dehydrogenase/oxidoreductase:2; Regulator:1; Hydrolase/decarboxylase/lyase:1
Exp3_MAG_57_panelcluster_12081	Exp3_MAG_57	multi_hit	MAGs/Exp3_MAG_57_c_000000000503	3758	10336	6578	7	7	pcaB; pcaD; pcaF; pcaG; pcaH; pcaI; pcaJ	Catechol-ortho; Protocatechuate	Catechol-ortho; Protocatechuate	Thiolase/transferase:3; Oxygenase/dioxygenase:2; Hydratase/dehydratase/isomerase:1; Hydrolase/decarboxylase/lyase:1
Exp3_MAG_79_panelcluster_12970	Exp3_MAG_79	multi_hit	MAGs/Exp3_MAG_79_c_000000000520	227	16153	15926	7	19	pcaB; pcaC; pcaD; pcaG; pcaH; pcaJ; pobA	Aromatics; Catechol-ortho; Protocatechuate	Catechol-ortho; Protocatechuate; Toluene	Hypothetical/accessory:6; Transport/efflux:3; Accessory/other:3; Oxygenase/dioxygenase:3; Thiolase/transferase:1; Hydratase/dehydratase/isomerase:1; Hydrolase/decarboxylase/lyase:1; Dehydrogenase/oxidoreductase:1
Exp3_MAG_8_panelcluster_13008	Exp3_MAG_8	multi_hit	MAGs/Exp3_MAG_8_c_000000000154	2625	17051	14426	7	13	fadJ; pht3; pimC/aabA; pimD; pobB; sdgB; uctC	Aromatics; Beta-oxidation; Cyclohexanecarboxylate; Oxalate; Protocatechuate	Beta-oxidation; Cyclohexanecarboxylate; Oxalate; Phthalate; Protocatechuate; Salicylate	Hypothetical/accessory:3; Hydratase/dehydratase/isomerase:3; Dehydrogenase/oxidoreductase:2; Oxygenase/dioxygenase:2; Thiolase/transferase:1; CoA ligase/synthetase:1; Accessory/other:1
Exp3_MAG_94_panelcluster_13663	Exp3_MAG_94	multi_hit	MAGs/Exp3_MAG_94_c_000000000012	26242	38275	12033	7	13	mhbD; mhbH; mhbl; nagG; nagH; nylB; xylC	Aromatics; Gentisate; Naphthalene; Plastics	Gentisate; Naphthalene; Nylon; Toluene	Hypothetical/accessory:6; Oxygenase/dioxygenase:3; Dehydrogenase/oxidoreductase:1; Accessory/other:1; Hydratase/dehydratase/isomerase:1; Hydrolase/decarboxylase/lyase:1
Exp3_MAG_94_panelcluster_13699	Exp3_MAG_94	multi_hit	MAGs/Exp3_MAG_94_c_000000000142	2100	19409	17309	7	18	chcB1; chcB2; chcC1; pegA; pimC/aabA; pimD	Cyclohexanecarboxylate; Plastics	Cyclohexanecarboxylate; PEG	Dehydrogenase/oxidoreductase:9; Hypothetical/accessory:7; Oxygenase/dioxygenase:2
Exp3_MAG_96_panelcluster_13729	Exp3_MAG_96	multi_hit	MAGs/Exp3_MAG_96_c_000000000138	11	10800	10789	7	8	GI:23664434; boxB; boxC; chcAb; fadJ; paaG; paaZ	Aromatics; Beta-oxidation; Cyclohexanecarboxylate; Phenylacetate	Benzene; Beta-oxidation; Cyclohexanecarboxylate; Phenylacetate	Hydrolase/decarboxylase/lyase:2; Oxygenase/dioxygenase:1; CoA ligase/synthetase:1; Electron transfer/redox:1; Hypothetical/accessory:1; Hydratase/dehydratase/isomerase:1; Accessory/other:1
GCF_000470885.1_panelcluster_14011	GCF_000470885.1	multi_hit	c_000000000001	678228	689045	10817	7	9	acdA; aliB; badH; badI; galT; paaH; pcaF	Beta-oxidation; Catechol-ortho; Gallate; Phenylacetate; Protocatechuate	Beta-oxidation; Gallate; Phenylacetate; Protocatechuate	Dehydrogenase/oxidoreductase:5; CoA ligase/synthetase:1; Hydratase/dehydratase/isomerase:1; Thiolase/transferase:1; Transport/efflux:1
GCF_000470885.1_panelcluster_14020	GCF_000470885.1	multi_hit	c_000000000001	1195568	1224814	29246	7	26	aliB; cmtAa; hmgL; nahG; uctC; xylC	Aromatics; Beta-oxidation; Cyclohexylacetate; Naphthalene; Oxalate	Beta-oxidation; Cyclohexylacetate; Naphthalene; Oxalate; Toluene; p-Cumate	Hypothetical/accessory:9; Accessory/other:7; Dehydrogenase/oxidoreductase:3; Thiolase/transferase:3; Hydrolase/decarboxylase/lyase:2; Oxygenase/dioxygenase:1; Regulator:1
GCF_000475315.1_panelcluster_14221	GCF_000475315.1	multi_hit	c_000000000012	7792	40333	32541	7	24	NFA_28320; acdA; aliB; alkN_mcp; atoB; fadD; hmgL	Alkanes; Beta-oxidation; Cyclohexylacetate; Plastics	Beta-oxidation; Cyclohexylacetate; Hydrocarbon uptake; Nylon	Accessory/other:5; Hypothetical/accessory:4; Hydratase/dehydratase/isomerase:3; Dehydrogenase/oxidoreductase:3; Transport/efflux:3; Carboxylase:2; CoA ligase/synthetase:1; Hydrolase/decarboxylase/lyase:1; Thiolase/transferase:1; Regulator:1
GCF_000475315.1_panelcluster_14242	GCF_000475315.1	multi_hit	c_000000000028	4835	34564	29729	7	24	BVMO; ahpC; ahpF; alkJ_adh; almA; amnC; ompW	Alkanes; Aromatics; Transportation	2-Aminophenol; Auxillary alkane pathway; Finnerty pathway; Subterminal oxidation; Terminal/biterminal oxidation; Transportation	Hypothetical/accessory:8; Accessory/other:5; Dehydrogenase/oxidoreductase:5; Regulator:3; Oxygenase/dioxygenase:2; Hydrolase/decarboxylase/lyase:1
GCF_000475335.1_panelcluster_14284	GCF_000475335.1	multi_hit	c_000000000015	965	24568	23603	7	20	atoB; fadD; galT; hmgL; hpaC; pcaI; pcaJ	Aromatics; Beta-oxidation; Catechol-ortho; Cyclohexylacetate; Gallate	4-Hydroxyphenylacetate; Beta-oxidation; Catechol-ortho; Cyclohexylacetate; Gallate	Hypothetical/accessory:4; Thiolase/transferase:3; Dehydrogenase/oxidoreductase:2; Hydrolase/decarboxylase/lyase:2; Accessory/other:2; Regulator:2; Carboxylase:2; Transport/efflux:1; CoA ligase/synthetase:1; Hydratase/dehydratase/isomerase:1
GCF_000475355.1_panelcluster_14313	GCF_000475355.1	multi_hit	c_000000000009	78726	105493	26767	7	19	NFA_28320; acdA; aliB; alkN_mcp; atoB; fadD; hmgL	Alkanes; Beta-oxidation; Cyclohexylacetate; Plastics	Beta-oxidation; Cyclohexylacetate; Hydrocarbon uptake; Nylon	Accessory/other:5; Hypothetical/accessory:3; Dehydrogenase/oxidoreductase:3; Hydratase/dehydratase/isomerase:2; Carboxylase:2; Transport/efflux:1; Thiolase/transferase:1; Hydrolase/decarboxylase/lyase:1; CoA ligase/synthetase:1
GCF_000475415.1_panelcluster_14559	GCF_000475415.1	multi_hit	c_000000000207	1088	18268	17180	7	14	aabC; aabD; aliB; fadB2; pimC/aabA; pimD; sdgA	Aromatics; Beta-oxidation; Cyclohexanecarboxylate	Beta-oxidation; Cyclohexanecarboxylate; Salicylate	Dehydrogenase/oxidoreductase:5; Hypothetical/accessory:3; Electron transfer/redox:3; Thiolase/transferase:1; CoA ligase/synthetase:1; Accessory/other:1
GCF_000736435.1_panelcluster_14571	GCF_000736435.1	multi_hit	c_000000000001	478947	519394	40447	7	31	amdA; chnD; fadK; prmA; prmB; prmC; prmD	Alkanes; Beta-oxidation; Plastics	Beta-oxidation; PU; Subterminal oxidation; Terminal/biterminal oxidation	Hypothetical/accessory:13; Accessory/other:6; Oxygenase/dioxygenase:4; Dehydrogenase/oxidoreductase:3; Hydratase/dehydratase/isomerase:2; Electron transfer/redox:1; Regulator:1; CoA ligase/synthetase:1
GCF_000736435.1_panelcluster_14627	GCF_000736435.1	multi_hit	c_000000000001	4035388	4052806	17418	7	16	CYP450; aliA; catR; pcaF; pimC/aabA; pimD	Alkanes; Beta-oxidation; Catechol-ortho; Cyclohexanecarboxylate; Protocatechuate	Beta-oxidation; Catechol-ortho; Cyclohexanecarboxylate; Protocatechuate; Terminal/biterminal oxidation	Dehydrogenase/oxidoreductase:7; Regulator:2; Accessory/other:2; Thiolase/transferase:1; CoA ligase/synthetase:1; Hydratase/dehydratase/isomerase:1; Oxygenase/dioxygenase:1; Hypothetical/accessory:1
GCF_000736435.1_panelcluster_14629	GCF_000736435.1	multi_hit	c_000000000001	4125980	4137862	11882	7	12	bphC; bphD; bphJ; chcC1; chnE; hpcG; mhpE	Alkanes; Aromatics; Catechol-meta; Cyclohexanecarboxylate	Biphenyl; Catechol-meta; Cyclohexanecarboxylate; Homoprotocatechuate; Terminal/biterminal oxidation	Oxygenase/dioxygenase:4; Dehydrogenase/oxidoreductase:3; Hydrolase/decarboxylase/lyase:2; Hypothetical/accessory:2; Hydratase/dehydratase/isomerase:1
GCF_000736435.1_panelcluster_14704	GCF_000736435.1	multi_hit	c_000000000001	7896827	7904343	7516	7	8	pcaB; pcaF; pcaG; pcaH; pcaI; pcaJ; pcaL	Catechol-ortho; Protocatechuate	Catechol-ortho; Protocatechuate	Thiolase/transferase:3; Oxygenase/dioxygenase:2; Accessory/other:1; Hydrolase/decarboxylase/lyase:1; Hydratase/dehydratase/isomerase:1
GCF_013423925.1_panelcluster_14925	GCF_013423925.1	multi_hit	c_000000000001	1719930	1733392	13462	7	12	acdA; atoA; atoB; crt; hmgL; pcaI	Beta-oxidation; Catechol-ortho; Cyclohexylacetate	Beta-oxidation; Catechol-ortho; Cyclohexylacetate	Thiolase/transferase:3; Dehydrogenase/oxidoreductase:3; Carboxylase:2; Hydratase/dehydratase/isomerase:2; Hydrolase/decarboxylase/lyase:1; Accessory/other:1
GCF_015277575.1_panelcluster_15195	GCF_015277575.1	multi_hit	c_000000000001	5440561	5448237	7676	7	8	antA; antB; antC; catA; catB; catC; catR	Aromatics; Catechol-ortho	Anthranilate; Catechol-ortho	Oxygenase/dioxygenase:4; Hydratase/dehydratase/isomerase:2; Regulator:1; Hypothetical/accessory:1
GCF_016584445.1_panelcluster_15246	GCF_016584445.1	multi_hit	c_000000000001	2390440	2413933	23493	7	17	AAE3; aliB; chqB; echA1; est; pegC; pimC/aabA	Beta-oxidation; Cyclohexanecarboxylate; Hydroxyquinol; Oxalate; Plastics	Beta-oxidation; Cyclohexanecarboxylate; Hydroxyquinol; Oxalate; PBAT; PEG	Dehydrogenase/oxidoreductase:4; Hypothetical/accessory:3; Accessory/other:3; CoA ligase/synthetase:2; Carboxylase:2; Hydratase/dehydratase/isomerase:1; Oxygenase/dioxygenase:1; Transport/efflux:1
GCF_020886775.1_panelcluster_15298	GCF_020886775.1	multi_hit	c_000000000001	1042824	1053617	10793	7	10	chcAa; chcAb; chcAc; chcB1; chcB2; chcC1; chcC2	Cyclohexanecarboxylate	Cyclohexanecarboxylate	Dehydrogenase/oxidoreductase:5; Hypothetical/accessory:2; Electron transfer/redox:1; Regulator:1; Accessory/other:1
GCF_026428315.1_panelcluster_15363	GCF_026428315.1	multi_hit	c_000000000001	1250694	1266991	16297	7	13	alkN_mcp; galP; pcaB; pcaC; pcaD; pcaF; pcaK	Alkanes; Catechol-ortho; Gallate; Protocatechuate; Transportation	Gallate; Hydrocarbon uptake; Protocatechuate; Transportation	Hypothetical/accessory:4; Transport/efflux:4; Accessory/other:2; Thiolase/transferase:1; Hydratase/dehydratase/isomerase:1; Hydrolase/decarboxylase/lyase:1
GCF_026428315.1_panelcluster_15373	GCF_026428315.1	multi_hit	c_000000000001	1876279	1903485	27206	7	22	acdB; fadA; fadB; fadD; galD; nagR; opdK	Beta-oxidation; Gallate; Naphthalene; Transportation	Beta-oxidation; Gallate; Naphthalene; Transportation	Dehydrogenase/oxidoreductase:4; Transport/efflux:4; Hypothetical/accessory:4; Accessory/other:4; Regulator:2; Hydratase/dehydratase/isomerase:2; CoA ligase/synthetase:1; Thiolase/transferase:1
GCF_029269175.1_panelcluster_15677	GCF_029269175.1	multi_hit	c_000000000043	19788	27580	7792	7	8	antA; antB; antC; catA; catB; catC; catR	Aromatics; Catechol-ortho	Anthranilate; Catechol-ortho	Oxygenase/dioxygenase:4; Hydratase/dehydratase/isomerase:2; Hypothetical/accessory:1; Regulator:1
GCF_029269195.1_panelcluster_15767	GCF_029269195.1	multi_hit	c_000000000044	21137	29038	7901	7	8	antA; antB; antC; catA; catB; catC; catR	Aromatics; Catechol-ortho	Anthranilate; Catechol-ortho	Oxygenase/dioxygenase:4; Hydratase/dehydratase/isomerase:2; Hypothetical/accessory:1; Regulator:1
GCF_029269195.1_panelcluster_15789	GCF_029269195.1	multi_hit	c_000000000078	165888	175636	9748	7	10	galP; hpcB; hpcC; hpcD; hpcE; hpcG; hpcH	Aromatics; Gallate	Gallate; Homoprotocatechuate	Hydratase/dehydratase/isomerase:2; Transport/efflux:2; Carboxylase:2; Hydrolase/decarboxylase/lyase:1; Oxygenase/dioxygenase:1; Dehydrogenase/oxidoreductase:1; Hypothetical/accessory:1
GCF_029269225.1_panelcluster_15850	GCF_029269225.1	multi_hit	c_000000000039	20346	28217	7871	7	8	antA; antB; antC; catA; catB; catC; catR	Aromatics; Catechol-ortho	Anthranilate; Catechol-ortho	Oxygenase/dioxygenase:4; Hydratase/dehydratase/isomerase:2; Hypothetical/accessory:1; Regulator:1
GCF_029269255.1_panelcluster_15922	GCF_029269255.1	multi_hit	c_000000000014	10141	26467	16326	7	13	alkN_mcp; galP; pcaB; pcaC; pcaD; pcaF; pcaK	Alkanes; Catechol-ortho; Gallate; Protocatechuate; Transportation	Gallate; Hydrocarbon uptake; Protocatechuate; Transportation	Transport/efflux:4; Hypothetical/accessory:4; Accessory/other:2; Hydrolase/decarboxylase/lyase:1; Hydratase/dehydratase/isomerase:1; Thiolase/transferase:1
GCF_029269265.1_panelcluster_16008	GCF_029269265.1	multi_hit	c_000000000005	21238	35118	13880	7	12	acdA; atoA; atoB; crt; hmgL; pcaI	Beta-oxidation; Catechol-ortho; Cyclohexylacetate	Beta-oxidation; Catechol-ortho; Cyclohexylacetate	Dehydrogenase/oxidoreductase:3; Thiolase/transferase:3; Hydratase/dehydratase/isomerase:2; Carboxylase:2; Hypothetical/accessory:1; Hydrolase/decarboxylase/lyase:1
GCF_031600295.1_panelcluster_16187	GCF_031600295.1	multi_hit	c_000000000001	2394512	2418005	23493	7	17	AAE3; aliB; chqB; echA1; est; pegC; pimC/aabA	Beta-oxidation; Cyclohexanecarboxylate; Hydroxyquinol; Oxalate; Plastics	Beta-oxidation; Cyclohexanecarboxylate; Hydroxyquinol; Oxalate; PBAT; PEG	Dehydrogenase/oxidoreductase:4; Hypothetical/accessory:3; Accessory/other:3; CoA ligase/synthetase:2; Carboxylase:2; Hydratase/dehydratase/isomerase:1; Oxygenase/dioxygenase:1; Transport/efflux:1
GCF_041920375.1_panelcluster_16354	GCF_041920375.1	multi_hit	c_000000000033	1432	26439	25007	7	21	amnC; bphJ; bphX3; hpaH; hpcC; mhpD; xylI	Aromatics; Catechol-meta	2-Aminophenol; Anthranilate; Biphenyl; Catechol-meta; Homoprotocatechuate	Hypothetical/accessory:6; Transport/efflux:5; Dehydrogenase/oxidoreductase:4; Oxygenase/dioxygenase:2; Accessory/other:2; Hydratase/dehydratase/isomerase:1; Hydrolase/decarboxylase/lyase:1
GCF_051450025.1_panelcluster_16515	GCF_051450025.1	multi_hit	c_000000000013	10141	26467	16326	7	13	alkN_mcp; galP; pcaB; pcaC; pcaD; pcaF; pcaK	Alkanes; Catechol-ortho; Gallate; Protocatechuate; Transportation	Gallate; Hydrocarbon uptake; Protocatechuate; Transportation	Transport/efflux:4; Hypothetical/accessory:4; Accessory/other:2; Hydrolase/decarboxylase/lyase:1; Hydratase/dehydratase/isomerase:1; Thiolase/transferase:1
GROW_101_consensus_panelcluster_16579	GROW_101_consensus	multi_hit	1	816771	824631	7860	7	8	antA; antB; antC; catA; catB; catC; catR	Aromatics; Catechol-ortho	Anthranilate; Catechol-ortho	Oxygenase/dioxygenase:4; Hydratase/dehydratase/isomerase:2; Hypothetical/accessory:1; Regulator:1
GROW_101_consensus_panelcluster_16623	GROW_101_consensus	multi_hit	1	3239279	3257011	17732	7	16	benA; benB; galT; nagR; opdK; xylL; xylZ	Aromatics; Gallate; Naphthalene; Transportation	Benzene; Gallate; Naphthalene; Transportation	Hypothetical/accessory:7; Oxygenase/dioxygenase:3; Dehydrogenase/oxidoreductase:2; Transport/efflux:2; Regulator:1; Accessory/other:1
GROW_123_consensus_panelcluster_17009	GROW_123_consensus	multi_hit	1	4732780	4749049	16269	7	13	alkN_mcp; galP; pcaB; pcaC; pcaD; pcaF; pcaK	Alkanes; Catechol-ortho; Gallate; Protocatechuate; Transportation	Gallate; Hydrocarbon uptake; Protocatechuate; Transportation	Transport/efflux:4; Hypothetical/accessory:4; Accessory/other:2; Hydrolase/decarboxylase/lyase:1; Hydratase/dehydratase/isomerase:1; Thiolase/transferase:1
GROW_126_consensus_panelcluster_17054	GROW_126_consensus	multi_hit	1	2060864	2090528	29664	7	23	GI:23664434; acdA; amdA; atoB; badK; ladA	Alkanes; Aromatics; Beta-oxidation; Cyclohexanecarboxylate; Plastics	Benzene; Beta-oxidation; Cyclohexanecarboxylate; PU; Terminal/biterminal oxidation	Accessory/other:8; Dehydrogenase/oxidoreductase:5; Hydratase/dehydratase/isomerase:4; Hypothetical/accessory:3; Thiolase/transferase:1; Regulator:1; Oxygenase/dioxygenase:1
GROW_131_consensus_panelcluster_17159	GROW_131_consensus	multi_hit	1	577727	588024	10297	7	10	hpaB; hpaC; hpcC; hpcD; hpcE; hpcG; hpcH	Aromatics	4-Hydroxyphenylacetate; Homoprotocatechuate	Oxygenase/dioxygenase:3; Hydratase/dehydratase/isomerase:2; Carboxylase:1; Dehydrogenase/oxidoreductase:1; Hydrolase/decarboxylase/lyase:1; Transport/efflux:1; Hypothetical/accessory:1
GROW_131_consensus_panelcluster_17187	GROW_131_consensus	multi_hit	1	2637040	2655457	18417	7	19	hpcH; pcaB; pcaC; pcaG; pcaH; pcaK; pobA	Aromatics; Protocatechuate; Transportation	Homoprotocatechuate; Protocatechuate; Toluene; Transportation	Dehydrogenase/oxidoreductase:5; Oxygenase/dioxygenase:3; Hydratase/dehydratase/isomerase:3; Regulator:2; Hypothetical/accessory:2; Hydrolase/decarboxylase/lyase:2; Accessory/other:1; Transport/efflux:1
GROW_131_consensus_panelcluster_17190	GROW_131_consensus	multi_hit	1	3188992	3207140	18148	7	19	bphX3; mhpF; nagR; pcaD; pcaF; pcaI; pcaJ	Aromatics; Catechol-meta; Catechol-ortho; Naphthalene; Protocatechuate	Biphenyl; Catechol-meta; Catechol-ortho; Naphthalene; Protocatechuate	Accessory/other:5; Hypothetical/accessory:4; Hydrolase/decarboxylase/lyase:3; Thiolase/transferase:3; Dehydrogenase/oxidoreductase:2; Oxygenase/dioxygenase:1; Hydratase/dehydratase/isomerase:1
GROW_67_consensus_panelcluster_17348	GROW_67_consensus	multi_hit	1	5659086	5666955	7869	7	8	antA; antB; antC; catA; catB; catC; catR	Aromatics; Catechol-ortho	Anthranilate; Catechol-ortho	Oxygenase/dioxygenase:4; Hydratase/dehydratase/isomerase:2; Regulator:1; Hypothetical/accessory:1
GROW_68_consensus_panelcluster_17455	GROW_68_consensus	multi_hit	1	5620923	5628793	7870	7	8	antA; antB; antC; catA; catB; catC; catR	Aromatics; Catechol-ortho	Anthranilate; Catechol-ortho	Oxygenase/dioxygenase:4; Hydratase/dehydratase/isomerase:2; Regulator:1; Hypothetical/accessory:1
GROW_83_consensus_panelcluster_17878	GROW_83_consensus	multi_hit	1	4754492	4772990	18498	7	14	AvCA6_03910; acdB; aliA; atoB; chcB2; opdK	Beta-oxidation; Cyclohexanecarboxylate; Plastics; Transportation	Beta-oxidation; Cyclohexanecarboxylate; PHA/PHB; Transportation	Hypothetical/accessory:4; Transport/efflux:3; Accessory/other:3; Dehydrogenase/oxidoreductase:2; Regulator:1; CoA ligase/synthetase:1
GROW_93_consensus_panelcluster_17934	GROW_93_consensus	multi_hit	1	2726709	2732947	6238	7	7	benA; benB; catA; catB; catC; xylL; xylZ	Aromatics; Catechol-ortho	Benzene; Catechol-ortho	Oxygenase/dioxygenase:4; Hydratase/dehydratase/isomerase:2; Dehydrogenase/oxidoreductase:1
65.medaka_panelcluster_40	65.medaka	multi_hit	contig_3	1138843	1147696	8853	6	10	acdA; atoA; atoB; atoD; crt; paaH	Beta-oxidation; Cyclohexylacetate; Phenylacetate	Beta-oxidation; Cyclohexylacetate; Phenylacetate	Dehydrogenase/oxidoreductase:4; Thiolase/transferase:3; Hydratase/dehydratase/isomerase:1; Hydrolase/decarboxylase/lyase:1; Accessory/other:1
CP010517.1_panelcluster_235	CP010517.1	multi_hit	c_000000000001	548941	559978	11037	6	8	GI:23664434; boxA; boxB; boxC; galT; paaZ	Aromatics; Gallate; Phenylacetate	Benzene; Gallate; Phenylacetate	Hydrolase/decarboxylase/lyase:2; Oxygenase/dioxygenase:2; Transport/efflux:1; CoA ligase/synthetase:1; Dehydrogenase/oxidoreductase:1; Hypothetical/accessory:1
CP063454.1_panelcluster_306	CP063454.1	multi_hit	c_000000000001	2559197	2594529	35332	6	27	acdB; aliA; alkN_mcp; hmgL; ladA; pobA	Alkanes; Aromatics; Beta-oxidation; Cyclohexylacetate	Beta-oxidation; Cyclohexylacetate; Hydrocarbon uptake; Terminal/biterminal oxidation; Toluene	Regulator:7; Accessory/other:6; Hypothetical/accessory:6; Hydrolase/decarboxylase/lyase:3; Dehydrogenase/oxidoreductase:2; Oxygenase/dioxygenase:2; CoA ligase/synthetase:1
CP063454.1_panelcluster_356	CP063454.1	multi_hit	c_000000000001	5626355	5656900	30545	6	26	dszC; ladA; mpdC; opdK; ssuD	Alkanes; Alkenes; Aromatics; Transportation	2-methylpropene; Auxillary alkane pathway; Dibenzofuran; Terminal/biterminal oxidation; Transportation	Accessory/other:11; Transport/efflux:5; Hypothetical/accessory:4; Oxygenase/dioxygenase:3; Dehydrogenase/oxidoreductase:2; Regulator:1
CP063455.1_panelcluster_417	CP063455.1	multi_hit	c_000000000001	3588743	3612134	23391	6	19	GI:23664434; acdA; atoB; badK; opdK	Aromatics; Beta-oxidation; Cyclohexanecarboxylate; Transportation	Benzene; Beta-oxidation; Cyclohexanecarboxylate; Transportation	Dehydrogenase/oxidoreductase:5; Hypothetical/accessory:4; Accessory/other:4; Transport/efflux:3; Hydratase/dehydratase/isomerase:1; Thiolase/transferase:1; Regulator:1
Exp3_MAG_104_panelcluster_692	Exp3_MAG_104	multi_hit	MAGs/Exp3_MAG_104_c_000000000045	2375	19204	16829	6	16	ahpF; paaJ; pcaB; pcaD; pcaI; pcaJ	Alkanes; Catechol-ortho; Phenylacetate; Protocatechuate	Catechol-ortho; Finnerty pathway; Phenylacetate; Protocatechuate	Hypothetical/accessory:6; Thiolase/transferase:3; Accessory/other:2; Electron transfer/redox:1; Transport/efflux:1; Regulator:1; Hydratase/dehydratase/isomerase:1; Hydrolase/decarboxylase/lyase:1
Exp3_MAG_114_panelcluster_1213	Exp3_MAG_114	multi_hit	MAGs/Exp3_MAG_114_c_000000000177	683	6119	5436	6	6	catR; dmpO; tomA1; tomA2; tomA3; xylE	Aromatics; Catechol-meta; Catechol-ortho	Catechol-meta; Catechol-ortho; Phenol; Toluene	Oxygenase/dioxygenase:3; Regulator:1; Accessory/other:1; Hypothetical/accessory:1
Exp3_MAG_114_panelcluster_1218	Exp3_MAG_114	multi_hit	MAGs/Exp3_MAG_114_c_000000000240	789	7404	6615	6	8	tomA1; tomA2; tomA3; tomA4; tomA5; xylE	Aromatics; Catechol-meta	Catechol-meta; Toluene	Oxygenase/dioxygenase:4; Hypothetical/accessory:2; Regulator:1; Accessory/other:1
Exp3_MAG_13_panelcluster_2073	Exp3_MAG_13	multi_hit	MAGs/Exp3_MAG_13_c_000000000019	5941	36016	30075	6	25	aliA; atoB; badH; chcB1; fadK; pnbA	Beta-oxidation; Cyclohexanecarboxylate; Plastics	Beta-oxidation; Cyclohexanecarboxylate; PET	Hypothetical/accessory:7; Dehydrogenase/oxidoreductase:7; CoA ligase/synthetase:2; Accessory/other:2; Transport/efflux:2; Oxygenase/dioxygenase:2; Thiolase/transferase:1; Electron transfer/redox:1; Hydrolase/decarboxylase/lyase:1
Exp3_MAG_13_panelcluster_2074	Exp3_MAG_13	multi_hit	MAGs/Exp3_MAG_13_c_000000000019	93054	126073	33019	6	27	atdA1; benD-xylL; catB; phaZc; pht3; xylG	Aromatics; Benzoate; Catechol-meta; Catechol-ortho; Plastics	Aniline; Benzoate; Catechol-meta; Catechol-ortho; PHA/PHB; Phthalate	Accessory/other:5; Hypothetical/accessory:5; Hydrolase/decarboxylase/lyase:4; Dehydrogenase/oxidoreductase:4; Carboxylase:3; Regulator:2; Oxygenase/dioxygenase:2; Transport/efflux:1; Hydratase/dehydratase/isomerase:1
Exp3_MAG_13_panelcluster_2119	Exp3_MAG_13	multi_hit	MAGs/Exp3_MAG_13_c_000000000093	41695	60702	19007	6	17	aabB; amnC; chcC1; mhbD; mpdB; nagR	Alkenes; Aromatics; Cyclohexanecarboxylate; Gentisate; Naphthalene	2-Aminophenol; 2-methylpropene; Cyclohexanecarboxylate; Gentisate; Naphthalene	Hypothetical/accessory:5; Dehydrogenase/oxidoreductase:4; Electron transfer/redox:2; Accessory/other:2; Oxygenase/dioxygenase:1; Thiolase/transferase:1; Hydrolase/decarboxylase/lyase:1; Hydratase/dehydratase/isomerase:1
Exp3_MAG_130_panelcluster_2230	Exp3_MAG_130	multi_hit	MAGs/Exp3_MAG_130_c_000000000722	789	19790	19001	6	18	aabB; aliB; fadK; sdgB; xecE1	Alkenes; Aromatics; Beta-oxidation; Cyclohexanecarboxylate	Beta-oxidation; Cyclohexanecarboxylate; Propene; Salicylate	Dehydrogenase/oxidoreductase:6; Hydratase/dehydratase/isomerase:3; CoA ligase/synthetase:3; Transport/efflux:2; Hypothetical/accessory:2; Accessory/other:1; Regulator:1
Exp3_MAG_131_panelcluster_2280	Exp3_MAG_131	multi_hit	MAGs/Exp3_MAG_131_c_000000000009	118676	129242	10566	6	11	galA; galC; galD; galR; pcaK; pobA	Aromatics; Gallate; Transportation	Gallate; Toluene; Transportation	Oxygenase/dioxygenase:3; Hypothetical/accessory:3; Hydrolase/decarboxylase/lyase:2; Hydratase/dehydratase/isomerase:1; Accessory/other:1; Transport/efflux:1
Exp3_MAG_131_panelcluster_2306	Exp3_MAG_131	multi_hit	MAGs/Exp3_MAG_131_c_000000000026	24111	36730	12619	6	15	hpcC; hpcE; hpcG; hpcH; xylB	Aromatics	Homoprotocatechuate; Toluene	Hypothetical/accessory:8; Dehydrogenase/oxidoreductase:2; Regulator:1; Carboxylase:1; Oxygenase/dioxygenase:1; Hydratase/dehydratase/isomerase:1; Hydrolase/decarboxylase/lyase:1
Exp3_MAG_132_panelcluster_2330	Exp3_MAG_132	multi_hit	MAGs/Exp3_MAG_132_c_000000000020	125877	131982	6105	6	7	paaJ; pcaB; pcaH; pcaI; pcaJ; pcaL	Catechol-ortho; Phenylacetate; Protocatechuate	Catechol-ortho; Phenylacetate; Protocatechuate	Thiolase/transferase:3; Oxygenase/dioxygenase:2; Hydratase/dehydratase/isomerase:1; Hydrolase/decarboxylase/lyase:1
Exp3_MAG_132_panelcluster_2351	Exp3_MAG_132	multi_hit	MAGs/Exp3_MAG_132_c_000000000044	10493	29822	19329	6	16	AAE3; chcB1; chnE; hpcE; phdK; xecD	Alkanes; Alkenes; Aromatics; Cyclohexanecarboxylate; Oxalate	Cyclohexanecarboxylate; Homoprotocatechuate; Oxalate; Propene; Terminal/biterminal oxidation; p-Cumate	Hypothetical/accessory:5; Dehydrogenase/oxidoreductase:4; Regulator:2; Transport/efflux:2; Accessory/other:2; CoA ligase/synthetase:1
Exp3_MAG_136_panelcluster_2501	Exp3_MAG_136	multi_hit	MAGs/Exp3_MAG_136_c_000000000437	7206	31192	23986	6	22	abmA; abmG1; badH; hmgA; pcaB; pcaD	Aromatics; Beta-oxidation; Catechol-ortho; Protocatechuate	Anthranilate; Beta-oxidation; Homogentisate; Protocatechuate	Hypothetical/accessory:8; Accessory/other:5; Dehydrogenase/oxidoreductase:3; Hydratase/dehydratase/isomerase:2; Oxygenase/dioxygenase:2; Hydrolase/decarboxylase/lyase:1; CoA ligase/synthetase:1
Exp3_MAG_138_panelcluster_2595	Exp3_MAG_138	multi_hit	MAGs/Exp3_MAG_138_c_000000000544	10	8728	8718	6	9	bphX3; catR; dmpN; dmpP; tomA1; tomA4	Aromatics; Catechol-ortho	Biphenyl; Catechol-ortho; Phenol; Toluene	Oxygenase/dioxygenase:4; Regulator:2; Hypothetical/accessory:2; Hydrolase/decarboxylase/lyase:1
Exp3_MAG_141_panelcluster_2781	Exp3_MAG_141	multi_hit	MAGs/Exp3_MAG_141_c_000000000031	452	5878	5426	6	6	pcaB; pcaC; pcaD; pcaF; pcaG; pcaH	Catechol-ortho; Protocatechuate	Protocatechuate	Oxygenase/dioxygenase:2; Thiolase/transferase:1; Hydratase/dehydratase/isomerase:1; Hydrolase/decarboxylase/lyase:1; Hypothetical/accessory:1
Exp3_MAG_148_panelcluster_3120	Exp3_MAG_148	multi_hit	MAGs/Exp3_MAG_148_c_000000000199	330	4775	4445	6	6	paaA; paaB; paaC; paaD; paaE; paaK	Phenylacetate	Phenylacetate	Accessory/other:5; CoA ligase/synthetase:1
Exp3_MAG_157_panelcluster_3666	Exp3_MAG_157	multi_hit	MAGs/Exp3_MAG_157_c_000000000031	14228	43629	29401	6	27	PGRcl; acdB; bamB; est; fadA; fadB	Benzoyl-CoA; Beta-oxidation; Plastics; Pyrogallol	Benzoyl-CoA; Beta-oxidation; PBAT; Pyrogallol	Accessory/other:9; Hypothetical/accessory:5; Dehydrogenase/oxidoreductase:4; Transport/efflux:4; Hydratase/dehydratase/isomerase:2; Thiolase/transferase:1; Regulator:1; Electron transfer/redox:1
Exp3_MAG_157_panelcluster_3670	Exp3_MAG_157	multi_hit	MAGs/Exp3_MAG_157_c_000000000035	31070	51811	20741	6	17	GI:23664434; acdB; boxA; boxB; boxC; paaH	Aromatics; Beta-oxidation; Phenylacetate	Benzene; Beta-oxidation; Phenylacetate	Hypothetical/accessory:9; Accessory/other:2; Oxygenase/dioxygenase:2; CoA ligase/synthetase:1; Hydrolase/decarboxylase/lyase:1; Hydratase/dehydratase/isomerase:1; Dehydrogenase/oxidoreductase:1
Exp3_MAG_161_panelcluster_3812	Exp3_MAG_161	multi_hit	MAGs/Exp3_MAG_161_c_000000000130	1282	13106	11824	6	10	BVMO; alkB; alkJ_adh; alkL; alkS; chcAb	Alkanes; Cyclohexanecarboxylate	Auxillary alkane pathway; Cyclohexanecarboxylate; Hydrocarbon uptake; Subterminal oxidation; Terminal/biterminal oxidation	Dehydrogenase/oxidoreductase:3; Electron transfer/redox:2; Oxygenase/dioxygenase:2; Accessory/other:1; Regulator:1; Hydrolase/decarboxylase/lyase:1
Exp3_MAG_162_panelcluster_3874	Exp3_MAG_162	multi_hit	MAGs/Exp3_MAG_162_c_000000000042	3475	46693	43218	6	37	abmG1; aliA; aliB; nylB; tanL; xylB	Aromatics; Beta-oxidation; Plastics; Tannin	Anthranilate; Beta-oxidation; Nylon; Tannin; Toluene	Hypothetical/accessory:17; Dehydrogenase/oxidoreductase:5; CoA ligase/synthetase:4; Accessory/other:4; Thiolase/transferase:2; Regulator:2; Transport/efflux:1; Hydrolase/decarboxylase/lyase:1; Hydratase/dehydratase/isomerase:1
Exp3_MAG_162_panelcluster_3883	Exp3_MAG_162	multi_hit	MAGs/Exp3_MAG_162_c_000000000050	1226	12357	11131	6	8	AAE3; fadA; fadJ; pimC/aabA; pimD; uctC	Beta-oxidation; Cyclohexanecarboxylate; Oxalate	Beta-oxidation; Cyclohexanecarboxylate; Oxalate	Thiolase/transferase:2; Dehydrogenase/oxidoreductase:2; CoA ligase/synthetase:1; Hypothetical/accessory:1; Hydratase/dehydratase/isomerase:1; Accessory/other:1
Exp3_MAG_167_panelcluster_4180	Exp3_MAG_167	multi_hit	MAGs/Exp3_MAG_167_c_000000000226	9566	13678	4112	6	6	paaA; paaB; paaC; paaD; paaG; paaY	Phenylacetate	Phenylacetate	Accessory/other:5; Hydratase/dehydratase/isomerase:1
Exp3_MAG_169_panelcluster_4215	Exp3_MAG_169	multi_hit	MAGs/Exp3_MAG_169_c_000000000005	36268	59152	22884	6	23	mpdC; pcaI; pcaJ; uctC; yfdE	Alkenes; Catechol-ortho; Oxalate	2-methylpropene; Catechol-ortho; Oxalate	Hypothetical/accessory:8; Thiolase/transferase:6; Dehydrogenase/oxidoreductase:2; Hydrolase/decarboxylase/lyase:2; Mobile/stress/accessory:1; Regulator:1; Hydratase/dehydratase/isomerase:1; Carboxylase:1; Accessory/other:1
Exp3_MAG_17_panelcluster_4283	Exp3_MAG_17	multi_hit	MAGs/Exp3_MAG_17_c_000000000081	51235	64388	13153	6	9	GMET_RS16560; atoB; fadA; pnbA	Beta-oxidation; Plastics	Beta-oxidation; PET	Accessory/other:3; Thiolase/transferase:3; Hypothetical/accessory:2; Dehydrogenase/oxidoreductase:1
Exp3_MAG_17_panelcluster_4284	Exp3_MAG_17	multi_hit	MAGs/Exp3_MAG_17_c_000000000081	86903	101654	14751	6	14	acdB; atoA; fadA; fadD; mhbl; pcaI	Beta-oxidation; Catechol-ortho; Cyclohexylacetate; Gentisate	Beta-oxidation; Catechol-ortho; Cyclohexylacetate; Gentisate	Hypothetical/accessory:3; Thiolase/transferase:3; Electron transfer/redox:3; Dehydrogenase/oxidoreductase:2; CoA ligase/synthetase:1; Oxygenase/dioxygenase:1; Hydratase/dehydratase/isomerase:1
Exp3_MAG_173_panelcluster_4405	Exp3_MAG_173	multi_hit	MAGs/Exp3_MAG_173_c_000000000014	1921	35576	33655	6	27	BVMO; CYP450; crt; pimC/aabA; pimD	Alkanes; Beta-oxidation; Cyclohexanecarboxylate	Beta-oxidation; Cyclohexanecarboxylate; Subterminal oxidation; Terminal/biterminal oxidation	Hypothetical/accessory:10; Oxygenase/dioxygenase:4; Dehydrogenase/oxidoreductase:4; Accessory/other:3; Hydrolase/decarboxylase/lyase:2; CoA ligase/synthetase:1; Hydratase/dehydratase/isomerase:1; Transport/efflux:1; Electron transfer/redox:1
Exp3_MAG_177_panelcluster_4645	Exp3_MAG_177	multi_hit	MAGs/Exp3_MAG_177_c_000000000308	869	15810	14941	6	13	AAE3; chnE; galA; hapE; pobA; sdc	Alkanes; Aromatics; Gallate; Hydroquinone; Oxalate	Gallate; Hydroquinone; Oxalate; Salicylate; Terminal/biterminal oxidation; Toluene	Oxygenase/dioxygenase:4; Accessory/other:3; CoA ligase/synthetase:2; Dehydrogenase/oxidoreductase:2; Hypothetical/accessory:1; Hydratase/dehydratase/isomerase:1
Exp3_MAG_180_panelcluster_4744	Exp3_MAG_180	multi_hit	MAGs/Exp3_MAG_180_c_000000000059	18047	25102	7055	6	8	paaA; paaB; paaC; paaD; paaE; paaG	Phenylacetate	Phenylacetate	Accessory/other:4; Hypothetical/accessory:3; Hydratase/dehydratase/isomerase:1
Exp3_MAG_189_panelcluster_5015	Exp3_MAG_189	multi_hit	MAGs/Exp3_MAG_189_c_000000000001	40316	65172	24856	6	23	chnA; hpaH; hpcC; hpcD; paaK; xylX	Alkanes; Aromatics; Phenylacetate	Anthranilate; Benzene; Homoprotocatechuate; Phenylacetate; Terminal/biterminal oxidation	Dehydrogenase/oxidoreductase:6; Hypothetical/accessory:6; Oxygenase/dioxygenase:3; CoA ligase/synthetase:2; Transport/efflux:2; Hydratase/dehydratase/isomerase:1; Regulator:1; Carboxylase:1; Accessory/other:1
Exp3_MAG_196_panelcluster_5356	Exp3_MAG_196	multi_hit	MAGs/Exp3_MAG_196_c_000000000003	33618	73462	39844	6	25	alkH_ald; amdA; chcB2; galA; nylA	Alkanes; Cyclohexanecarboxylate; Gallate; Plastics	Auxillary alkane pathway; Cyclohexanecarboxylate; Gallate; Nylon; PU	Accessory/other:11; Hypothetical/accessory:8; Dehydrogenase/oxidoreductase:2; Oxygenase/dioxygenase:2; Carboxylase:1; Hydrolase/decarboxylase/lyase:1
Exp3_MAG_201_panelcluster_5604	Exp3_MAG_201	multi_hit	MAGs/Exp3_MAG_201_c_000000000128	1423	6756	5333	6	6	catR; tomA1; tomA2; tomA3; tomA4; tomA5	Aromatics; Catechol-ortho	Catechol-ortho; Toluene	Oxygenase/dioxygenase:4; Regulator:1; Hypothetical/accessory:1
Exp3_MAG_209_panelcluster_5828	Exp3_MAG_209	multi_hit	MAGs/Exp3_MAG_209_c_000000000019	4282	18861	14579	6	12	paaA; paaB; paaC; paaD; paaE	Phenylacetate	Phenylacetate	Accessory/other:7; Hypothetical/accessory:4; Dehydrogenase/oxidoreductase:1
Exp3_MAG_223_panelcluster_6266	Exp3_MAG_223	multi_hit	MAGs/Exp3_MAG_223_c_000000000011	85578	94081	8503	6	8	paaA; paaB; paaC; paaD; paaE; paaG	Phenylacetate	Phenylacetate	Accessory/other:5; Hypothetical/accessory:2; Hydratase/dehydratase/isomerase:1
Exp3_MAG_226_panelcluster_6358	Exp3_MAG_226	multi_hit	MAGs/Exp3_MAG_226_c_000000000134	6072	19830	13758	6	13	CYP153; atdA1; chnE; hpcE; pobB; xylG	Alkanes; Aromatics; Catechol-meta; Protocatechuate	Aniline; Catechol-meta; Homoprotocatechuate; Protocatechuate; Terminal/biterminal oxidation	Hypothetical/accessory:5; Oxygenase/dioxygenase:3; Dehydrogenase/oxidoreductase:2; Accessory/other:2; Electron transfer/redox:1
Exp3_MAG_232_panelcluster_6646	Exp3_MAG_232	multi_hit	MAGs/Exp3_MAG_232_c_000000000047	7523	28678	21155	6	19	GI:23664434; ISF6_0224; atdA1; boxB; boxC; pht3	Aromatics; Plastics	Aniline; Benzene; PET; Phthalate	Hypothetical/accessory:7; Transport/efflux:3; Accessory/other:3; Hydrolase/decarboxylase/lyase:2; Oxygenase/dioxygenase:2; Dehydrogenase/oxidoreductase:1; CoA ligase/synthetase:1
Exp3_MAG_237_panelcluster_6976	Exp3_MAG_237	multi_hit	MAGs/Exp3_MAG_237_c_000000000017	10097	21161	11064	6	11	acdB; galA; galC; galD; galR; pobA	Aromatics; Beta-oxidation; Gallate	Beta-oxidation; Gallate; Toluene	Oxygenase/dioxygenase:3; Dehydrogenase/oxidoreductase:2; Hydrolase/decarboxylase/lyase:2; Hydratase/dehydratase/isomerase:2; Regulator:1; Hypothetical/accessory:1
Exp3_MAG_240_panelcluster_7184	Exp3_MAG_240	multi_hit	MAGs/Exp3_MAG_240_c_000000000100	924	20997	20073	6	20	galA; galB; galC; galD; mpdC; pobB	Alkenes; Gallate; Protocatechuate	2-methylpropene; Gallate; Protocatechuate	Hypothetical/accessory:6; Hydrolase/decarboxylase/lyase:2; Hydratase/dehydratase/isomerase:2; Regulator:2; Oxygenase/dioxygenase:2; Accessory/other:2; Transport/efflux:2; Electron transfer/redox:1; Dehydrogenase/oxidoreductase:1
Exp3_MAG_252_panelcluster_7956	Exp3_MAG_252	multi_hit	MAGs/Exp3_MAG_252_c_000000000067	3277	8639	5362	6	6	paaG; paaI; paaJ; paaK; pcaI; pcaJ	Catechol-ortho; Phenylacetate	Catechol-ortho; Phenylacetate	Thiolase/transferase:3; CoA ligase/synthetase:1; Hydrolase/decarboxylase/lyase:1; Hydratase/dehydratase/isomerase:1
Exp3_MAG_253_panelcluster_8000	Exp3_MAG_253	multi_hit	MAGs/Exp3_MAG_253_c_000000000002	44730	63960	19230	6	17	aabB; badH; chnB; hpcH; paaG; pimC/aabA	Alkanes; Aromatics; Beta-oxidation; Cyclohexanecarboxylate; Phenylacetate	Beta-oxidation; Cyclohexanecarboxylate; Homoprotocatechuate; Phenylacetate; Terminal/biterminal oxidation	Dehydrogenase/oxidoreductase:4; Hypothetical/accessory:3; Hydrolase/decarboxylase/lyase:2; Hydratase/dehydratase/isomerase:2; Transport/efflux:2; Oxygenase/dioxygenase:1; CoA ligase/synthetase:1; Regulator:1; Accessory/other:1
Exp3_MAG_253_panelcluster_8020	Exp3_MAG_253	multi_hit	MAGs/Exp3_MAG_253_c_000000000009	36561	56090	19529	6	20	alkJ_adh; est; pcaC; pegA; xecE1	Alkanes; Alkenes; Plastics; Protocatechuate	Auxillary alkane pathway; PBAT; PEG; PLA; Propene; Protocatechuate	Hypothetical/accessory:6; Dehydrogenase/oxidoreductase:5; Accessory/other:4; Transport/efflux:3; Hydrolase/decarboxylase/lyase:1; Regulator:1
Exp3_MAG_253_panelcluster_8057	Exp3_MAG_253	multi_hit	MAGs/Exp3_MAG_253_c_000000000041	1394	30474	29080	6	25	GMET_RS16560; alkJ_adh; fadK; hbd; uctC	Alkanes; Beta-oxidation; Oxalate; Plastics	Auxillary alkane pathway; Beta-oxidation; Oxalate; P3HV/PHA/PHBV	Dehydrogenase/oxidoreductase:5; Hypothetical/accessory:4; Accessory/other:3; Thiolase/transferase:3; CoA ligase/synthetase:2; Electron transfer/redox:2; Hydratase/dehydratase/isomerase:2; Transport/efflux:2; Regulator:1; Hydrolase/decarboxylase/lyase:1
Exp3_MAG_254_panelcluster_8078	Exp3_MAG_254	multi_hit	MAGs/Exp3_MAG_254_c_000000000005	21147	26001	4854	6	6	paaA; paaB; paaC; paaD; paaE; pcaF	Catechol-ortho; Phenylacetate; Protocatechuate	Phenylacetate; Protocatechuate	Accessory/other:5; Thiolase/transferase:1
Exp3_MAG_262_panelcluster_8625	Exp3_MAG_262	multi_hit	MAGs/Exp3_MAG_262_c_000000000017	101909	111354	9445	6	10	badK; fadK; hmgL; pcaH; uctC	Beta-oxidation; Cyclohexanecarboxylate; Cyclohexylacetate; Oxalate; Protocatechuate	Beta-oxidation; Cyclohexanecarboxylate; Cyclohexylacetate; Oxalate; Protocatechuate	Hydratase/dehydratase/isomerase:2; Hypothetical/accessory:2; Oxygenase/dioxygenase:2; Hydrolase/decarboxylase/lyase:1; CoA ligase/synthetase:1; Thiolase/transferase:1; Dehydrogenase/oxidoreductase:1
Exp3_MAG_262_panelcluster_8628	Exp3_MAG_262	multi_hit	MAGs/Exp3_MAG_262_c_000000000019	41503	75054	33551	6	29	acdB; chnE; fadA; fadJ; hpcE	Alkanes; Aromatics; Beta-oxidation	Beta-oxidation; Homoprotocatechuate; Terminal/biterminal oxidation	Hypothetical/accessory:11; Accessory/other:6; Dehydrogenase/oxidoreductase:4; Hydratase/dehydratase/isomerase:2; Transport/efflux:2; Regulator:2; Thiolase/transferase:1; Hydrolase/decarboxylase/lyase:1
Exp3_MAG_269_panelcluster_9219	Exp3_MAG_269	multi_hit	MAGs/Exp3_MAG_269_c_000000000413	242	7716	7474	6	8	paaA; paaB; paaC; paaD; paaE; paaZ	Phenylacetate	Phenylacetate	Accessory/other:5; Hypothetical/accessory:2; Hydrolase/decarboxylase/lyase:1
Exp3_MAG_274_panelcluster_9754	Exp3_MAG_274	multi_hit	MAGs/Exp3_MAG_274_c_000000000042	58	7867	7809	6	9	dpgC; paaB; paaC; paaD; paaG; paaI	Aromatics; Phenylacetate	Phenylacetate; Toluene	Accessory/other:3; Dehydrogenase/oxidoreductase:2; Hypothetical/accessory:1; Oxygenase/dioxygenase:1; Hydratase/dehydratase/isomerase:1; Hydrolase/decarboxylase/lyase:1
Exp3_MAG_281_panelcluster_10163	Exp3_MAG_281	multi_hit	MAGs/Exp3_MAG_281_c_000000000060	803	18498	17695	6	14	aabB; alkJ_adh; paaG; pimC/aabA; pimD; xylC	Alkanes; Aromatics; Cyclohexanecarboxylate; Phenylacetate	Auxillary alkane pathway; Cyclohexanecarboxylate; Phenylacetate; Toluene	Dehydrogenase/oxidoreductase:8; Hydratase/dehydratase/isomerase:2; Hypothetical/accessory:2; Thiolase/transferase:2
Exp3_MAG_284_panelcluster_10269	Exp3_MAG_284	multi_hit	MAGs/Exp3_MAG_284_c_000000000352	2005	6867	4862	6	6	pcaB; pcaC; pcaD; pcaG; pcaH; pobA	Aromatics; Catechol-ortho; Protocatechuate	Protocatechuate; Toluene	Oxygenase/dioxygenase:3; Hydratase/dehydratase/isomerase:1; Hydrolase/decarboxylase/lyase:1; Hypothetical/accessory:1
Exp3_MAG_56_panelcluster_11981	Exp3_MAG_56	multi_hit	MAGs/Exp3_MAG_56_c_000000000034	45171	51453	6282	6	6	andAb; andAc; andAd; catA; catB; catR	Aromatics; Catechol-ortho	Anthranilate; Catechol-ortho	Oxygenase/dioxygenase:3; Regulator:1; Hydratase/dehydratase/isomerase:1; Electron transfer/redox:1
Exp3_MAG_57_panelcluster_12098	Exp3_MAG_57	multi_hit	MAGs/Exp3_MAG_57_c_000000000712	24478	42142	17664	6	19	chcB1; crt; fadK; paaG; uctC	Beta-oxidation; Cyclohexanecarboxylate; Oxalate; Phenylacetate	Beta-oxidation; Cyclohexanecarboxylate; Oxalate; Phenylacetate	Hypothetical/accessory:6; Hydratase/dehydratase/isomerase:3; Transport/efflux:2; Accessory/other:2; Dehydrogenase/oxidoreductase:2; Mobile/stress/accessory:1; CoA ligase/synthetase:1; Hydrolase/decarboxylase/lyase:1; Thiolase/transferase:1
Exp3_MAG_68_panelcluster_12479	Exp3_MAG_68	multi_hit	MAGs/Exp3_MAG_68_c_000000000109	48	5083	5035	6	6	benA; benB; benD; catA; catB; catC	Aromatics; Catechol-ortho	Benzene; Catechol-ortho	Oxygenase/dioxygenase:3; Hydratase/dehydratase/isomerase:2; Dehydrogenase/oxidoreductase:1
Exp3_MAG_89_panelcluster_13425	Exp3_MAG_89	multi_hit	MAGs/Exp3_MAG_89_c_000000000027	112716	120759	8043	6	8	paaA; paaB; paaC; paaD; paaE; paaG	Phenylacetate	Phenylacetate	Accessory/other:4; Hypothetical/accessory:3; Hydratase/dehydratase/isomerase:1
GCF_000470885.1_panelcluster_14001	GCF_000470885.1	multi_hit	c_000000000001	109914	130522	20608	6	14	BVMO; bphJ; chcC1; fadK; hpcG; mhpE	Alkanes; Aromatics; Beta-oxidation; Catechol-meta; Cyclohexanecarboxylate	Beta-oxidation; Biphenyl; Catechol-meta; Cyclohexanecarboxylate; Homoprotocatechuate; Subterminal oxidation	Accessory/other:5; Hypothetical/accessory:3; CoA ligase/synthetase:2; Dehydrogenase/oxidoreductase:2; Hydratase/dehydratase/isomerase:1; Hydrolase/decarboxylase/lyase:1
GCF_000470885.1_panelcluster_14066	GCF_000470885.1	multi_hit	c_000000000001	4347624	4359983	12359	6	11	acdB; alkB; bedA; fadI; rdx	Alkanes; Aromatics; Beta-oxidation; Catechol-ortho	Benzene; Beta-oxidation; Catechol-ortho; Terminal/biterminal oxidation	Hypothetical/accessory:5; Electron transfer/redox:3; Dehydrogenase/oxidoreductase:1; Thiolase/transferase:1; Oxygenase/dioxygenase:1
GCF_000470885.1_panelcluster_14078	GCF_000470885.1	multi_hit	c_000000000001	4807437	4826361	18924	6	18	BVMO; badI; padAd1; pegC; xylB	Alkanes; Aromatics; Beta-oxidation; Plastics	Beta-oxidation; PEG; Phthalate; Subterminal oxidation; Toluene	Hypothetical/accessory:4; Oxygenase/dioxygenase:3; Dehydrogenase/oxidoreductase:3; Electron transfer/redox:3; Regulator:2; Accessory/other:1; Hydrolase/decarboxylase/lyase:1; Hydratase/dehydratase/isomerase:1
GCF_000470885.1_panelcluster_14088	GCF_000470885.1	multi_hit	c_000000000001	5406230	5419894	13664	6	11	CYP153; alkH_ald; chnB; chnC; echA1; fadA	Alkanes; Beta-oxidation	Auxillary alkane pathway; Beta-oxidation; Terminal/biterminal oxidation	Oxygenase/dioxygenase:2; Accessory/other:2; Hypothetical/accessory:2; Dehydrogenase/oxidoreductase:2; Hydratase/dehydratase/isomerase:1; Hydrolase/decarboxylase/lyase:1; Thiolase/transferase:1
GCF_000475355.1_panelcluster_14332	GCF_000475355.1	multi_hit	c_000000000024	321	10754	10433	6	7	alkB; alkH_ald; alkJ_adh; alkL; alkS; rdx	Alkanes	Auxillary alkane pathway; Hydrocarbon uptake; Terminal/biterminal oxidation	Dehydrogenase/oxidoreductase:2; Hypothetical/accessory:1; CoA ligase/synthetase:1; Electron transfer/redox:1; Oxygenase/dioxygenase:1; Regulator:1
GCF_000475395.1_panelcluster_14430	GCF_000475395.1	multi_hit	c_000000000002	28734	44602	15868	6	14	mhbl; pcaB; pcaD; pcaG; pcaH; pobA	Aromatics; Catechol-ortho; Gentisate; Protocatechuate	Gentisate; Protocatechuate; Toluene	Hypothetical/accessory:4; Oxygenase/dioxygenase:3; Hydratase/dehydratase/isomerase:2; Accessory/other:2; Dehydrogenase/oxidoreductase:1; Regulator:1; Hydrolase/decarboxylase/lyase:1
GCF_000475395.1_panelcluster_14460	GCF_000475395.1	multi_hit	c_000000000008	29030	45538	16508	6	17	hbd; hpcB; hpcC; hpcG; hpcH; xylE	Aromatics; Catechol-meta; Plastics	Catechol-meta; Homoprotocatechuate; P3HV/PHA/PHBV	Hypothetical/accessory:4; Hydratase/dehydratase/isomerase:3; Dehydrogenase/oxidoreductase:2; Oxygenase/dioxygenase:2; Transport/efflux:2; Carboxylase:1; Hydrolase/decarboxylase/lyase:1; Accessory/other:1; Regulator:1
GCF_000736435.1_panelcluster_14573	GCF_000736435.1	multi_hit	c_000000000001	618937	634257	15320	6	18	bphC; bphD; ladA; mhpD; mhpF; xylK	Alkanes; Aromatics; Catechol-meta	Biphenyl; Catechol-meta; Terminal/biterminal oxidation	Hypothetical/accessory:10; Oxygenase/dioxygenase:3; Hydrolase/decarboxylase/lyase:2; Accessory/other:1; Dehydrogenase/oxidoreductase:1; Hydratase/dehydratase/isomerase:1
GCF_000736435.1_panelcluster_14580	GCF_000736435.1	multi_hit	c_000000000001	1155647	1173761	18114	6	13	alkH_ald; fadD; fadK; pimC/aabA; pimD; xylB	Alkanes; Aromatics; Beta-oxidation; Cyclohexanecarboxylate	Auxillary alkane pathway; Beta-oxidation; Cyclohexanecarboxylate; Toluene	Dehydrogenase/oxidoreductase:5; Hypothetical/accessory:3; CoA ligase/synthetase:2; Accessory/other:1; Transport/efflux:1; Hydratase/dehydratase/isomerase:1
GCF_000736435.1_panelcluster_14584	GCF_000736435.1	multi_hit	c_000000000001	1290500	1305847	15347	6	13	BVMO; alkH_ald; crt; paaF; pobB; sdgB	Alkanes; Aromatics; Beta-oxidation; Phenylacetate; Protocatechuate	Auxillary alkane pathway; Beta-oxidation; Phenylacetate; Protocatechuate; Salicylate; Subterminal oxidation	Hypothetical/accessory:3; Hydratase/dehydratase/isomerase:2; CoA ligase/synthetase:2; Dehydrogenase/oxidoreductase:2; Accessory/other:2; Oxygenase/dioxygenase:2
GCF_000736435.1_panelcluster_14606	GCF_000736435.1	multi_hit	c_000000000001	3121174	3144564	23390	6	18	BVMO; badH; chnC; chqB; fadD; macA	Alkanes; Beta-oxidation; Hydroxyquinol	Beta-oxidation; Hydroxyquinol; Subterminal oxidation; Terminal/biterminal oxidation	Hypothetical/accessory:6; Oxygenase/dioxygenase:3; Dehydrogenase/oxidoreductase:3; Regulator:2; Accessory/other:1; Thiolase/transferase:1; Hydrolase/decarboxylase/lyase:1; CoA ligase/synthetase:1
GCF_000736435.1_panelcluster_14607	GCF_000736435.1	multi_hit	c_000000000001	3163670	3197882	34212	6	24	BVMO; alkJ_adh; pegC; pimD; uctC; yfdE	Alkanes; Cyclohexanecarboxylate; Oxalate; Plastics	Auxillary alkane pathway; Cyclohexanecarboxylate; Oxalate; PEG; Subterminal oxidation	Hypothetical/accessory:6; Accessory/other:4; Dehydrogenase/oxidoreductase:3; Transport/efflux:2; CoA ligase/synthetase:2; Oxygenase/dioxygenase:2; Thiolase/transferase:2; Regulator:2; Carboxylase:1
GCF_000736435.1_panelcluster_14650	GCF_000736435.1	multi_hit	c_000000000001	4968286	4995545	27259	6	25	alkH_ald; atoA; catR; fadD; pcaI; pobB	Alkanes; Beta-oxidation; Catechol-ortho; Cyclohexylacetate; Protocatechuate	Auxillary alkane pathway; Beta-oxidation; Catechol-ortho; Cyclohexylacetate; Protocatechuate	Hypothetical/accessory:8; Dehydrogenase/oxidoreductase:3; Oxygenase/dioxygenase:3; Regulator:2; Hydratase/dehydratase/isomerase:2; Transport/efflux:2; Thiolase/transferase:2; Electron transfer/redox:1; Accessory/other:1; CoA ligase/synthetase:1
GCF_000736435.1_panelcluster_14663	GCF_000736435.1	multi_hit	c_000000000001	5674150	5696513	22363	6	21	chcB2; galC; hapE; pchF; phdK; xylB	Aromatics; Cyclohexanecarboxylate; Gallate; Hydroquinone	Cyclohexanecarboxylate; Gallate; Hydroquinone; Toluene; p-Cumate	Dehydrogenase/oxidoreductase:8; Accessory/other:4; Regulator:3; Hypothetical/accessory:3; Transport/efflux:2; Hydrolase/decarboxylase/lyase:1
GCF_000736435.1_panelcluster_14673	GCF_000736435.1	multi_hit	c_000000000001	6090001	6136368	46367	6	34	almA; chcC2; galT; pobB; uctC	Alkanes; Cyclohexanecarboxylate; Gallate; Oxalate; Protocatechuate	Cyclohexanecarboxylate; Gallate; Oxalate; Protocatechuate; Terminal/biterminal oxidation	Hypothetical/accessory:10; Accessory/other:8; Regulator:4; Dehydrogenase/oxidoreductase:4; Oxygenase/dioxygenase:2; Thiolase/transferase:2; Carboxylase:1; Hydratase/dehydratase/isomerase:1; Hydrolase/decarboxylase/lyase:1; Transport/efflux:1
GCF_000736435.1_panelcluster_14682	GCF_000736435.1	multi_hit	c_000000000001	6582315	6591488	9173	6	9	alkB; bedA; galT; pobA; rdx	Alkanes; Aromatics; Gallate	Benzene; Gallate; Terminal/biterminal oxidation; Toluene	Electron transfer/redox:3; Hypothetical/accessory:2; Oxygenase/dioxygenase:2; Transport/efflux:1; Regulator:1
GCF_000736435.1_panelcluster_14695	GCF_000736435.1	multi_hit	c_000000000001	7408589	7426252	17663	6	16	ahpF; alkJ_adh; mpdC; padAd1; pcaI; pcaJ	Alkanes; Alkenes; Aromatics; Catechol-ortho	2-methylpropene; Auxillary alkane pathway; Catechol-ortho; Finnerty pathway; Phthalate	Hypothetical/accessory:5; Electron transfer/redox:2; Regulator:2; Dehydrogenase/oxidoreductase:2; Thiolase/transferase:2; Oxygenase/dioxygenase:1; Transport/efflux:1; Accessory/other:1
GCF_001190925.1_panelcluster_14745	GCF_001190925.1	multi_hit	c_000000000001	1660275	1690643	30368	6	25	chcB1; oah; paaE; pimC/aabA; pimD	Benzoyl-CoA; Cyclohexanecarboxylate; Phenylacetate	Benzoyl-CoA; Cyclohexanecarboxylate; Phenylacetate	Dehydrogenase/oxidoreductase:10; Hypothetical/accessory:5; Electron transfer/redox:4; Accessory/other:3; Hydrolase/decarboxylase/lyase:1; Transport/efflux:1; Regulator:1
GCF_002189495.1_panelcluster_14860	GCF_002189495.1	multi_hit	c_000000000151	1705	7177	5472	6	6	pcaB; pcaC; pcaD; pcaF; pcaI; pcaJ	Catechol-ortho; Protocatechuate	Catechol-ortho; Protocatechuate; Protocatechuate	Thiolase/transferase:3; Hypothetical/accessory:1; Hydrolase/decarboxylase/lyase:1; Hydratase/dehydratase/isomerase:1
GCF_014634705.1_panelcluster_15008	GCF_014634705.1	multi_hit	c_000000000359	3117	19300	16183	6	19	atoA; benD; echA1; paaG; pcaI; yfdE	Benzoate; Beta-oxidation; Catechol-ortho; Cyclohexylacetate; Oxalate; Phenylacetate	Benzoate; Beta-oxidation; Catechol-ortho; Cyclohexylacetate; Oxalate; Phenylacetate	Hypothetical/accessory:4; Thiolase/transferase:3; Regulator:3; Hydratase/dehydratase/isomerase:3; Dehydrogenase/oxidoreductase:2; Accessory/other:2; Transport/efflux:2
GCF_014634705.1_panelcluster_15115	GCF_014634705.1	multi_hit	c_000000000864	59	16172	16113	6	16	fadA; fadJ; pcaI; pcaJ; pimC/aabA; pimD	Beta-oxidation; Catechol-ortho; Cyclohexanecarboxylate; Protocatechuate	Beta-oxidation; Catechol-ortho; Catechol-ortho; Protocatechuate; Cyclohexanecarboxylate	Hypothetical/accessory:5; Thiolase/transferase:4; Dehydrogenase/oxidoreductase:3; Regulator:2; Accessory/other:1; Hydratase/dehydratase/isomerase:1
GCF_015277575.1_panelcluster_15178	GCF_015277575.1	multi_hit	c_000000000001	4270744	4278045	7301	6	8	hpcB; hpcC; hpcD; hpcE; hpcG; hpcH	Aromatics	Homoprotocatechuate	Carboxylase:2; Hydratase/dehydratase/isomerase:2; Dehydrogenase/oxidoreductase:1; Oxygenase/dioxygenase:1; Transport/efflux:1; Hydrolase/decarboxylase/lyase:1
GCF_020886775.1_panelcluster_15319	GCF_020886775.1	multi_hit	c_000000000001	2650636	2657198	6562	6	6	benA; benB; benC; benD-xylL; clcA; galT	Aromatics; Benzoate; Gallate	Benzene; Benzoate; Chlorocatechol; Gallate	Oxygenase/dioxygenase:4; Dehydrogenase/oxidoreductase:1; Transport/efflux:1
GCF_020886775.1_panelcluster_15324	GCF_020886775.1	multi_hit	c_000000000001	3353681	3385784	32103	6	31	badI; cmtAa; nahG; paaH; paaZ; pcaF	Aromatics; Beta-oxidation; Catechol-ortho; Naphthalene; Phenylacetate; Protocatechuate	Beta-oxidation; Naphthalene; Phenylacetate; Protocatechuate; p-Cumate	Hypothetical/accessory:14; Accessory/other:5; Hydrolase/decarboxylase/lyase:4; Thiolase/transferase:2; Dehydrogenase/oxidoreductase:2; Hydratase/dehydratase/isomerase:2; Electron transfer/redox:1; Oxygenase/dioxygenase:1
GCF_026428315.1_panelcluster_15384	GCF_026428315.1	multi_hit	c_000000000001	2559197	2594529	35332	6	27	acdB; aliA; alkN_mcp; hmgL; ladA; pobA	Alkanes; Aromatics; Beta-oxidation; Cyclohexylacetate	Beta-oxidation; Cyclohexylacetate; Hydrocarbon uptake; Terminal/biterminal oxidation; Toluene	Regulator:7; Accessory/other:6; Hypothetical/accessory:6; Hydrolase/decarboxylase/lyase:3; Dehydrogenase/oxidoreductase:2; Oxygenase/dioxygenase:2; CoA ligase/synthetase:1
GCF_026428315.1_panelcluster_15434	GCF_026428315.1	multi_hit	c_000000000001	5626355	5656900	30545	6	26	dszC; ladA; mpdC; opdK; ssuD	Alkanes; Alkenes; Aromatics; Transportation	2-methylpropene; Auxillary alkane pathway; Dibenzofuran; Terminal/biterminal oxidation; Transportation	Accessory/other:11; Transport/efflux:5; Hypothetical/accessory:4; Oxygenase/dioxygenase:3; Dehydrogenase/oxidoreductase:2; Regulator:1
GCF_026428335.1_panelcluster_15495	GCF_026428335.1	multi_hit	c_000000000001	3588743	3612134	23391	6	19	GI:23664434; acdA; atoB; badK; opdK	Aromatics; Beta-oxidation; Cyclohexanecarboxylate; Transportation	Benzene; Beta-oxidation; Cyclohexanecarboxylate; Transportation	Dehydrogenase/oxidoreductase:5; Hypothetical/accessory:4; Accessory/other:4; Transport/efflux:3; Hydratase/dehydratase/isomerase:1; Thiolase/transferase:1; Regulator:1
GCF_029269135.1_panelcluster_15549	GCF_029269135.1	multi_hit	c_000000000001	540303	575096	34793	6	32	acdB; aliA; almA; fadB; mlaF; nagR	Alkanes; Beta-oxidation; Naphthalene; Transportation	Beta-oxidation; Naphthalene; Terminal/biterminal oxidation; Transportation	Hypothetical/accessory:15; Accessory/other:8; Dehydrogenase/oxidoreductase:3; Transport/efflux:1; Oxygenase/dioxygenase:1; Hydratase/dehydratase/isomerase:1; Regulator:1; Hydrolase/decarboxylase/lyase:1; CoA ligase/synthetase:1
GCF_029269175.1_panelcluster_15694	GCF_029269175.1	multi_hit	c_000000000045	189713	197007	7294	6	8	hpcB; hpcC; hpcD; hpcE; hpcG; hpcH	Aromatics	Homoprotocatechuate	Carboxylase:2; Hydratase/dehydratase/isomerase:2; Dehydrogenase/oxidoreductase:1; Oxygenase/dioxygenase:1; Transport/efflux:1; Hydrolase/decarboxylase/lyase:1
GCF_029269195.1_panelcluster_15730	GCF_029269195.1	multi_hit	c_000000000012	3329	28056	24727	6	22	aabC; aabD; atdA1; fadA; nagR; pobA	Aromatics; Beta-oxidation; Cyclohexanecarboxylate; Naphthalene	Aniline; Beta-oxidation; Cyclohexanecarboxylate; Naphthalene; Toluene	Hypothetical/accessory:8; Accessory/other:4; Regulator:3; Thiolase/transferase:2; Dehydrogenase/oxidoreductase:1; CoA ligase/synthetase:1; Hydratase/dehydratase/isomerase:1; Transport/efflux:1; Oxygenase/dioxygenase:1
GCF_029269225.1_panelcluster_15885	GCF_029269225.1	multi_hit	c_000000000066	29865	36407	6542	6	7	bphJ; bphX3; tomA5; xylG; xylI; xylJ	Aromatics; Catechol-meta	Biphenyl; Catechol-meta; Toluene	Dehydrogenase/oxidoreductase:2; Hydratase/dehydratase/isomerase:2; Hydrolase/decarboxylase/lyase:1; Hypothetical/accessory:1; Oxygenase/dioxygenase:1
GCF_029269255.1_panelcluster_15914	GCF_029269255.1	multi_hit	c_000000000001	168751	196022	27271	6	22	dszC; ladA; mpdC; opdK; ssuD	Alkanes; Alkenes; Aromatics; Transportation	2-methylpropene; Auxillary alkane pathway; Dibenzofuran; Terminal/biterminal oxidation; Transportation	Accessory/other:8; Transport/efflux:4; Hypothetical/accessory:4; Oxygenase/dioxygenase:3; Dehydrogenase/oxidoreductase:2; Regulator:1
GCF_029269295.1_panelcluster_16046	GCF_029269295.1	multi_hit	c_000000000001	124050	136636	12586	6	11	galP; pcaB; pcaC; pcaD; pcaF; pcaK	Catechol-ortho; Gallate; Protocatechuate; Transportation	Gallate; Protocatechuate; Transportation	Transport/efflux:3; Hypothetical/accessory:3; Thiolase/transferase:3; Hydrolase/decarboxylase/lyase:1; Hydratase/dehydratase/isomerase:1
GCF_029269295.1_panelcluster_16086	GCF_029269295.1	multi_hit	c_000000000045	10193	22930	12737	6	11	alkN_mcp; chcC2; pcaK; xecE1	Alkanes; Alkenes; Cyclohexanecarboxylate; Transportation	Cyclohexanecarboxylate; Hydrocarbon uptake; Propene; Transportation	Dehydrogenase/oxidoreductase:5; Hypothetical/accessory:3; Accessory/other:1; Regulator:1; Transport/efflux:1
GCF_029269295.1_panelcluster_16095	GCF_029269295.1	multi_hit	c_000000000048	27947	46783	18836	6	15	alkN_mcp; dszC; ladA; opdK; ssuD	Alkanes; Aromatics; Transportation	Auxillary alkane pathway; Dibenzofuran; Hydrocarbon uptake; Terminal/biterminal oxidation; Transportation	Accessory/other:4; Oxygenase/dioxygenase:4; Hypothetical/accessory:3; Transport/efflux:2; Hydrolase/decarboxylase/lyase:1; Hydratase/dehydratase/isomerase:1
GCF_040170545.1_panelcluster_16245	GCF_040170545.1	multi_hit	c_000000000042	20577	30181	9604	6	10	echA1; fadA; galA; galC; galD; galR	Beta-oxidation; Gallate	Beta-oxidation; Gallate	Hydratase/dehydratase/isomerase:3; Oxygenase/dioxygenase:2; Hypothetical/accessory:2; Thiolase/transferase:1; Dehydrogenase/oxidoreductase:1; Hydrolase/decarboxylase/lyase:1
GCF_040170545.1_panelcluster_16267	GCF_040170545.1	multi_hit	c_000000000087	290	9947	9657	6	10	acdB; alkB; alkH_ald; alkJ_adh; alkL; fadA	Alkanes; Beta-oxidation	Auxillary alkane pathway; Beta-oxidation; Hydrocarbon uptake; Terminal/biterminal oxidation	Dehydrogenase/oxidoreductase:4; Hypothetical/accessory:2; Oxygenase/dioxygenase:1; Electron transfer/redox:1; Accessory/other:1; Thiolase/transferase:1
GCF_041920365.1_panelcluster_16331	GCF_041920365.1	multi_hit	c_000000000128	30708	45497	14789	6	16	bphJ; bphX3; hapE; hpaH; hpcG; xylI	Aromatics; Catechol-meta; Hydroquinone	Anthranilate; Biphenyl; Catechol-meta; Homoprotocatechuate; Hydroquinone	Accessory/other:4; Dehydrogenase/oxidoreductase:3; Hydratase/dehydratase/isomerase:3; Hydrolase/decarboxylase/lyase:2; Oxygenase/dioxygenase:2; Regulator:1; Hypothetical/accessory:1
GCF_041920455.1_panelcluster_16435	GCF_041920455.1	multi_hit	c_000000000117	10795	23137	12342	6	12	acdA; atoB; badH; fadD; paaG; paaJ	Beta-oxidation; Phenylacetate	Beta-oxidation; Phenylacetate	Dehydrogenase/oxidoreductase:4; Hypothetical/accessory:2; CoA ligase/synthetase:1; Regulator:1; Thiolase/transferase:1; Accessory/other:1; Electron transfer/redox:1; Hydratase/dehydratase/isomerase:1
GCF_051450025.1_panelcluster_16486	GCF_051450025.1	multi_hit	c_000000000001	168751	196022	27271	6	22	dszC; ladA; mpdC; opdK; ssuD	Alkanes; Alkenes; Aromatics; Transportation	2-methylpropene; Auxillary alkane pathway; Dibenzofuran; Terminal/biterminal oxidation; Transportation	Accessory/other:8; Transport/efflux:4; Hypothetical/accessory:4; Oxygenase/dioxygenase:3; Dehydrogenase/oxidoreductase:2; Regulator:1
GROW_105_consensus_panelcluster_16714	GROW_105_consensus	multi_hit	1	2382038	2405571	23533	6	22	chnE; nagF; opdK; pegC; pimC/aabA; yfdE	Alkanes; Cyclohexanecarboxylate; Naphthalene; Oxalate; Plastics; Transportation	Cyclohexanecarboxylate; Naphthalene; Oxalate; PEG; Terminal/biterminal oxidation; Transportation	Hypothetical/accessory:7; Dehydrogenase/oxidoreductase:6; Accessory/other:2; Transport/efflux:2; Electron transfer/redox:2; Hydrolase/decarboxylase/lyase:1; Hydratase/dehydratase/isomerase:1; Thiolase/transferase:1
GROW_105_consensus_panelcluster_16753	GROW_105_consensus	multi_hit	1	4431030	4445207	14177	6	13	antA; atoB; chnE; hpaC; mpdC; pobB	Alkanes; Alkenes; Aromatics; Beta-oxidation; Protocatechuate	2-methylpropene; 4-Hydroxyphenylacetate; Anthranilate; Beta-oxidation; Protocatechuate; Terminal/biterminal oxidation	Dehydrogenase/oxidoreductase:3; Oxygenase/dioxygenase:3; Hypothetical/accessory:2; Regulator:2; Thiolase/transferase:1; Accessory/other:1; Mobile/stress/accessory:1
GROW_113_consensus_panelcluster_16828	GROW_113_consensus	multi_hit	1	3125374	3146838	21464	6	19	acdA; atoB; blc; crt; mhbl; ompW	Alkanes; Beta-oxidation; Gentisate; Transportation	Beta-oxidation; Gentisate; Hydrocarbon uptake; Transportation	Hypothetical/accessory:5; Accessory/other:4; Dehydrogenase/oxidoreductase:4; Hydratase/dehydratase/isomerase:3; Transport/efflux:1; Regulator:1; Thiolase/transferase:1
GROW_123_consensus_panelcluster_16941	GROW_123_consensus	multi_hit	1	224335	255640	31305	6	27	dszC; ladA; mpdC; opdK; ssuD	Alkanes; Alkenes; Aromatics; Transportation	2-methylpropene; Auxillary alkane pathway; Dibenzofuran; Terminal/biterminal oxidation; Transportation	Accessory/other:9; Hypothetical/accessory:5; Transport/efflux:5; Oxygenase/dioxygenase:5; Dehydrogenase/oxidoreductase:2; Regulator:1
GROW_61_consensus_panelcluster_17235	GROW_61_consensus	multi_hit	1	2845449	2856257	10808	6	10	galA; galB; galC; galD; galR; galT	Gallate	Gallate	Accessory/other:3; Hydrolase/decarboxylase/lyase:2; Hydratase/dehydratase/isomerase:2; Transport/efflux:1; Oxygenase/dioxygenase:1; Regulator:1
GROW_72_consensus_panelcluster_17524	GROW_72_consensus	multi_hit	1	2135949	2146757	10808	6	10	galA; galB; galC; galD; galR; galT	Gallate	Gallate	Accessory/other:3; Hydrolase/decarboxylase/lyase:2; Hydratase/dehydratase/isomerase:2; Regulator:1; Oxygenase/dioxygenase:1; Transport/efflux:1
GROW_73_consensus_panelcluster_17573	GROW_73_consensus	multi_hit	1	2176146	2186954	10808	6	10	galA; galB; galC; galD; galR; galT	Gallate	Gallate	Accessory/other:3; Hydrolase/decarboxylase/lyase:2; Hydratase/dehydratase/isomerase:2; Regulator:1; Oxygenase/dioxygenase:1; Transport/efflux:1
GROW_74_consensus_panelcluster_17614	GROW_74_consensus	multi_hit	1	872417	878735	6318	6	6	bphD; mhpD; mhpF; opdK; pcaK; xylK	Aromatics; Catechol-meta; Transportation	Biphenyl; Catechol-meta; Transportation	Transport/efflux:2; Hydrolase/decarboxylase/lyase:2; Dehydrogenase/oxidoreductase:1; Hydratase/dehydratase/isomerase:1
GROW_74_consensus_panelcluster_17638	GROW_74_consensus	multi_hit	1	2003890	2022082	18192	6	19	chqB; hapE; hpaC; macA; pcaG; pcaH	Aromatics; Hydroquinone; Hydroxyquinol; Protocatechuate	4-Hydroxyphenylacetate; Hydroquinone; Hydroxyquinol; Protocatechuate	Hypothetical/accessory:9; Oxygenase/dioxygenase:3; Dehydrogenase/oxidoreductase:3; Accessory/other:2; Regulator:1; Transport/efflux:1
GROW_74_consensus_panelcluster_17680	GROW_74_consensus	multi_hit	1	4364239	4376980	12741	6	11	alkN_mcp; chcC2; pcaK; xecE1	Alkanes; Alkenes; Cyclohexanecarboxylate; Transportation	Cyclohexanecarboxylate; Hydrocarbon uptake; Propene; Transportation	Dehydrogenase/oxidoreductase:5; Hypothetical/accessory:3; Transport/efflux:1; Regulator:1; Accessory/other:1
GROW_77_consensus_panelcluster_17783	GROW_77_consensus	multi_hit	1	3454264	3475910	21646	6	20	acdA; atoB; blc; crt; mhbl; ompW	Alkanes; Beta-oxidation; Gentisate; Transportation	Beta-oxidation; Gentisate; Hydrocarbon uptake; Transportation	Hypothetical/accessory:6; Accessory/other:5; Dehydrogenase/oxidoreductase:4; Hydratase/dehydratase/isomerase:2; Transport/efflux:1; Regulator:1; Thiolase/transferase:1
GROW_83_consensus_panelcluster_17882	GROW_83_consensus	multi_hit	1	4936727	4956042	19315	6	18	GI:23664434; acdA; atoB; badK; echA1	Aromatics; Beta-oxidation; Cyclohexanecarboxylate	Benzene; Beta-oxidation; Cyclohexanecarboxylate	Accessory/other:6; Hypothetical/accessory:4; Dehydrogenase/oxidoreductase:3; Hydratase/dehydratase/isomerase:2; Transport/efflux:2; Thiolase/transferase:1
GROW_93_consensus_panelcluster_17940	GROW_93_consensus	multi_hit	1	3103757	3108821	5064	6	6	pcaB; pcaC; pcaD; pcaF; pcaI; pcaJ	Catechol-ortho; Protocatechuate	Catechol-ortho; Protocatechuate	Thiolase/transferase:3; Hypothetical/accessory:1; Hydrolase/decarboxylase/lyase:1; Hydratase/dehydratase/isomerase:1
65.medaka_panelcluster_41	65.medaka	multi_hit	contig_3	1321972	1329233	7261	5	9	acdA; atoA; atoD; crt; paaH	Beta-oxidation; Cyclohexylacetate; Phenylacetate	Beta-oxidation; Cyclohexylacetate; Phenylacetate	Dehydrogenase/oxidoreductase:4; Thiolase/transferase:2; Hydratase/dehydratase/isomerase:1; Hydrolase/decarboxylase/lyase:1; Accessory/other:1
CP010516.1_panelcluster_177	CP010516.1	multi_hit	c_000000000001	98097	122522	24425	5	23	acdA; atoB; badI; hmgL	Beta-oxidation; Cyclohexylacetate	Beta-oxidation; Cyclohexylacetate	Accessory/other:8; Hypothetical/accessory:5; Dehydrogenase/oxidoreductase:4; Hydratase/dehydratase/isomerase:2; Carboxylase:2; Thiolase/transferase:1; Hydrolase/decarboxylase/lyase:1
CP010516.1_panelcluster_220	CP010516.1	multi_hit	c_000000000001	3155517	3163929	8412	5	8	fadD; paaA; paaB; paaC; paaE	Beta-oxidation; Phenylacetate	Beta-oxidation; Phenylacetate	Accessory/other:4; Hypothetical/accessory:3; CoA ligase/synthetase:1
CP010517.1_panelcluster_225	CP010517.1	multi_hit	c_000000000001	84447	109026	24579	5	22	NFA_28320; nahW; paaG; pcaD; sdgB	Aromatics; Catechol-ortho; Phenylacetate; Plastics; Protocatechuate	Nylon; Phenylacetate; Protocatechuate; Salicylate	Hypothetical/accessory:8; Accessory/other:5; Dehydrogenase/oxidoreductase:2; Hydrolase/decarboxylase/lyase:2; Oxygenase/dioxygenase:1; Transport/efflux:1; Hydratase/dehydratase/isomerase:1; CoA ligase/synthetase:1; Regulator:1
CP010517.1_panelcluster_247	CP010517.1	multi_hit	c_000000000001	1201679	1212976	11297	5	12	catR; crt; pchA; pimC/aabA; uctC	Aromatics; Beta-oxidation; Catechol-ortho; Cyclohexanecarboxylate; Oxalate	Beta-oxidation; Catechol-ortho; Cyclohexanecarboxylate; Oxalate; Toluene	Hypothetical/accessory:5; Dehydrogenase/oxidoreductase:2; Hydratase/dehydratase/isomerase:2; Regulator:2; Thiolase/transferase:1
CP063454.1_panelcluster_304	CP063454.1	multi_hit	c_000000000001	2444848	2483838	38990	5	30	chcC2; hapE; pqiB	Cyclohexanecarboxylate; Hydroquinone; Transportation	Cyclohexanecarboxylate; Hydroquinone; Transportation	Hypothetical/accessory:9; Accessory/other:7; Transport/efflux:6; Dehydrogenase/oxidoreductase:6; Oxygenase/dioxygenase:1; Regulator:1
CP063454.1_panelcluster_326	CP063454.1	multi_hit	c_000000000001	3569309	3578529	9220	5	9	catA; catB; catC; catR; nagR	Catechol-ortho; Naphthalene	Catechol-ortho; Naphthalene	Regulator:2; Hypothetical/accessory:2; Hydratase/dehydratase/isomerase:2; Transport/efflux:1; Dehydrogenase/oxidoreductase:1; Oxygenase/dioxygenase:1
CP063454.1_panelcluster_327	CP063454.1	multi_hit	c_000000000001	3593942	3613591	19649	5	16	acdA; galT; opdK; paaG; pht2	Aromatics; Beta-oxidation; Gallate; Phenylacetate; Transportation	Beta-oxidation; Gallate; Phenylacetate; Phthalate; Transportation	Transport/efflux:4; Hypothetical/accessory:4; Hydratase/dehydratase/isomerase:2; Regulator:2; Dehydrogenase/oxidoreductase:1; Accessory/other:1; Electron transfer/redox:1; Oxygenase/dioxygenase:1
CP063455.1_panelcluster_387	CP063455.1	multi_hit	c_000000000001	1772340	1794840	22500	5	16	fadA; fadJ; nagR; pimC/aabA; pimD	Beta-oxidation; Cyclohexanecarboxylate; Naphthalene	Beta-oxidation; Cyclohexanecarboxylate; Naphthalene	Accessory/other:6; Dehydrogenase/oxidoreductase:3; Regulator:2; Transport/efflux:2; Hypothetical/accessory:2; Thiolase/transferase:1
CP063455.1_panelcluster_415	CP063455.1	multi_hit	c_000000000001	3395345	3410768	15423	5	11	BVMO; alkB; fadD; fadE; fadI	Alkanes; Beta-oxidation; Catechol-ortho	Beta-oxidation; Catechol-ortho; Subterminal oxidation; Terminal/biterminal oxidation	Hypothetical/accessory:4; Oxygenase/dioxygenase:2; Dehydrogenase/oxidoreductase:2; Accessory/other:1; Thiolase/transferase:1; CoA ligase/synthetase:1
Exp3_MAG_103_panelcluster_653	Exp3_MAG_103	multi_hit	MAGs/Exp3_MAG_103_c_000000000146	8203	16158	7955	5	6	almA; est; mhbl; pmoA1; pvaA	Alkanes; Gentisate; Plastics	Gentisate; PBSA/PCL/PLA; PVA; Terminal/biterminal oxidation	Oxygenase/dioxygenase:2; Hypothetical/accessory:2; Dehydrogenase/oxidoreductase:1; Hydratase/dehydratase/isomerase:1
Exp3_MAG_104_panelcluster_663	Exp3_MAG_104	multi_hit	MAGs/Exp3_MAG_104_c_000000000013	80991	102624	21633	5	21	abmA; abmG1; catR; fadJ; hbd	Aromatics; Beta-oxidation; Catechol-ortho; Plastics	Anthranilate; Beta-oxidation; Catechol-ortho; P3HV/PHA/PHBV	Accessory/other:6; Dehydrogenase/oxidoreductase:5; Hypothetical/accessory:5; Hydratase/dehydratase/isomerase:2; CoA ligase/synthetase:1; Carboxylase:1; Regulator:1
Exp3_MAG_104_panelcluster_675	Exp3_MAG_104	multi_hit	MAGs/Exp3_MAG_104_c_000000000021	34576	44907	10331	5	8	GI:23664434; ISF6_0224; boxA; boxB; boxC	Aromatics; Plastics	Benzene; PET	Accessory/other:2; Hydrolase/decarboxylase/lyase:2; Oxygenase/dioxygenase:2; CoA ligase/synthetase:1; Hypothetical/accessory:1
Exp3_MAG_104_panelcluster_737	Exp3_MAG_104	multi_hit	MAGs/Exp3_MAG_104_c_000000000141	17327	30208	12881	5	14	hpcC; hpcE; hpcG; hpcH; sdgB	Aromatics	Homoprotocatechuate; Salicylate	Hypothetical/accessory:5; Hydratase/dehydratase/isomerase:2; Carboxylase:2; Hydrolase/decarboxylase/lyase:1; Oxygenase/dioxygenase:1; Dehydrogenase/oxidoreductase:1; Mobile/stress/accessory:1; Accessory/other:1
Exp3_MAG_108_panelcluster_913	Exp3_MAG_108	multi_hit	MAGs/Exp3_MAG_108_c_000000000162	262	5012	4750	5	7	paaB; paaC; paaD; paaG; paaY	Phenylacetate	Phenylacetate	Accessory/other:3; Hypothetical/accessory:1; Hydratase/dehydratase/isomerase:1; Hydrolase/decarboxylase/lyase:1; Dehydrogenase/oxidoreductase:1
Exp3_MAG_110_panelcluster_1059	Exp3_MAG_110	multi_hit	MAGs/Exp3_MAG_110_c_000000000595	473	8768	8295	5	10	badK; pcaC; pcaD; pcaG; pcaH	Catechol-ortho; Cyclohexanecarboxylate; Protocatechuate	Cyclohexanecarboxylate; Protocatechuate	Accessory/other:4; Oxygenase/dioxygenase:2; Hypothetical/accessory:1; Hydrolase/decarboxylase/lyase:1; Regulator:1; Hydratase/dehydratase/isomerase:1
Exp3_MAG_112_panelcluster_1138	Exp3_MAG_112	multi_hit	MAGs/Exp3_MAG_112_c_000000000040	20406	26111	5705	5	7	DPGC; PGRcl; atoA; atoD; paaH	Cyclohexylacetate; Phenylacetate; Pyrogallol	Cyclohexylacetate; Phenylacetate; Pyrogallol	Dehydrogenase/oxidoreductase:2; Accessory/other:2; Thiolase/transferase:2; Hypothetical/accessory:1
Exp3_MAG_114_panelcluster_1217	Exp3_MAG_114	multi_hit	MAGs/Exp3_MAG_114_c_000000000238	1	5829	5828	5	6	chnE; hpcB; hpcD; hpcG; hpcH	Alkanes; Aromatics	Homoprotocatechuate; Terminal/biterminal oxidation	Hydratase/dehydratase/isomerase:2; Oxygenase/dioxygenase:1; Hydrolase/decarboxylase/lyase:1; Hypothetical/accessory:1; Dehydrogenase/oxidoreductase:1
Exp3_MAG_119_panelcluster_1388	Exp3_MAG_119	multi_hit	MAGs/Exp3_MAG_119_c_000000000157	956	22267	21311	5	19	aliA; hpcC; hpcE; hpcG; nagR	Aromatics; Beta-oxidation; Naphthalene	Beta-oxidation; Homoprotocatechuate; Naphthalene	Hypothetical/accessory:9; Carboxylase:2; Regulator:2; Hydratase/dehydratase/isomerase:1; Oxygenase/dioxygenase:1; Dehydrogenase/oxidoreductase:1; Accessory/other:1; Hydrolase/decarboxylase/lyase:1; CoA ligase/synthetase:1
Exp3_MAG_119_panelcluster_1408	Exp3_MAG_119	multi_hit	MAGs/Exp3_MAG_119_c_000000000278	8	3359	3351	5	5	paaA; paaB; paaC; paaD; paaE	Phenylacetate	Phenylacetate	Accessory/other:5
Exp3_MAG_119_panelcluster_1429	Exp3_MAG_119	multi_hit	MAGs/Exp3_MAG_119_c_000000000393	1270	17570	16300	5	14	GI:23664434; boxA; boxB; boxC; uctC	Aromatics; Oxalate	Benzene; Oxalate	Accessory/other:3; Dehydrogenase/oxidoreductase:2; Hypothetical/accessory:2; Oxygenase/dioxygenase:2; Thiolase/transferase:1; Regulator:1; Transport/efflux:1; Hydrolase/decarboxylase/lyase:1; CoA ligase/synthetase:1
Exp3_MAG_119_panelcluster_1459	Exp3_MAG_119	multi_hit	MAGs/Exp3_MAG_119_c_000000000574	123	18586	18463	5	16	acsA; dszC; paaG; sdgB; ssuD	Alkanes; Aromatics; Beta-oxidation; Phenylacetate	Auxillary alkane pathway; Beta-oxidation; Dibenzofuran; Phenylacetate; Salicylate	Accessory/other:5; Carboxylase:3; Oxygenase/dioxygenase:2; Regulator:2; Hypothetical/accessory:2; CoA ligase/synthetase:1; Hydratase/dehydratase/isomerase:1
Exp3_MAG_12_panelcluster_1498	Exp3_MAG_12	multi_hit	MAGs/Exp3_MAG_12_c_000000000073	3649	22678	19029	5	14	abmA; abmG1; acsA; mhbD; nbaA	Aromatics; Beta-oxidation; Gentisate	2-Nitrobenzoate; Anthranilate; Beta-oxidation; Gentisate	Hypothetical/accessory:5; Accessory/other:4; Regulator:2; Oxygenase/dioxygenase:1; CoA ligase/synthetase:1; Dehydrogenase/oxidoreductase:1
Exp3_MAG_121_panelcluster_1582	Exp3_MAG_121	multi_hit	MAGs/Exp3_MAG_121_c_000000000096	83	13297	13214	5	13	galA; galC; galD; galR; sdgB	Aromatics; Gallate	Gallate; Salicylate	Hypothetical/accessory:4; CoA ligase/synthetase:2; Hydratase/dehydratase/isomerase:2; Oxygenase/dioxygenase:2; Hydrolase/decarboxylase/lyase:2; Accessory/other:1
Exp3_MAG_121_panelcluster_1605	Exp3_MAG_121	multi_hit	MAGs/Exp3_MAG_121_c_000000000143	5149	17895	12746	5	14	acdA; badK; est; fadA; fadB	Beta-oxidation; Cyclohexanecarboxylate; Plastics	Beta-oxidation; Cyclohexanecarboxylate; PBAT	Hypothetical/accessory:5; Accessory/other:3; Hydratase/dehydratase/isomerase:3; CoA ligase/synthetase:1; Thiolase/transferase:1; Dehydrogenase/oxidoreductase:1
Exp3_MAG_123_panelcluster_1786	Exp3_MAG_123	multi_hit	MAGs/Exp3_MAG_123_c_000000000523	2	4482	4480	5	5	pcaB; pcaG; pcaH; pcaL; pobA	Aromatics; Catechol-ortho; Protocatechuate	Catechol-ortho; Protocatechuate; Toluene	Oxygenase/dioxygenase:3; Hydratase/dehydratase/isomerase:1; Hydrolase/decarboxylase/lyase:1
Exp3_MAG_126_panelcluster_1840	Exp3_MAG_126	multi_hit	MAGs/Exp3_MAG_126_c_000000000060	4271	8361	4090	5	7	paaB; paaC; paaD; paaI; paaK	Phenylacetate	Phenylacetate	Accessory/other:3; Hypothetical/accessory:2; Hydrolase/decarboxylase/lyase:1; CoA ligase/synthetase:1
Exp3_MAG_129_panelcluster_1978	Exp3_MAG_129	multi_hit	MAGs/Exp3_MAG_129_c_000000000349	805	5625	4820	5	5	benA; benB; benC; benD; catR	Aromatics; Benzoate; Catechol-ortho	Benzene; Benzoate; Catechol-ortho	Oxygenase/dioxygenase:3; Regulator:1; Dehydrogenase/oxidoreductase:1
Exp3_MAG_129_panelcluster_2007	Exp3_MAG_129	multi_hit	MAGs/Exp3_MAG_129_c_000000000513	7441	17219	9778	5	11	andAa; andAb; andAc; andAd; lpdB	Aromatics; Tannin	Anthranilate; Tannin	Hypothetical/accessory:3; Accessory/other:2; Oxygenase/dioxygenase:2; Electron transfer/redox:2; Carboxylase:1; Transport/efflux:1
Exp3_MAG_129_panelcluster_2013	Exp3_MAG_129	multi_hit	MAGs/Exp3_MAG_129_c_000000000539	4099	7891	3792	5	5	paaA; paaB; paaC; paaD; paaE	Phenylacetate	Phenylacetate	Accessory/other:5
Exp3_MAG_129_panelcluster_2021	Exp3_MAG_129	multi_hit	MAGs/Exp3_MAG_129_c_000000000573	2953	19438	16485	5	13	ISF6_0224; acdB; amdA; galT; nagF	Beta-oxidation; Gallate; Naphthalene; Plastics	Beta-oxidation; Gallate; Naphthalene; PET; PU	Hypothetical/accessory:4; Dehydrogenase/oxidoreductase:2; Transport/efflux:2; Accessory/other:1; Regulator:1; CoA ligase/synthetase:1; Hydratase/dehydratase/isomerase:1; Hydrolase/decarboxylase/lyase:1
Exp3_MAG_131_panelcluster_2279	Exp3_MAG_131	multi_hit	MAGs/Exp3_MAG_131_c_000000000009	76346	95416	19070	5	13	GI:23664434; almA; boxB; boxC; pnbA	Alkanes; Aromatics; Plastics	Benzene; PET; Terminal/biterminal oxidation	Accessory/other:5; Oxygenase/dioxygenase:2; Transport/efflux:2; Hydratase/dehydratase/isomerase:2; Hydrolase/decarboxylase/lyase:1; Regulator:1
Exp3_MAG_131_panelcluster_2288	Exp3_MAG_131	multi_hit	MAGs/Exp3_MAG_131_c_000000000013	47236	82059	34823	5	26	ISF6_0224; benA; hapE; pnbA; xecD	Alkenes; Aromatics; Benzoate; Hydroquinone; Plastics	Benzene; Hydroquinone; PET; Propene	Hypothetical/accessory:7; Accessory/other:7; Dehydrogenase/oxidoreductase:6; Regulator:2; Oxygenase/dioxygenase:1; CoA ligase/synthetase:1; Hydrolase/decarboxylase/lyase:1; Transport/efflux:1
Exp3_MAG_132_panelcluster_2346	Exp3_MAG_132	multi_hit	MAGs/Exp3_MAG_132_c_000000000035	68433	77192	8759	5	10	atoA; atoB; pcaG; pcaH; pcaI	Beta-oxidation; Catechol-ortho; Cyclohexylacetate; Protocatechuate	Beta-oxidation; Catechol-ortho; Protocatechuate; Cyclohexylacetate; Protocatechuate	Accessory/other:2; Thiolase/transferase:2; Hypothetical/accessory:2; Oxygenase/dioxygenase:2; Transport/efflux:1; Carboxylase:1
Exp3_MAG_142_panelcluster_2847	Exp3_MAG_142	multi_hit	MAGs/Exp3_MAG_142_c_000000000297	3430	13149	9719	5	9	galT; mhbD; nagAc; nagE	Gallate; Gentisate; Naphthalene	Gallate; Gentisate; Naphthalene	Oxygenase/dioxygenase:3; Hydratase/dehydratase/isomerase:2; Transport/efflux:1; Hypothetical/accessory:1; Dehydrogenase/oxidoreductase:1; Accessory/other:1
Exp3_MAG_146_panelcluster_2990	Exp3_MAG_146	multi_hit	MAGs/Exp3_MAG_146_c_000000000048	16492	37455	20963	5	24	linE; pcaG; pcaH; phaZ2; pobA	Aromatics; Hydroquinone; Plastics; Protocatechuate	Hydroquinone; PHA/PHB; Protocatechuate; Toluene	Hypothetical/accessory:12; Accessory/other:5; Oxygenase/dioxygenase:4; Regulator:2; Hydrolase/decarboxylase/lyase:1
Exp3_MAG_147_panelcluster_3061	Exp3_MAG_147	multi_hit	MAGs/Exp3_MAG_147_c_000000000015	60385	77205	16820	5	18	chqB; macA; paaJ; pcaI; pcaJ	Catechol-ortho; Hydroxyquinol; Phenylacetate	Catechol-ortho; Hydroxyquinol; Phenylacetate	Hypothetical/accessory:6; Dehydrogenase/oxidoreductase:3; Thiolase/transferase:3; Oxygenase/dioxygenase:2; Regulator:2; Accessory/other:2
Exp3_MAG_147_panelcluster_3087	Exp3_MAG_147	multi_hit	MAGs/Exp3_MAG_147_c_000000000034	50426	57437	7011	5	7	PGRcl; andAb; andAc; andAd; badH	Aromatics; Beta-oxidation; Pyrogallol	Anthranilate; Beta-oxidation; Pyrogallol	Oxygenase/dioxygenase:2; Dehydrogenase/oxidoreductase:2; Electron transfer/redox:1; Regulator:1; Accessory/other:1
Exp3_MAG_149_panelcluster_3203	Exp3_MAG_149	multi_hit	MAGs/Exp3_MAG_149_c_000000000196	6764	35228	28464	5	26	GMET_RS16560; acsA; paaY; tphB	Aromatics; Beta-oxidation; Phenylacetate	Beta-oxidation; Phenylacetate; Terephthalate	Accessory/other:13; Hypothetical/accessory:6; Transport/efflux:2; CoA ligase/synthetase:2; Carboxylase:2; Dehydrogenase/oxidoreductase:1
Exp3_MAG_150_panelcluster_3297	Exp3_MAG_150	multi_hit	MAGs/Exp3_MAG_150_c_000000000459	1612	6402	4790	5	6	tmoA; tmoC; tmoD; tmoE; tmoF	Aromatics	Toluene	Oxygenase/dioxygenase:3; Electron transfer/redox:2; Hypothetical/accessory:1
Exp3_MAG_151_panelcluster_3326	Exp3_MAG_151	multi_hit	MAGs/Exp3_MAG_151_c_000000000021	53	31385	31332	5	29	BVMO; CYP450; ahpC; mpdB	Alkanes; Alkenes	2-methylpropene; Finnerty pathway; Subterminal oxidation; Terminal/biterminal oxidation	Hypothetical/accessory:11; Dehydrogenase/oxidoreductase:5; Accessory/other:5; Oxygenase/dioxygenase:4; Thiolase/transferase:1; Regulator:1; Electron transfer/redox:1; Hydratase/dehydratase/isomerase:1
Exp3_MAG_152_panelcluster_3477	Exp3_MAG_152	multi_hit	MAGs/Exp3_MAG_152_c_000000000407	2018	6190	4172	5	5	nagAa; nagAb; nagG; nagH; nagR	Aromatics; Naphthalene	1-Methylnaphthalene/2-Methylnaphthalene; Naphthalene; Salicylate	Electron transfer/redox:2; Oxygenase/dioxygenase:2; Accessory/other:1
Exp3_MAG_161_panelcluster_3780	Exp3_MAG_161	multi_hit	MAGs/Exp3_MAG_161_c_000000000028	17405	26773	9368	5	8	CYP450; alkH_ald; echA1; paaG; pimC/aabA	Alkanes; Beta-oxidation; Cyclohexanecarboxylate; Phenylacetate	Auxillary alkane pathway; Beta-oxidation; Cyclohexanecarboxylate; Phenylacetate; Terminal/biterminal oxidation	Dehydrogenase/oxidoreductase:3; Hydratase/dehydratase/isomerase:2; Thiolase/transferase:1; Accessory/other:1; CoA ligase/synthetase:1
Exp3_MAG_161_panelcluster_3783	Exp3_MAG_161	multi_hit	MAGs/Exp3_MAG_161_c_000000000040	1422	11547	10125	5	10	CYP450; pimC/aabA; pimD	Alkanes; Cyclohexanecarboxylate	Cyclohexanecarboxylate; Terminal/biterminal oxidation	Dehydrogenase/oxidoreductase:4; Hypothetical/accessory:2; Oxygenase/dioxygenase:2; Regulator:1; Electron transfer/redox:1
Exp3_MAG_162_panelcluster_3854	Exp3_MAG_162	multi_hit	MAGs/Exp3_MAG_162_c_000000000023	82307	103001	20694	5	20	acdA; atoB; fadK; hmgL	Beta-oxidation; Cyclohexylacetate	Beta-oxidation; Cyclohexylacetate	Hypothetical/accessory:5; Dehydrogenase/oxidoreductase:4; Accessory/other:4; Carboxylase:2; Hydrolase/decarboxylase/lyase:1; Hydratase/dehydratase/isomerase:1; CoA ligase/synthetase:1; Regulator:1; Thiolase/transferase:1
Exp3_MAG_162_panelcluster_3872	Exp3_MAG_162	multi_hit	MAGs/Exp3_MAG_162_c_000000000039	361	31097	30736	5	21	ABO_2449; galC; paaG; paaY; pcaK	Gallate; Phenylacetate; Plastics; Transportation	Gallate; PBSA/PCL/PES/PHA/PHBV/PLA; Phenylacetate; Transportation	Hypothetical/accessory:5; Accessory/other:4; Regulator:4; Hydrolase/decarboxylase/lyase:3; Hydratase/dehydratase/isomerase:2; Transport/efflux:2; Dehydrogenase/oxidoreductase:1
Exp3_MAG_162_panelcluster_3904	Exp3_MAG_162	multi_hit	MAGs/Exp3_MAG_162_c_000000000073	2736	13157	10421	5	10	catR; fadA; fadJ; pimC/aabA; pimD	Beta-oxidation; Catechol-ortho; Cyclohexanecarboxylate	Beta-oxidation; Catechol-ortho; Cyclohexanecarboxylate	Regulator:3; Hypothetical/accessory:3; Dehydrogenase/oxidoreductase:2; Accessory/other:1; Thiolase/transferase:1
Exp3_MAG_162_panelcluster_3923	Exp3_MAG_162	multi_hit	MAGs/Exp3_MAG_162_c_000000000100	19	5414	5395	5	5	chnE; hpcB; hpcC; hpcG; hpcH	Alkanes; Aromatics	Homoprotocatechuate; Terminal/biterminal oxidation	Dehydrogenase/oxidoreductase:2; Oxygenase/dioxygenase:1; Hydratase/dehydratase/isomerase:1; Hydrolase/decarboxylase/lyase:1
Exp3_MAG_162_panelcluster_3927	Exp3_MAG_162	multi_hit	MAGs/Exp3_MAG_162_c_000000000108	1275	13212	11937	5	11	hpcB; hpcG; hpcH; pchA; xylG	Aromatics; Catechol-meta	Catechol-meta; Homoprotocatechuate; Toluene	Hypothetical/accessory:4; Dehydrogenase/oxidoreductase:3; Hydrolase/decarboxylase/lyase:1; Hydratase/dehydratase/isomerase:1; Regulator:1; Oxygenase/dioxygenase:1
Exp3_MAG_162_panelcluster_3929	Exp3_MAG_162	multi_hit	MAGs/Exp3_MAG_162_c_000000000115	7552	17035	9483	5	7	GI:23664434; boxA; boxB; boxC; paaZ	Aromatics; Phenylacetate	Benzene; Phenylacetate	Oxygenase/dioxygenase:2; Hydrolase/decarboxylase/lyase:1; Accessory/other:1; Hypothetical/accessory:1; Dehydrogenase/oxidoreductase:1; CoA ligase/synthetase:1
Exp3_MAG_165_panelcluster_4060	Exp3_MAG_165	multi_hit	MAGs/Exp3_MAG_165_c_000000000039	34858	54275	19417	5	21	CYP450; benD; fadD; pimC/aabA; pimD	Alkanes; Benzoate; Beta-oxidation; Cyclohexanecarboxylate	Benzoate; Beta-oxidation; Cyclohexanecarboxylate; Terminal/biterminal oxidation	Hypothetical/accessory:8; Accessory/other:4; Dehydrogenase/oxidoreductase:3; Thiolase/transferase:2; Regulator:2; CoA ligase/synthetase:1; Carboxylase:1
Exp3_MAG_165_panelcluster_4082	Exp3_MAG_165	multi_hit	MAGs/Exp3_MAG_165_c_000000000105	11391	40937	29546	5	24	BVMO; CYP450; est; pimC/aabA	Alkanes; Cyclohexanecarboxylate; Plastics	Cyclohexanecarboxylate; PBAT; Subterminal oxidation; Terminal/biterminal oxidation	Hypothetical/accessory:13; Oxygenase/dioxygenase:3; Accessory/other:3; Dehydrogenase/oxidoreductase:2; Hydratase/dehydratase/isomerase:1; Hydrolase/decarboxylase/lyase:1; Regulator:1
Exp3_MAG_169_panelcluster_4221	Exp3_MAG_169	multi_hit	MAGs/Exp3_MAG_169_c_000000000018	85839	98678	12839	5	12	fadA; fadJ; pcaI; pcaJ; pimC/aabA	Beta-oxidation; Catechol-ortho; Cyclohexanecarboxylate	Beta-oxidation; Catechol-ortho; Cyclohexanecarboxylate	Thiolase/transferase:3; Carboxylase:3; Accessory/other:2; Hypothetical/accessory:2; Hydratase/dehydratase/isomerase:1; Dehydrogenase/oxidoreductase:1
Exp3_MAG_170_panelcluster_4289	Exp3_MAG_170	multi_hit	MAGs/Exp3_MAG_170_c_000000000002	19643	40422	20779	5	21	fadA; fadI; pimC/aabA; pimD; pobA	Aromatics; Catechol-ortho; Cyclohexanecarboxylate	Catechol-ortho; Cyclohexanecarboxylate; Toluene	Hypothetical/accessory:8; Accessory/other:4; Thiolase/transferase:3; Dehydrogenase/oxidoreductase:3; Hydratase/dehydratase/isomerase:1; CoA ligase/synthetase:1; Oxygenase/dioxygenase:1
Exp3_MAG_170_panelcluster_4308	Exp3_MAG_170	multi_hit	MAGs/Exp3_MAG_170_c_000000000049	42580	64418	21838	5	19	aabB; aliA; crt; pegA; ubiX	Beta-oxidation; Cyclohexanecarboxylate; Plastics; Tannin	Beta-oxidation; Cyclohexanecarboxylate; PEG; Tannin	Hypothetical/accessory:5; Dehydrogenase/oxidoreductase:3; Accessory/other:2; Regulator:2; CoA ligase/synthetase:2; Hydratase/dehydratase/isomerase:2; Transport/efflux:2; Hydrolase/decarboxylase/lyase:1
Exp3_MAG_170_panelcluster_4326	Exp3_MAG_170	multi_hit	MAGs/Exp3_MAG_170_c_000000000088	21744	41300	19556	5	14	PGRcl; acdB; fadK; rdxR	Alkanes; Beta-oxidation; Pyrogallol	Beta-oxidation; Pyrogallol; Terminal/biterminal oxidation	Dehydrogenase/oxidoreductase:4; CoA ligase/synthetase:2; Hydratase/dehydratase/isomerase:2; Hypothetical/accessory:2; Accessory/other:2; Electron transfer/redox:1; Transport/efflux:1
Exp3_MAG_170_panelcluster_4336	Exp3_MAG_170	multi_hit	MAGs/Exp3_MAG_170_c_000000000131	13638	20391	6753	5	5	fadA; fadB; fadD; pimC/aabA; pimD	Beta-oxidation; Cyclohexanecarboxylate	Beta-oxidation; Cyclohexanecarboxylate	Dehydrogenase/oxidoreductase:2; Thiolase/transferase:1; CoA ligase/synthetase:1; Hydratase/dehydratase/isomerase:1
Exp3_MAG_173_panelcluster_4442	Exp3_MAG_173	multi_hit	MAGs/Exp3_MAG_173_c_000000000062	8542	34148	25606	5	20	acdB; benD; hbd; pnbA	Aromatics; Beta-oxidation; Plastics	Benzene; Beta-oxidation; P3HV/PHA/PHBV; PET	Hypothetical/accessory:9; Accessory/other:5; Dehydrogenase/oxidoreductase:3; Hydratase/dehydratase/isomerase:2; Regulator:1
Exp3_MAG_174_panelcluster_4539	Exp3_MAG_174	multi_hit	MAGs/Exp3_MAG_174_c_000000000572	1744	8295	6551	5	5	pimC/aabA	Cyclohexanecarboxylate	Cyclohexanecarboxylate	Dehydrogenase/oxidoreductase:5
Exp3_MAG_210_panelcluster_5871	Exp3_MAG_210	multi_hit	MAGs/Exp3_MAG_210_c_000000000008	18060	27628	9568	5	8	chcB2; pimC/aabA; pimD; uctC; xylB	Aromatics; Cyclohexanecarboxylate; Oxalate	Cyclohexanecarboxylate; Oxalate; Toluene	Dehydrogenase/oxidoreductase:5; Transport/efflux:1; Hypothetical/accessory:1; Thiolase/transferase:1
Exp3_MAG_210_panelcluster_5881	Exp3_MAG_210	multi_hit	MAGs/Exp3_MAG_210_c_000000000029	27980	40416	12436	5	10	AAE3; aliA; est; fadB; phaZc	Beta-oxidation; Oxalate; Plastics	Beta-oxidation; Oxalate; PBAT; PHA/PHB	Accessory/other:4; CoA ligase/synthetase:2; Hydrolase/decarboxylase/lyase:1; Dehydrogenase/oxidoreductase:1; Hypothetical/accessory:1; Hydratase/dehydratase/isomerase:1
Exp3_MAG_213_panelcluster_5946	Exp3_MAG_213	multi_hit	MAGs/Exp3_MAG_213_c_000000000014	4502	12173	7671	5	5	fadA; fadD; fadJ; pimC/aabA; pimD	Beta-oxidation; Cyclohexanecarboxylate	Beta-oxidation; Cyclohexanecarboxylate	Dehydrogenase/oxidoreductase:2; Thiolase/transferase:1; CoA ligase/synthetase:1; Accessory/other:1
Exp3_MAG_213_panelcluster_5963	Exp3_MAG_213	multi_hit	MAGs/Exp3_MAG_213_c_000000000047	15773	39142	23369	5	20	BVMO; benD; chnD; xecD; yfdE	Alkanes; Alkenes; Aromatics; Oxalate	Benzene; Oxalate; Propene; Subterminal oxidation; Terminal/biterminal oxidation	Dehydrogenase/oxidoreductase:5; Hypothetical/accessory:5; Accessory/other:2; Thiolase/transferase:2; Hydrolase/decarboxylase/lyase:2; Carboxylase:2; Oxygenase/dioxygenase:1; Regulator:1
Exp3_MAG_231_panelcluster_6589	Exp3_MAG_231	multi_hit	MAGs/Exp3_MAG_231_c_000000000210	11498	18144	6646	5	7	paaB; paaC; paaD; paaE; paaZ	Phenylacetate	Phenylacetate	Accessory/other:5; Hydrolase/decarboxylase/lyase:1; Regulator:1
Exp3_MAG_232_panelcluster_6677	Exp3_MAG_232	multi_hit	MAGs/Exp3_MAG_232_c_000000000101	51521	78732	27211	5	32	chcB1; chnA; chnE; etnE; pegA	Alkanes; Alkenes; Cyclohexanecarboxylate; Plastics	Cyclohexanecarboxylate; Ethene/chloroethene; PEG; Terminal/biterminal oxidation	Hypothetical/accessory:16; Dehydrogenase/oxidoreductase:4; Accessory/other:4; Regulator:2; Transport/efflux:2; Oxygenase/dioxygenase:2; Hydratase/dehydratase/isomerase:1; Hydrolase/decarboxylase/lyase:1
Exp3_MAG_232_panelcluster_6699	Exp3_MAG_232	multi_hit	MAGs/Exp3_MAG_232_c_000000000155	2314	14307	11993	5	10	fadB; fadD; mhbl; pimC/aabA; pimD	Beta-oxidation; Cyclohexanecarboxylate; Gentisate	Beta-oxidation; Cyclohexanecarboxylate; Gentisate	Dehydrogenase/oxidoreductase:3; Hydratase/dehydratase/isomerase:2; Accessory/other:2; Hypothetical/accessory:2; CoA ligase/synthetase:1
Exp3_MAG_232_panelcluster_6747	Exp3_MAG_232	multi_hit	MAGs/Exp3_MAG_232_c_000000000305	36968	47396	10428	5	9	atoA; hapE; pcaI; styA; styB	Aromatics; Catechol-ortho; Cyclohexylacetate; Hydroquinone	Catechol-ortho; Cyclohexylacetate; Hydroquinone; Styrene	Thiolase/transferase:2; Dehydrogenase/oxidoreductase:2; Oxygenase/dioxygenase:1; Regulator:1; Hypothetical/accessory:1; Accessory/other:1; Transport/efflux:1
Exp3_MAG_237_panelcluster_6988	Exp3_MAG_237	multi_hit	MAGs/Exp3_MAG_237_c_000000000038	100817	119889	19072	5	19	alkH_ald; almA; atoB; hmgA; phaZc	Alkanes; Aromatics; Beta-oxidation; Plastics	Auxillary alkane pathway; Beta-oxidation; Homogentisate; PHA/PHB; Terminal/biterminal oxidation	Hypothetical/accessory:8; Accessory/other:4; Oxygenase/dioxygenase:3; Dehydrogenase/oxidoreductase:2; Hydrolase/decarboxylase/lyase:1; Thiolase/transferase:1
Exp3_MAG_240_panelcluster_7175	Exp3_MAG_240	multi_hit	MAGs/Exp3_MAG_240_c_000000000027	10350	18140	7790	5	7	aliA; badH; paaG; pimC/aabA; pimD	Beta-oxidation; Cyclohexanecarboxylate; Phenylacetate	Beta-oxidation; Cyclohexanecarboxylate; Phenylacetate	Dehydrogenase/oxidoreductase:4; Hydratase/dehydratase/isomerase:1; CoA ligase/synthetase:1; Hypothetical/accessory:1
Exp3_MAG_241_panelcluster_7275	Exp3_MAG_241	multi_hit	MAGs/Exp3_MAG_241_c_000000000139	2759	9743	6984	5	6	benA; benB; catR; xylB; xylM	Aromatics; Catechol-ortho	Benzene; Catechol-ortho; Toluene	Oxygenase/dioxygenase:2; Dehydrogenase/oxidoreductase:2; Regulator:1; Hypothetical/accessory:1
Exp3_MAG_244_panelcluster_7420	Exp3_MAG_244	multi_hit	MAGs/Exp3_MAG_244_c_000000000005	8233	34585	26352	5	21	chnD; dpgC; hapE; subC; xylB	Alkanes; Aromatics; Hydroquinone; Plastics	Hydroquinone; PLA; Terminal/biterminal oxidation; Toluene	Hypothetical/accessory:13; Dehydrogenase/oxidoreductase:4; Regulator:2; Accessory/other:1; Mobile/stress/accessory:1
Exp3_MAG_244_panelcluster_7465	Exp3_MAG_244	multi_hit	MAGs/Exp3_MAG_244_c_000000000119	18102	22019	3917	5	5	paaA; paaB; paaC; paaD; paaE	Phenylacetate	Phenylacetate	Accessory/other:5
Exp3_MAG_245_panelcluster_7607	Exp3_MAG_245	multi_hit	MAGs/Exp3_MAG_245_c_000000000416	5447	25087	19640	5	16	ISF6_0224; benA; mhbD; pcaK; pobB	Aromatics; Gentisate; Plastics; Protocatechuate; Transportation	Benzene; Gentisate; PET; Protocatechuate; Transportation	Oxygenase/dioxygenase:5; Hypothetical/accessory:5; Accessory/other:1; Dehydrogenase/oxidoreductase:1; CoA ligase/synthetase:1; Hydrolase/decarboxylase/lyase:1; Carboxylase:1; Transport/efflux:1
Exp3_MAG_245_panelcluster_7641	Exp3_MAG_245	multi_hit	MAGs/Exp3_MAG_245_c_000000000621	6079	22221	16142	5	18	AvCA6_03910; atoA; atoD; chqB; macA	Cyclohexylacetate; Hydroxyquinol; Plastics	Cyclohexylacetate; Hydroxyquinol; PHA/PHB	Hypothetical/accessory:5; Accessory/other:4; Dehydrogenase/oxidoreductase:3; Thiolase/transferase:2; Oxygenase/dioxygenase:1; Regulator:1; Transport/efflux:1; Hydratase/dehydratase/isomerase:1
Exp3_MAG_248_panelcluster_7750	Exp3_MAG_248	multi_hit	MAGs/Exp3_MAG_248_c_000000000006	28663	41838	13175	5	12	chcB1; echA1; paaG; sdgB; xecE1	Alkenes; Aromatics; Beta-oxidation; Cyclohexanecarboxylate; Phenylacetate	Beta-oxidation; Cyclohexanecarboxylate; Phenylacetate; Propene; Salicylate	Dehydrogenase/oxidoreductase:4; Hypothetical/accessory:3; Hydratase/dehydratase/isomerase:3; CoA ligase/synthetase:1; Oxygenase/dioxygenase:1
Exp3_MAG_248_panelcluster_7783	Exp3_MAG_248	multi_hit	MAGs/Exp3_MAG_248_c_000000000137	70403	87020	16617	5	14	BVMO; est; fadK; pimC/aabA; pimD	Alkanes; Beta-oxidation; Cyclohexanecarboxylate; Plastics	Beta-oxidation; Cyclohexanecarboxylate; PLA; Subterminal oxidation	Dehydrogenase/oxidoreductase:4; Hypothetical/accessory:4; Accessory/other:2; CoA ligase/synthetase:1; Transport/efflux:1; Regulator:1; Oxygenase/dioxygenase:1
Exp3_MAG_248_panelcluster_7820	Exp3_MAG_248	multi_hit	MAGs/Exp3_MAG_248_c_000000000353	14670	38635	23965	5	23	BVMO; aabB; chcB1; paaG; pimC/aabA	Alkanes; Cyclohexanecarboxylate; Phenylacetate	Cyclohexanecarboxylate; Phenylacetate; Subterminal oxidation	Hypothetical/accessory:9; Accessory/other:5; Dehydrogenase/oxidoreductase:3; Hydrolase/decarboxylase/lyase:2; Hydratase/dehydratase/isomerase:2; CoA ligase/synthetase:2
Exp3_MAG_252_panelcluster_7949	Exp3_MAG_252	multi_hit	MAGs/Exp3_MAG_252_c_000000000053	12770	25383	12613	5	9	GI:23664434; ISF6_0224; boxA; boxB; boxC	Aromatics; Plastics	Benzene; PET	Accessory/other:3; Hydrolase/decarboxylase/lyase:2; Oxygenase/dioxygenase:2; Hypothetical/accessory:1; CoA ligase/synthetase:1
Exp3_MAG_252_panelcluster_7952	Exp3_MAG_252	multi_hit	MAGs/Exp3_MAG_252_c_000000000058	18791	31851	13060	5	13	badH; frc; oxc; oxlT	Beta-oxidation; Oxalate	Beta-oxidation; Oxalate	Accessory/other:4; Hypothetical/accessory:3; Dehydrogenase/oxidoreductase:2; Thiolase/transferase:2; Regulator:1; Carboxylase:1
Exp3_MAG_252_panelcluster_7987	Exp3_MAG_252	multi_hit	MAGs/Exp3_MAG_252_c_000000000142	1270	15801	14531	5	15	PGRcl; aliA; pcaI; pcaJ; xecE1	Alkenes; Beta-oxidation; Catechol-ortho; Protocatechuate; Pyrogallol	Beta-oxidation; Catechol-ortho; Catechol-ortho; Protocatechuate; Propene; Pyrogallol	Hypothetical/accessory:6; Dehydrogenase/oxidoreductase:2; Thiolase/transferase:2; Accessory/other:1; Transport/efflux:1; CoA ligase/synthetase:1; Hydratase/dehydratase/isomerase:1; Electron transfer/redox:1
Exp3_MAG_253_panelcluster_7999	Exp3_MAG_253	multi_hit	MAGs/Exp3_MAG_253_c_000000000002	7991	29270	21279	5	18	AAE3; chnA; chqB; macA	Alkanes; Hydroxyquinol; Oxalate	Hydroxyquinol; Oxalate; Terminal/biterminal oxidation	Accessory/other:7; Hypothetical/accessory:3; Oxygenase/dioxygenase:2; Dehydrogenase/oxidoreductase:2; CoA ligase/synthetase:1; Regulator:1; Transport/efflux:1; Hydrolase/decarboxylase/lyase:1
Exp3_MAG_253_panelcluster_8013	Exp3_MAG_253	multi_hit	MAGs/Exp3_MAG_253_c_000000000005	203431	215089	11658	5	12	galB; galC; galD; galR; xylL	Aromatics; Gallate	Benzene; Gallate	Hydratase/dehydratase/isomerase:2; Hypothetical/accessory:2; Regulator:2; Accessory/other:2; Dehydrogenase/oxidoreductase:2; Hydrolase/decarboxylase/lyase:1; Oxygenase/dioxygenase:1
Exp3_MAG_255_panelcluster_8238	Exp3_MAG_255	multi_hit	MAGs/Exp3_MAG_255_c_000000000373	16095	20725	4630	5	5	paaB; paaC; paaG; paaI; paaK	Phenylacetate	Phenylacetate	Accessory/other:2; Hydratase/dehydratase/isomerase:1; Hydrolase/decarboxylase/lyase:1; Hypothetical/accessory:1
Exp3_MAG_256_panelcluster_8249	Exp3_MAG_256	multi_hit	MAGs/Exp3_MAG_256_c_000000000027	40218	47112	6894	5	6	galA; galC; galD; galR; galT	Gallate	Gallate	Regulator:1; Accessory/other:1; Hydratase/dehydratase/isomerase:1; Hydrolase/decarboxylase/lyase:1; Transport/efflux:1; Oxygenase/dioxygenase:1
Exp3_MAG_256_panelcluster_8259	Exp3_MAG_256	multi_hit	MAGs/Exp3_MAG_256_c_000000000064	539	7185	6646	5	7	paaB; paaC; paaD; paaE; paaZ	Phenylacetate	Phenylacetate	Accessory/other:4; Regulator:1; Hypothetical/accessory:1; Hydrolase/decarboxylase/lyase:1
Exp3_MAG_26_panelcluster_8507	Exp3_MAG_26	multi_hit	MAGs/Exp3_MAG_26_c_000000000088	25076	35979	10903	5	11	mlaE; mlaF; paaA; paaC; paaD	Phenylacetate; Transportation	Phenylacetate; Transportation	Accessory/other:5; Hypothetical/accessory:3; Transport/efflux:3
Exp3_MAG_261_panelcluster_8582	Exp3_MAG_261	multi_hit	MAGs/Exp3_MAG_261_c_000000000125	4024	9258	5234	5	6	hpcB; hpcC; hpcE; hpcG; hpcH	Aromatics	Homoprotocatechuate	Hydratase/dehydratase/isomerase:2; Hydrolase/decarboxylase/lyase:1; Oxygenase/dioxygenase:1; Dehydrogenase/oxidoreductase:1; Carboxylase:1
Exp3_MAG_262_panelcluster_8604	Exp3_MAG_262	multi_hit	MAGs/Exp3_MAG_262_c_000000000007	861	18481	17620	5	16	galA; galC; galR; nahW; xecE1	Alkenes; Aromatics; Gallate	Gallate; Propene; Salicylate	Hypothetical/accessory:7; Dehydrogenase/oxidoreductase:2; Accessory/other:2; Oxygenase/dioxygenase:2; Regulator:1; Hydratase/dehydratase/isomerase:1; Hydrolase/decarboxylase/lyase:1
Exp3_MAG_262_panelcluster_8608	Exp3_MAG_262	multi_hit	MAGs/Exp3_MAG_262_c_000000000010	33705	37939	4234	5	6	paaA; paaB; paaC; paaD; paaE	Phenylacetate	Phenylacetate	Accessory/other:5; Hypothetical/accessory:1
Exp3_MAG_262_panelcluster_8623	Exp3_MAG_262	multi_hit	MAGs/Exp3_MAG_262_c_000000000017	18920	54600	35680	5	25	PGRcl; atoA; hpcH; mpdC; pcaI	Alkenes; Aromatics; Catechol-ortho; Cyclohexylacetate; Pyrogallol	2-methylpropene; Catechol-ortho; Cyclohexylacetate; Homoprotocatechuate; Pyrogallol	Hypothetical/accessory:11; Accessory/other:4; Dehydrogenase/oxidoreductase:4; Thiolase/transferase:2; Hydrolase/decarboxylase/lyase:1; Hydratase/dehydratase/isomerase:1; Regulator:1; Electron transfer/redox:1
Exp3_MAG_262_panelcluster_8657	Exp3_MAG_262	multi_hit	MAGs/Exp3_MAG_262_c_000000000033	82899	94598	11699	5	11	pimC/aabA; pimD; sdgA; sdgB; sdgC	Aromatics; Cyclohexanecarboxylate	Cyclohexanecarboxylate; Salicylate	Dehydrogenase/oxidoreductase:3; Hypothetical/accessory:2; Hydratase/dehydratase/isomerase:2; Accessory/other:1; Oxygenase/dioxygenase:1; Hydrolase/decarboxylase/lyase:1; CoA ligase/synthetase:1
Exp3_MAG_262_panelcluster_8704	Exp3_MAG_262	multi_hit	MAGs/Exp3_MAG_262_c_000000000076	28273	38226	9953	5	11	aabB; aliB; badH; crt; yfdE	Beta-oxidation; Cyclohexanecarboxylate; Oxalate	Beta-oxidation; Cyclohexanecarboxylate; Oxalate	Hydratase/dehydratase/isomerase:3; Dehydrogenase/oxidoreductase:2; Hypothetical/accessory:2; Thiolase/transferase:1; Regulator:1; Hydrolase/decarboxylase/lyase:1; Accessory/other:1
Exp3_MAG_264_panelcluster_8848	Exp3_MAG_264	multi_hit	MAGs/Exp3_MAG_264_c_000000000021	344	3823	3479	5	5	paaA; paaB; paaC; paaD; paaE	Phenylacetate	Phenylacetate	Accessory/other:5
Exp3_MAG_269_panelcluster_9206	Exp3_MAG_269	multi_hit	MAGs/Exp3_MAG_269_c_000000000287	4293	15250	10957	5	10	aliB; fadD; pnbA	Beta-oxidation; Plastics	Beta-oxidation; PET	Hypothetical/accessory:3; Accessory/other:3; Dehydrogenase/oxidoreductase:2; CoA ligase/synthetase:1; Thiolase/transferase:1
Exp3_MAG_272_panelcluster_9550	Exp3_MAG_272	multi_hit	MAGs/Exp3_MAG_272_c_000000000187	47324	56098	8774	5	7	BVMO; benD; chcB1; ladA; pimC/aabA	Alkanes; Benzoate; Cyclohexanecarboxylate	Benzoate; Cyclohexanecarboxylate; Subterminal oxidation; Terminal/biterminal oxidation	Dehydrogenase/oxidoreductase:4; Oxygenase/dioxygenase:3
Exp3_MAG_273_panelcluster_9715	Exp3_MAG_273	multi_hit	MAGs/Exp3_MAG_273_c_000000000275	884	12029	11145	5	11	chqB; macA; pcaF; pcaI; pcaJ	Catechol-ortho; Hydroxyquinol; Protocatechuate	Catechol-ortho; Hydroxyquinol; Protocatechuate	Thiolase/transferase:3; Hypothetical/accessory:2; Transport/efflux:2; Oxygenase/dioxygenase:2; Dehydrogenase/oxidoreductase:1; Accessory/other:1
Exp3_MAG_278_panelcluster_9906	Exp3_MAG_278	multi_hit	MAGs/Exp3_MAG_278_c_000000000112	24049	39079	15030	5	14	GI:23664434; abmA; fadK; mhbD; mhbl	Aromatics; Beta-oxidation; Gentisate	Anthranilate; Benzene; Beta-oxidation; Gentisate	Hypothetical/accessory:5; Oxygenase/dioxygenase:2; CoA ligase/synthetase:2; Hydratase/dehydratase/isomerase:2; Transport/efflux:2; Accessory/other:1
Exp3_MAG_279_panelcluster_10008	Exp3_MAG_279	multi_hit	MAGs/Exp3_MAG_279_c_000000000118	715	6931	6216	5	8	galA; galB; galC; galD; galR	Gallate	Gallate	Oxygenase/dioxygenase:2; Hydrolase/decarboxylase/lyase:2; Hydratase/dehydratase/isomerase:2; Hypothetical/accessory:1; Regulator:1
Exp3_MAG_281_panelcluster_10147	Exp3_MAG_281	multi_hit	MAGs/Exp3_MAG_281_c_000000000015	26086	60978	34892	5	28	hapE; hmgL; mpdC; nahW; yfdE	Alkenes; Aromatics; Cyclohexylacetate; Hydroquinone; Oxalate	2-methylpropene; Cyclohexylacetate; Hydroquinone; Oxalate; Salicylate	Hypothetical/accessory:13; Accessory/other:3; Transport/efflux:3; Oxygenase/dioxygenase:2; Dehydrogenase/oxidoreductase:2; Carboxylase:2; Hydrolase/decarboxylase/lyase:1; Regulator:1; Thiolase/transferase:1
Exp3_MAG_32_panelcluster_10752	Exp3_MAG_32	multi_hit	MAGs/Exp3_MAG_32_c_000000000025	6379	16784	10405	5	11	mhbD; mhbH; mhbl; nagAa; tphB	Aromatics; Gentisate; Naphthalene	1-Methylnaphthalene/2-Methylnaphthalene; Gentisate; Terephthalate	Accessory/other:3; Dehydrogenase/oxidoreductase:2; Hydratase/dehydratase/isomerase:1; CoA ligase/synthetase:1; Hydrolase/decarboxylase/lyase:1; Hypothetical/accessory:1; Oxygenase/dioxygenase:1; Electron transfer/redox:1
Exp3_MAG_32_panelcluster_10796	Exp3_MAG_32	multi_hit	MAGs/Exp3_MAG_32_c_000000000115	1	3332	3331	5	5	paaA; paaB; paaC; paaD; paaE	Phenylacetate	Phenylacetate	Accessory/other:5
Exp3_MAG_34_panelcluster_10883	Exp3_MAG_34	multi_hit	MAGs/Exp3_MAG_34_c_000000000445	10528	16702	6174	5	5	atoA; paaJ; pcaB; pcaL; pobA	Aromatics; Catechol-ortho; Cyclohexylacetate; Phenylacetate; Protocatechuate	Catechol-ortho; Cyclohexylacetate; Phenylacetate; Protocatechuate; Toluene	Thiolase/transferase:1; Accessory/other:1; Oxygenase/dioxygenase:1; Hydrolase/decarboxylase/lyase:1; Hydratase/dehydratase/isomerase:1
Exp3_MAG_40_panelcluster_11167	Exp3_MAG_40	multi_hit	MAGs/Exp3_MAG_40_c_000000000226	1717	8761	7044	5	6	aabB; aabC; aabD; aliB; uctC	Beta-oxidation; Cyclohexanecarboxylate; Oxalate	Beta-oxidation; Cyclohexanecarboxylate; Oxalate	Dehydrogenase/oxidoreductase:2; Thiolase/transferase:2; Regulator:1; Hydratase/dehydratase/isomerase:1
Exp3_MAG_42_panelcluster_11199	Exp3_MAG_42	multi_hit	MAGs/Exp3_MAG_42_c_000000000005	115094	139911	24817	5	21	acdA; acdB; atoB; hmgL	Beta-oxidation; Cyclohexylacetate	Beta-oxidation; Cyclohexylacetate	Hypothetical/accessory:9; Dehydrogenase/oxidoreductase:3; Carboxylase:2; Hydratase/dehydratase/isomerase:2; Accessory/other:2; Hydrolase/decarboxylase/lyase:1; Thiolase/transferase:1; Mobile/stress/accessory:1
Exp3_MAG_42_panelcluster_11208	Exp3_MAG_42	multi_hit	MAGs/Exp3_MAG_42_c_000000000013	74311	86466	12155	5	8	fadA; fadE; fadI; fadJ; fadL	Beta-oxidation; Catechol-ortho; Transportation	Beta-oxidation; Catechol-ortho; Transportation	Thiolase/transferase:2; Dehydrogenase/oxidoreductase:2; Transport/efflux:1; Hydrolase/decarboxylase/lyase:1; Accessory/other:1; Hypothetical/accessory:1
Exp3_MAG_44_panelcluster_11337	Exp3_MAG_44	multi_hit	MAGs/Exp3_MAG_44_c_000000000008	572	4156	3584	5	5	paaA; paaB; paaC; paaD; paaX	Phenylacetate	Phenylacetate	Accessory/other:4; Regulator:1
Exp3_MAG_44_panelcluster_11414	Exp3_MAG_44	multi_hit	MAGs/Exp3_MAG_44_c_000000000491	447	15410	14963	5	12	aliA; badI; chcAa; fadA; pimC/aabA	Beta-oxidation; Catechol-ortho; Cyclohexanecarboxylate	Beta-oxidation; Catechol-ortho; Cyclohexanecarboxylate	Dehydrogenase/oxidoreductase:4; Accessory/other:1; Hydratase/dehydratase/isomerase:1; Transport/efflux:1; Regulator:1; CoA ligase/synthetase:1; Oxygenase/dioxygenase:1; Hypothetical/accessory:1; Thiolase/transferase:1
Exp3_MAG_49_panelcluster_11669	Exp3_MAG_49	multi_hit	MAGs/Exp3_MAG_49_c_000000000055	234004	261307	27303	5	26	amdA; hmgL; nagF; uctC	Cyclohexylacetate; Naphthalene; Oxalate; Plastics	Cyclohexylacetate; Naphthalene; Oxalate; PU	Hypothetical/accessory:7; Dehydrogenase/oxidoreductase:5; Accessory/other:4; Hydrolase/decarboxylase/lyase:4; Hydratase/dehydratase/isomerase:2; Thiolase/transferase:2; Oxygenase/dioxygenase:1; Regulator:1
Exp3_MAG_56_panelcluster_11962	Exp3_MAG_56	multi_hit	MAGs/Exp3_MAG_56_c_000000000009	28309	43995	15686	5	18	mlaD; mlaE; mlaF; paaI; pcaF	Catechol-ortho; Phenylacetate; Protocatechuate; Transportation	Phenylacetate; Protocatechuate; Transportation	Hypothetical/accessory:4; Accessory/other:4; Transport/efflux:3; CoA ligase/synthetase:2; Carboxylase:2; Thiolase/transferase:1; Hydrolase/decarboxylase/lyase:1; Regulator:1
Exp3_MAG_56_panelcluster_12004	Exp3_MAG_56	multi_hit	MAGs/Exp3_MAG_56_c_000000000079	7323	21114	13791	5	11	chnE; hmgA; mhbl; nagR; pcaK	Alkanes; Aromatics; Gentisate; Naphthalene; Transportation	Gentisate; Homogentisate; Naphthalene; Terminal/biterminal oxidation; Transportation	Hypothetical/accessory:4; Accessory/other:3; Transport/efflux:1; Oxygenase/dioxygenase:1; Hydratase/dehydratase/isomerase:1; Dehydrogenase/oxidoreductase:1
Exp3_MAG_56_panelcluster_12018	Exp3_MAG_56	multi_hit	MAGs/Exp3_MAG_56_c_000000000096	40974	48853	7879	5	6	fadA; fadJ; pimC/aabA; pimD; uctC	Beta-oxidation; Cyclohexanecarboxylate; Oxalate	Beta-oxidation; Cyclohexanecarboxylate; Oxalate	Thiolase/transferase:2; Dehydrogenase/oxidoreductase:2; Accessory/other:1; Hydratase/dehydratase/isomerase:1
Exp3_MAG_56_panelcluster_12022	Exp3_MAG_56	multi_hit	MAGs/Exp3_MAG_56_c_000000000105	689	17139	16450	5	16	pcaB; pcaD; pcaH; pobA; ubiX	Aromatics; Catechol-ortho; Protocatechuate; Tannin	Protocatechuate; Tannin; Toluene	Accessory/other:4; Hypothetical/accessory:4; Oxygenase/dioxygenase:3; Dehydrogenase/oxidoreductase:2; Hydrolase/decarboxylase/lyase:1; Hydratase/dehydratase/isomerase:1; Regulator:1
Exp3_MAG_57_panelcluster_12091	Exp3_MAG_57	multi_hit	MAGs/Exp3_MAG_57_c_000000000640	460	5804	5344	5	6	mhbD; mhbH; mhbl; pcaK; ubiX	Gentisate; Tannin; Transportation	Gentisate; Tannin; Transportation	Oxygenase/dioxygenase:1; Hydrolase/decarboxylase/lyase:1; Hydratase/dehydratase/isomerase:1; Hypothetical/accessory:1; Accessory/other:1; Transport/efflux:1
Exp3_MAG_58_panelcluster_12139	Exp3_MAG_58	multi_hit	MAGs/Exp3_MAG_58_c_000000000549	1019	6890	5871	5	6	bphA; bphA2; bphB; bphF; bphG	Aromatics	Biphenyl	Electron transfer/redox:2; Oxygenase/dioxygenase:2; Dehydrogenase/oxidoreductase:1; Hypothetical/accessory:1
Exp3_MAG_64_panelcluster_12328	Exp3_MAG_64	multi_hit	MAGs/Exp3_MAG_64_c_000000000023	18003	29367	11364	5	8	ISF6_0224; acdB; pobA	Aromatics; Beta-oxidation; Plastics	Beta-oxidation; PET; Toluene	Hypothetical/accessory:3; Hydrolase/decarboxylase/lyase:3; Oxygenase/dioxygenase:1; Dehydrogenase/oxidoreductase:1
Exp3_MAG_68_panelcluster_12523	Exp3_MAG_68	multi_hit	MAGs/Exp3_MAG_68_c_000000000443	15822	22163	6341	5	7	CYP450; aliB; cmtAb; cmtAc	Alkanes; Aromatics; Beta-oxidation	Beta-oxidation; Terminal/biterminal oxidation; p-Cumate	Oxygenase/dioxygenase:4; Electron transfer/redox:1; Dehydrogenase/oxidoreductase:1; Hypothetical/accessory:1
Exp3_MAG_71_panelcluster_12622	Exp3_MAG_71	multi_hit	MAGs/Exp3_MAG_71_c_000000000005	221335	232780	11445	5	12	paaA; paaB; paaC; paaD; paaH	Phenylacetate	Phenylacetate	Accessory/other:5; Hypothetical/accessory:4; Dehydrogenase/oxidoreductase:2; Electron transfer/redox:1
Exp3_MAG_74_panelcluster_12708	Exp3_MAG_74	multi_hit	MAGs/Exp3_MAG_74_c_000000000020	8396	16912	8516	5	10	pcaG; pcaH; pcaI; pcaJ; pobA	Aromatics; Catechol-ortho; Protocatechuate	Catechol-ortho; Protocatechuate; Toluene	Oxygenase/dioxygenase:3; Accessory/other:2; Transport/efflux:2; Thiolase/transferase:2; Hypothetical/accessory:1
Exp3_MAG_74_panelcluster_12744	Exp3_MAG_74	multi_hit	MAGs/Exp3_MAG_74_c_000000000068	2410	22637	20227	5	18	hbd; mobA; paaH; paaJ; uctC	Gentisate; Oxalate; Phenylacetate; Plastics	Gentisate; Oxalate; P3HV/PHA/PHBV; Phenylacetate	Hypothetical/accessory:9; Dehydrogenase/oxidoreductase:3; Thiolase/transferase:2; Electron transfer/redox:1; Hydrolase/decarboxylase/lyase:1; Oxygenase/dioxygenase:1; Regulator:1
Exp3_MAG_74_panelcluster_12759	Exp3_MAG_74	multi_hit	MAGs/Exp3_MAG_74_c_000000000089	29655	44470	14815	5	16	GI:23664434; acdA; hmgL; isoH	Alkenes; Aromatics; Beta-oxidation; Cyclohexylacetate	Benzene; Beta-oxidation; Cyclohexylacetate; Isoprene	Accessory/other:4; Hypothetical/accessory:4; Hydratase/dehydratase/isomerase:3; Dehydrogenase/oxidoreductase:2; Carboxylase:2; Hydrolase/decarboxylase/lyase:1
Exp3_MAG_74_panelcluster_12760	Exp3_MAG_74	multi_hit	MAGs/Exp3_MAG_74_c_000000000091	23658	35682	12024	5	15	badH; galA; galB; galC	Beta-oxidation; Gallate	Beta-oxidation; Gallate	Regulator:4; Hypothetical/accessory:4; Oxygenase/dioxygenase:2; Hydrolase/decarboxylase/lyase:2; Dehydrogenase/oxidoreductase:1; Accessory/other:1; Hydratase/dehydratase/isomerase:1
Exp3_MAG_75_panelcluster_12768	Exp3_MAG_75	multi_hit	MAGs/Exp3_MAG_75_c_000000000003	43304	47280	3976	5	5	paaA; paaB; paaC; paaD; paaE	Phenylacetate	Phenylacetate	Accessory/other:5
Exp3_MAG_79_panelcluster_12895	Exp3_MAG_79	multi_hit	MAGs/Exp3_MAG_79_c_000000000172	23955	29149	5194	5	7	PGRcl; hbd; pcaI; pcaJ; phaY2	Catechol-ortho; Plastics; Pyrogallol	Catechol-ortho; P3HV/PHA/PHBV; PHA/PHB; Pyrogallol	Dehydrogenase/oxidoreductase:2; Accessory/other:2; Thiolase/transferase:2; Hypothetical/accessory:1
Exp3_MAG_79_panelcluster_12925	Exp3_MAG_79	multi_hit	MAGs/Exp3_MAG_79_c_000000000291	64	8440	8376	5	8	PGRcl; chcB2; fadD; pimC/aabA; pimD	Beta-oxidation; Cyclohexanecarboxylate; Pyrogallol	Beta-oxidation; Cyclohexanecarboxylate; Pyrogallol	Dehydrogenase/oxidoreductase:5; Regulator:1; CoA ligase/synthetase:1; Hypothetical/accessory:1
Exp3_MAG_79_panelcluster_12954	Exp3_MAG_79	multi_hit	MAGs/Exp3_MAG_79_c_000000000463	20710	27748	7038	5	6	aabB; aabC; aabD; aliB; uctC	Beta-oxidation; Cyclohexanecarboxylate; Oxalate	Beta-oxidation; Cyclohexanecarboxylate; Oxalate	Dehydrogenase/oxidoreductase:2; Thiolase/transferase:2; Regulator:1; Hydratase/dehydratase/isomerase:1
Exp3_MAG_8_panelcluster_12974	Exp3_MAG_8	multi_hit	MAGs/Exp3_MAG_8_c_000000000014	8776	12787	4011	5	5	pcaB; pcaC; pcaD; pcaI; pcaJ	Catechol-ortho; Protocatechuate	Catechol-ortho; Protocatechuate	Thiolase/transferase:2; Hydratase/dehydratase/isomerase:1; Hydrolase/decarboxylase/lyase:1; Hypothetical/accessory:1
Exp3_MAG_8_panelcluster_12984	Exp3_MAG_8	multi_hit	MAGs/Exp3_MAG_8_c_000000000039	15992	19773	3781	5	5	paaA; paaB; paaC; paaD; paaE	Phenylacetate	Phenylacetate	Accessory/other:5
Exp3_MAG_80_panelcluster_13093	Exp3_MAG_80	multi_hit	MAGs/Exp3_MAG_80_c_000000000037	27584	32520	4936	5	7	paaA; paaB; paaC; paaD; paaG	Phenylacetate	Phenylacetate	Accessory/other:3; Hypothetical/accessory:3; Hydratase/dehydratase/isomerase:1
Exp3_MAG_85_panelcluster_13272	Exp3_MAG_85	multi_hit	MAGs/Exp3_MAG_85_c_000000000275	2064	6760	4696	5	6	badK; paaA; paaB; paaC; paaE	Cyclohexanecarboxylate; Phenylacetate	Cyclohexanecarboxylate; Phenylacetate	Accessory/other:4; Hydratase/dehydratase/isomerase:1; Regulator:1
Exp3_MAG_86_panelcluster_13343	Exp3_MAG_86	multi_hit	MAGs/Exp3_MAG_86_c_000000000063	9805	33505	23700	5	14	fadJ; hbd; pimC/aabA; pimD; pvaA	Beta-oxidation; Cyclohexanecarboxylate; Plastics	Beta-oxidation; Cyclohexanecarboxylate; P3HV/PHA/PHBV; PVA	Hypothetical/accessory:6; Dehydrogenase/oxidoreductase:5; Accessory/other:2; Hydratase/dehydratase/isomerase:1
Exp3_MAG_93_panelcluster_13618	Exp3_MAG_93	multi_hit	MAGs/Exp3_MAG_93_c_000000000010	140221	163815	23594	5	16	AAE3; acdB; fadA; oxlT; paaF	Beta-oxidation; Oxalate; Phenylacetate	Beta-oxidation; Oxalate; Phenylacetate	Hypothetical/accessory:6; Dehydrogenase/oxidoreductase:3; Accessory/other:3; Thiolase/transferase:1; Hydratase/dehydratase/isomerase:1; Regulator:1; CoA ligase/synthetase:1
Exp3_MAG_94_panelcluster_13690	Exp3_MAG_94	multi_hit	MAGs/Exp3_MAG_94_c_000000000091	2071	14414	12343	5	11	BVMO; CYP450; pimC/aabA; pimD	Alkanes; Cyclohexanecarboxylate	Cyclohexanecarboxylate; Subterminal oxidation; Terminal/biterminal oxidation	Oxygenase/dioxygenase:3; Dehydrogenase/oxidoreductase:3; Hypothetical/accessory:2; CoA ligase/synthetase:1; Regulator:1; Electron transfer/redox:1
Exp3_MAG_98_panelcluster_13832	Exp3_MAG_98	multi_hit	MAGs/Exp3_MAG_98_c_000000000241	2749	6067	3318	5	5	paaA; paaB; paaC; paaD; paaG	Phenylacetate	Phenylacetate	Accessory/other:4; Hydratase/dehydratase/isomerase:1
GCF_000012925.1_panelcluster_13881	GCF_000012925.1	multi_hit	c_000000000001	1922128	1933439	11311	5	10	acdA; atoB; crt; paaH	Beta-oxidation; Phenylacetate	Beta-oxidation; Phenylacetate	Dehydrogenase/oxidoreductase:4; Thiolase/transferase:2; Electron transfer/redox:2; Hydratase/dehydratase/isomerase:1; Mobile/stress/accessory:1
GCF_000013405.1_panelcluster_13929	GCF_000013405.1	multi_hit	c_000000000001	3031390	3053926	22536	5	17	bamB; bamC; had; oah; sdgA	Aromatics; Benzoyl-CoA	Benzoyl-CoA; Salicylate	Hypothetical/accessory:6; Accessory/other:4; Dehydrogenase/oxidoreductase:3; Electron transfer/redox:2; Hydrolase/decarboxylase/lyase:1; Hydratase/dehydratase/isomerase:1
GCF_000267545.1_panelcluster_13984	GCF_000267545.1	multi_hit	c_000000000001	3744844	3775270	30426	5	24	alkN_mcp; catC; chnD; hbd; mhbl	Alkanes; Catechol-ortho; Gentisate; Plastics	Catechol-ortho; Gentisate; Hydrocarbon uptake; P3HV/PHA/PHBV; Terminal/biterminal oxidation	Hypothetical/accessory:8; Accessory/other:6; Dehydrogenase/oxidoreductase:3; Transport/efflux:3; Oxygenase/dioxygenase:2; Hydratase/dehydratase/isomerase:1; Regulator:1
GCF_000267545.1_panelcluster_13996	GCF_000267545.1	multi_hit	c_000000000001	4485076	4498527	13451	5	11	fadD; fadJ; hpcC; pimC/aabA; pimD	Aromatics; Beta-oxidation; Cyclohexanecarboxylate	Beta-oxidation; Cyclohexanecarboxylate; Homoprotocatechuate	Hypothetical/accessory:3; Dehydrogenase/oxidoreductase:3; Regulator:2; CoA ligase/synthetase:1; Transport/efflux:1; Hydratase/dehydratase/isomerase:1
GCF_000470885.1_panelcluster_14048	GCF_000470885.1	multi_hit	c_000000000001	3391591	3412596	21005	5	17	acdA; amnC; fadK; hapE; xylB	Aromatics; Beta-oxidation; Hydroquinone	2-Aminophenol; Beta-oxidation; Hydroquinone; Toluene	Dehydrogenase/oxidoreductase:4; Hypothetical/accessory:4; Carboxylase:2; Transport/efflux:2; Hydrolase/decarboxylase/lyase:2; Accessory/other:1; Regulator:1; CoA ligase/synthetase:1
GCF_000470885.1_panelcluster_14083	GCF_000470885.1	multi_hit	c_000000000001	5058967	5071016	12049	5	10	dszC; ladA; ssuD	Alkanes; Aromatics	Auxillary alkane pathway; Dibenzofuran; Terminal/biterminal oxidation	Oxygenase/dioxygenase:5; Hypothetical/accessory:4; Accessory/other:1
GCF_000470885.1_panelcluster_14090	GCF_000470885.1	multi_hit	c_000000000001	5496703	5512396	15693	5	19	PGRcl; echA1; fadA; paaG	Beta-oxidation; Catechol-ortho; Phenylacetate; Pyrogallol	Beta-oxidation; Catechol-ortho; Phenylacetate; Pyrogallol	Hypothetical/accessory:8; Hydratase/dehydratase/isomerase:4; Dehydrogenase/oxidoreductase:3; Regulator:2; Accessory/other:1; Thiolase/transferase:1
GCF_000475315.1_panelcluster_14247	GCF_000475315.1	multi_hit	c_000000000041	263	8219	7956	5	5	alkB; alkH_ald; alkJ_adh; alkS; rdx	Alkanes	Auxillary alkane pathway; Terminal/biterminal oxidation	Dehydrogenase/oxidoreductase:2; Electron transfer/redox:1; Oxygenase/dioxygenase:1; Regulator:1
GCF_000475335.1_panelcluster_14275	GCF_000475335.1	multi_hit	c_000000000007	302	10612	10310	5	8	galT; hapE; pcaD; pcaF; pcaJ	Catechol-ortho; Gallate; Hydroquinone; Protocatechuate	Catechol-ortho; Gallate; Hydroquinone; Protocatechuate	Thiolase/transferase:2; Transport/efflux:2; Dehydrogenase/oxidoreductase:2; Hydrolase/decarboxylase/lyase:1; Hypothetical/accessory:1
GCF_000475355.1_panelcluster_14325	GCF_000475355.1	multi_hit	c_000000000015	62045	104403	42358	5	34	alkN_mcp; est; mhbH; pimC/aabA; subC	Alkanes; Cyclohexanecarboxylate; Gentisate; Plastics	Cyclohexanecarboxylate; Gentisate; Hydrocarbon uptake; PBAT; PLA	Hypothetical/accessory:13; Accessory/other:7; Dehydrogenase/oxidoreductase:5; Hydratase/dehydratase/isomerase:2; Carboxylase:2; Regulator:1; CoA ligase/synthetase:1; Electron transfer/redox:1; Transport/efflux:1; Hydrolase/decarboxylase/lyase:1
GCF_000475375.1_panelcluster_14402	GCF_000475375.1	multi_hit	c_000000000023	188971	231327	42356	5	34	alkN_mcp; est; mhbH; pimC/aabA; subC	Alkanes; Cyclohexanecarboxylate; Gentisate; Plastics	Cyclohexanecarboxylate; Gentisate; Hydrocarbon uptake; PBAT; PLA	Hypothetical/accessory:13; Accessory/other:7; Dehydrogenase/oxidoreductase:5; Hydratase/dehydratase/isomerase:2; Carboxylase:2; Regulator:1; CoA ligase/synthetase:1; Electron transfer/redox:1; Transport/efflux:1; Hydrolase/decarboxylase/lyase:1
GCF_000475395.1_panelcluster_14496	GCF_000475395.1	multi_hit	c_000000000045	224227	240628	16401	5	15	abmA; abmG2; badH; hbd; mpdC	Alkenes; Aromatics; Beta-oxidation; Plastics	2-methylpropene; Anthranilate; Beta-oxidation; P3HV/PHA/PHBV	Dehydrogenase/oxidoreductase:5; Accessory/other:4; Regulator:2; Hypothetical/accessory:1; Transport/efflux:1; Hydratase/dehydratase/isomerase:1; CoA ligase/synthetase:1
GCF_000475415.1_panelcluster_14516	GCF_000475415.1	multi_hit	c_000000000004	14123	22116	7993	5	8	pcaB; pcaF; pcaG; pcaH; pcaL	Catechol-ortho; Protocatechuate	Catechol-ortho; Protocatechuate	Thiolase/transferase:3; Oxygenase/dioxygenase:2; Regulator:1; Hydrolase/decarboxylase/lyase:1; Hydratase/dehydratase/isomerase:1
GCF_000475415.1_panelcluster_14518	GCF_000475415.1	multi_hit	c_000000000027	2697	14835	12138	5	7	alkJ_adh; amnC; fadE; paaF; sdgB	Alkanes; Aromatics; Beta-oxidation; Phenylacetate	2-Aminophenol; Auxillary alkane pathway; Beta-oxidation; Phenylacetate; Salicylate	Dehydrogenase/oxidoreductase:3; Hydratase/dehydratase/isomerase:2; Hypothetical/accessory:1; CoA ligase/synthetase:1
GCF_000475415.1_panelcluster_14560	GCF_000475415.1	multi_hit	c_000000000221	38722	43497	4775	5	5	catA; catB; catC; catR; pobA	Aromatics; Catechol-ortho	Catechol-ortho; Toluene	Oxygenase/dioxygenase:2; Hydratase/dehydratase/isomerase:2; Regulator:1
GCF_000736435.1_panelcluster_14572	GCF_000736435.1	multi_hit	c_000000000001	564176	588591	24415	5	22	aliA; hmgL; mpdC; uctC	Alkenes; Beta-oxidation; Cyclohexylacetate; Oxalate	2-methylpropene; Beta-oxidation; Cyclohexylacetate; Oxalate	Hypothetical/accessory:7; Dehydrogenase/oxidoreductase:3; Transport/efflux:3; Hydrolase/decarboxylase/lyase:2; Thiolase/transferase:2; Regulator:2; Hydratase/dehydratase/isomerase:1; CoA ligase/synthetase:1; Accessory/other:1
GCF_000736435.1_panelcluster_14581	GCF_000736435.1	multi_hit	c_000000000001	1190702	1212950	22248	5	22	CYP450; ahpF; catR; pht2; yfdE	Alkanes; Aromatics; Catechol-ortho; Oxalate	Catechol-ortho; Finnerty pathway; Oxalate; Phthalate; Terminal/biterminal oxidation	Hypothetical/accessory:11; Dehydrogenase/oxidoreductase:4; Accessory/other:4; Regulator:1; Thiolase/transferase:1; Oxygenase/dioxygenase:1
GCF_000736435.1_panelcluster_14603	GCF_000736435.1	multi_hit	c_000000000001	2942142	2986431	44289	5	36	BVMO; chcB1; echA1; hapE; subC	Alkanes; Beta-oxidation; Cyclohexanecarboxylate; Hydroquinone; Plastics	Beta-oxidation; Cyclohexanecarboxylate; Hydroquinone; PLA; Subterminal oxidation	Hypothetical/accessory:13; Accessory/other:8; Dehydrogenase/oxidoreductase:7; Oxygenase/dioxygenase:3; Hydratase/dehydratase/isomerase:2; CoA ligase/synthetase:1; Regulator:1; Transport/efflux:1
GCF_000736435.1_panelcluster_14625	GCF_000736435.1	multi_hit	c_000000000001	3937644	3971116	33472	5	32	CYP153; CYP450; echA1; pegC; pimC/aabA	Alkanes; Beta-oxidation; Cyclohexanecarboxylate; Plastics	Beta-oxidation; Cyclohexanecarboxylate; PEG; Terminal/biterminal oxidation	Hypothetical/accessory:13; Dehydrogenase/oxidoreductase:6; Accessory/other:4; CoA ligase/synthetase:3; Oxygenase/dioxygenase:3; Hydratase/dehydratase/isomerase:1; Thiolase/transferase:1; Regulator:1
GCF_000736435.1_panelcluster_14644	GCF_000736435.1	multi_hit	c_000000000001	4736713	4757752	21039	5	19	AAE3; badH; hapE; nahW; pobB	Aromatics; Beta-oxidation; Hydroquinone; Oxalate; Protocatechuate	Beta-oxidation; Hydroquinone; Oxalate; Protocatechuate; Salicylate	Hypothetical/accessory:6; Dehydrogenase/oxidoreductase:3; Oxygenase/dioxygenase:2; Accessory/other:2; Regulator:2; Carboxylase:1; Hydrolase/decarboxylase/lyase:1; Transport/efflux:1; CoA ligase/synthetase:1
GCF_000736435.1_panelcluster_14645	GCF_000736435.1	multi_hit	c_000000000001	4771813	4780422	8609	5	8	alkH_ald; echA1; fadA; paaG; sdgA	Alkanes; Aromatics; Beta-oxidation; Catechol-ortho; Phenylacetate	Auxillary alkane pathway; Beta-oxidation; Catechol-ortho; Phenylacetate; Salicylate	Hydratase/dehydratase/isomerase:2; Dehydrogenase/oxidoreductase:2; Thiolase/transferase:1; CoA ligase/synthetase:1; Accessory/other:1; Hypothetical/accessory:1
GCF_000736435.1_panelcluster_14648	GCF_000736435.1	multi_hit	c_000000000001	4893063	4902667	9604	5	9	est; galB; galC; galD; galT	Gallate; Plastics	Gallate; PBAT	Transport/efflux:2; Hydrolase/decarboxylase/lyase:2; Hydratase/dehydratase/isomerase:2; Accessory/other:1; Hypothetical/accessory:1; Regulator:1
GCF_000736435.1_panelcluster_14657	GCF_000736435.1	multi_hit	c_000000000001	5330234	5358184	27950	5	22	hapE; nylA; padAd1; uctC; xylC	Aromatics; Hydroquinone; Oxalate; Plastics	Hydroquinone; Nylon; Oxalate; Phthalate; Toluene	Accessory/other:8; Hypothetical/accessory:7; Dehydrogenase/oxidoreductase:5; Transport/efflux:1; Thiolase/transferase:1
GCF_001190925.1_panelcluster_14773	GCF_001190925.1	multi_hit	c_000000000001	3265574	3272591	7017	5	6	aabB; aabC; aabD; aliB; uctC	Beta-oxidation; Cyclohexanecarboxylate; Oxalate	Beta-oxidation; Cyclohexanecarboxylate; Oxalate	Dehydrogenase/oxidoreductase:2; Thiolase/transferase:2; Regulator:1; Hydratase/dehydratase/isomerase:1
GCF_001190925.1_panelcluster_14791	GCF_001190925.1	multi_hit	c_000000000001	4677095	4689686	12591	5	8	fadA; fadE; fadI; fadJ; paaG	Beta-oxidation; Catechol-ortho; Phenylacetate	Beta-oxidation; Catechol-ortho; Phenylacetate	Thiolase/transferase:2; Dehydrogenase/oxidoreductase:2; Accessory/other:2; Hydratase/dehydratase/isomerase:1; Hydrolase/decarboxylase/lyase:1
GCF_002009335.2_panelcluster_14799	GCF_002009335.2	multi_hit	c_000000000001	97433	124600	27167	5	25	acdA; acdB; atoB; hmgL	Beta-oxidation; Cyclohexylacetate	Beta-oxidation; Cyclohexylacetate	Hypothetical/accessory:9; Accessory/other:5; Dehydrogenase/oxidoreductase:4; CoA ligase/synthetase:2; Regulator:2; Electron transfer/redox:2; Hydrolase/decarboxylase/lyase:1
GCF_002009335.2_panelcluster_14830	GCF_002009335.2	multi_hit	c_000000000001	2798662	2812430	13768	5	12	GI:23664434; GMET_RS16560; badH; dch; oah	Aromatics; Benzoyl-CoA; Beta-oxidation	Benzene; Benzoyl-CoA; Beta-oxidation	Accessory/other:4; Hypothetical/accessory:3; Hydrolase/decarboxylase/lyase:2; Hydratase/dehydratase/isomerase:1; Dehydrogenase/oxidoreductase:1; CoA ligase/synthetase:1
GCF_002189495.1_panelcluster_14876	GCF_002189495.1	multi_hit	c_000000000333	812	4950	4138	5	5	paaA; paaB; paaC; paaD; paaE	Phenylacetate	Phenylacetate	Accessory/other:3; Hypothetical/accessory:2
GCF_013423925.1_panelcluster_14952	GCF_013423925.1	multi_hit	c_000000000002	503551	525002	21451	5	20	ALC24_4107; ahpC; ahpF; alkN_mcp; fadD	Alkanes; Beta-oxidation; Plastics	Beta-oxidation; Finnerty pathway; Hydrocarbon uptake; PHB	Hypothetical/accessory:11; Dehydrogenase/oxidoreductase:4; Accessory/other:3; Regulator:1; CoA ligase/synthetase:1
GCF_014634705.1_panelcluster_14962	GCF_014634705.1	multi_hit	c_000000000018	3680	21172	17492	5	16	catR; nagAb; nagG; nagH; nagR	Aromatics; Catechol-ortho; Naphthalene	1-Methylnaphthalene/2-Methylnaphthalene; Catechol-ortho; Naphthalene; Salicylate	Accessory/other:6; Oxygenase/dioxygenase:3; Transport/efflux:2; Regulator:1; Dehydrogenase/oxidoreductase:1; Hypothetical/accessory:1; Hydratase/dehydratase/isomerase:1; Electron transfer/redox:1
GCF_014634705.1_panelcluster_15022	GCF_014634705.1	multi_hit	c_000000000415	4466	11646	7180	5	9	catC; paaH; pcaD; pcaI; pcaJ	Catechol-ortho; Phenylacetate; Protocatechuate	Catechol-ortho; Catechol-ortho; Protocatechuate; Phenylacetate; Protocatechuate	Dehydrogenase/oxidoreductase:2; Thiolase/transferase:2; Transport/efflux:1; Accessory/other:1; Hydratase/dehydratase/isomerase:1; Hypothetical/accessory:1; Hydrolase/decarboxylase/lyase:1
GCF_014634705.1_panelcluster_15047	GCF_014634705.1	multi_hit	c_000000000491	3562	13187	9625	5	10	badK; catR; pcaD; pcaI; pcaJ	Catechol-ortho; Cyclohexanecarboxylate; Protocatechuate	Catechol-ortho; Cyclohexanecarboxylate; Protocatechuate	Hypothetical/accessory:3; Thiolase/transferase:2; Regulator:2; Hydratase/dehydratase/isomerase:2; Hydrolase/decarboxylase/lyase:1
GCF_015277575.1_panelcluster_15159	GCF_015277575.1	multi_hit	c_000000000001	2967818	2983204	15386	5	11	BVMO; alkB; fadD; fadE; fadI	Alkanes; Beta-oxidation; Catechol-ortho	Beta-oxidation; Catechol-ortho; Subterminal oxidation; Terminal/biterminal oxidation	Hypothetical/accessory:4; Oxygenase/dioxygenase:2; Accessory/other:2; Dehydrogenase/oxidoreductase:1; Thiolase/transferase:1; CoA ligase/synthetase:1
GCF_015277575.1_panelcluster_15165	GCF_015277575.1	multi_hit	c_000000000001	3361573	3368417	6844	5	6	GI:23664434; acdA; atoB; badK	Aromatics; Beta-oxidation; Cyclohexanecarboxylate	Benzene; Beta-oxidation; Cyclohexanecarboxylate	Dehydrogenase/oxidoreductase:3; Accessory/other:1; Thiolase/transferase:1; Hydratase/dehydratase/isomerase:1
GCF_015277575.1_panelcluster_15175	GCF_015277575.1	multi_hit	c_000000000001	4106378	4126689	20311	5	15	acdA; badK; fadK; hmgL; nagR	Beta-oxidation; Cyclohexanecarboxylate; Cyclohexylacetate; Naphthalene	Beta-oxidation; Cyclohexanecarboxylate; Cyclohexylacetate; Naphthalene	Accessory/other:3; Hypothetical/accessory:3; Regulator:2; Carboxylase:2; Hydratase/dehydratase/isomerase:2; Hydrolase/decarboxylase/lyase:1; CoA ligase/synthetase:1; Dehydrogenase/oxidoreductase:1
GCF_016584445.1_panelcluster_15225	GCF_016584445.1	multi_hit	c_000000000001	1074214	1098332	24118	5	25	aliB; atdA1; fadK; galA; pht3	Aromatics; Beta-oxidation; Gallate	Aniline; Beta-oxidation; Gallate; Phthalate	Hypothetical/accessory:12; Accessory/other:5; Oxygenase/dioxygenase:3; Transport/efflux:2; Dehydrogenase/oxidoreductase:1; Hydrolase/decarboxylase/lyase:1; CoA ligase/synthetase:1
GCF_016584445.1_panelcluster_15235	GCF_016584445.1	multi_hit	c_000000000001	1775737	1785082	9345	5	7	CYP450; acdA; est; pimC/aabA; yfdE	Alkanes; Beta-oxidation; Cyclohexanecarboxylate; Oxalate; Plastics	Beta-oxidation; Cyclohexanecarboxylate; Oxalate; PLA; Terminal/biterminal oxidation	Dehydrogenase/oxidoreductase:2; Accessory/other:1; Carboxylase:1; Hydratase/dehydratase/isomerase:1; Thiolase/transferase:1; Oxygenase/dioxygenase:1
GCF_016584445.1_panelcluster_15258	GCF_016584445.1	multi_hit	c_000000000001	3692224	3715839	23615	5	22	AAE3; PGRcl; benD-xylL; est; paaG	Benzoate; Oxalate; Phenylacetate; Plastics; Pyrogallol	Benzoate; Oxalate; PLA; Phenylacetate; Pyrogallol	Hypothetical/accessory:10; Dehydrogenase/oxidoreductase:4; Transport/efflux:4; Accessory/other:2; CoA ligase/synthetase:1; Hydratase/dehydratase/isomerase:1
GCF_016584445.1_panelcluster_15259	GCF_016584445.1	multi_hit	c_000000000001	3856723	3880266	23543	5	26	GI:23664434; acdA; nahW; paaG; paaY	Aromatics; Beta-oxidation; Phenylacetate	Benzene; Beta-oxidation; Phenylacetate; Salicylate	Hypothetical/accessory:12; Accessory/other:7; Hydratase/dehydratase/isomerase:2; Dehydrogenase/oxidoreductase:2; Oxygenase/dioxygenase:1; Hydrolase/decarboxylase/lyase:1; Regulator:1
GCF_016584445.1_panelcluster_15263	GCF_016584445.1	multi_hit	c_000000000001	4181347	4189218	7871	5	5	fadA; fadB; fadD; pimC/aabA; pimD	Beta-oxidation; Cyclohexanecarboxylate	Beta-oxidation; Cyclohexanecarboxylate	Dehydrogenase/oxidoreductase:2; Thiolase/transferase:1; CoA ligase/synthetase:1; Hydratase/dehydratase/isomerase:1
GCF_020886775.1_panelcluster_15322	GCF_020886775.1	multi_hit	c_000000000001	3315838	3319743	3905	5	5	paaA; paaB; paaC; paaD; paaE	Phenylacetate	Phenylacetate	Accessory/other:5
GCF_020886775.1_panelcluster_15339	GCF_020886775.1	multi_hit	c_000000000001	4191860	4197712	5852	5	6	pcaD; pcaF; pcaI; pcaJ; xylC	Aromatics; Catechol-ortho; Protocatechuate	Catechol-ortho; Protocatechuate; Protocatechuate; Toluene	Thiolase/transferase:3; Dehydrogenase/oxidoreductase:1; Accessory/other:1; Hydrolase/decarboxylase/lyase:1
GCF_020886775.1_panelcluster_15340	GCF_020886775.1	multi_hit	c_000000000001	4207404	4246565	39161	5	36	chcC1; chcC2; hpcG; ladA; mobA	Alkanes; Aromatics; Cyclohexanecarboxylate; Gentisate	Cyclohexanecarboxylate; Gentisate; Homoprotocatechuate; Terminal/biterminal oxidation	Dehydrogenase/oxidoreductase:13; Hypothetical/accessory:9; Accessory/other:5; Oxygenase/dioxygenase:2; Hydratase/dehydratase/isomerase:2; Hydrolase/decarboxylase/lyase:2; Regulator:2; Transport/efflux:1
GCF_026428315.1_panelcluster_15382	GCF_026428315.1	multi_hit	c_000000000001	2444848	2483838	38990	5	30	chcC2; hapE; pqiB	Cyclohexanecarboxylate; Hydroquinone; Transportation	Cyclohexanecarboxylate; Hydroquinone; Transportation	Hypothetical/accessory:9; Accessory/other:7; Transport/efflux:6; Dehydrogenase/oxidoreductase:6; Oxygenase/dioxygenase:1; Regulator:1
GCF_026428315.1_panelcluster_15404	GCF_026428315.1	multi_hit	c_000000000001	3569309	3578529	9220	5	9	catA; catB; catC; catR; nagR	Catechol-ortho; Naphthalene	Catechol-ortho; Naphthalene	Regulator:2; Hypothetical/accessory:2; Hydratase/dehydratase/isomerase:2; Transport/efflux:1; Dehydrogenase/oxidoreductase:1; Oxygenase/dioxygenase:1
GCF_026428315.1_panelcluster_15405	GCF_026428315.1	multi_hit	c_000000000001	3593942	3613591	19649	5	16	acdA; galT; opdK; paaG; pht2	Aromatics; Beta-oxidation; Gallate; Phenylacetate; Transportation	Beta-oxidation; Gallate; Phenylacetate; Phthalate; Transportation	Transport/efflux:4; Hypothetical/accessory:4; Hydratase/dehydratase/isomerase:2; Regulator:2; Dehydrogenase/oxidoreductase:1; Accessory/other:1; Electron transfer/redox:1; Oxygenase/dioxygenase:1
GCF_026428335.1_panelcluster_15465	GCF_026428335.1	multi_hit	c_000000000001	1772340	1794840	22500	5	16	fadA; fadJ; nagR; pimC/aabA; pimD	Beta-oxidation; Cyclohexanecarboxylate; Naphthalene	Beta-oxidation; Cyclohexanecarboxylate; Naphthalene	Accessory/other:6; Dehydrogenase/oxidoreductase:3; Regulator:2; Transport/efflux:2; Hypothetical/accessory:2; Thiolase/transferase:1
GCF_026428335.1_panelcluster_15493	GCF_026428335.1	multi_hit	c_000000000001	3395345	3410768	15423	5	11	BVMO; alkB; fadD; fadE; fadI	Alkanes; Beta-oxidation; Catechol-ortho	Beta-oxidation; Catechol-ortho; Subterminal oxidation; Terminal/biterminal oxidation	Hypothetical/accessory:4; Oxygenase/dioxygenase:2; Dehydrogenase/oxidoreductase:2; Accessory/other:1; Thiolase/transferase:1; CoA ligase/synthetase:1
GCF_029269175.1_panelcluster_15627	GCF_029269175.1	multi_hit	c_000000000003	148764	164137	15373	5	11	BVMO; alkB; fadD; fadE; fadI	Alkanes; Beta-oxidation; Catechol-ortho	Beta-oxidation; Catechol-ortho; Subterminal oxidation; Terminal/biterminal oxidation	Hypothetical/accessory:4; Oxygenase/dioxygenase:2; Accessory/other:2; Dehydrogenase/oxidoreductase:1; Thiolase/transferase:1; CoA ligase/synthetase:1
GCF_029269175.1_panelcluster_15672	GCF_029269175.1	multi_hit	c_000000000034	250193	257033	6840	5	6	GI:23664434; acdA; atoB; badK	Aromatics; Beta-oxidation; Cyclohexanecarboxylate	Benzene; Beta-oxidation; Cyclohexanecarboxylate	Dehydrogenase/oxidoreductase:3; Accessory/other:1; Thiolase/transferase:1; Hydratase/dehydratase/isomerase:1
GCF_029269195.1_panelcluster_15782	GCF_029269195.1	multi_hit	c_000000000060	2027	17512	15485	5	11	BVMO; alkB; fadD; fadE; fadI	Alkanes; Beta-oxidation; Catechol-ortho	Beta-oxidation; Catechol-ortho; Subterminal oxidation; Terminal/biterminal oxidation	Hypothetical/accessory:3; Oxygenase/dioxygenase:2; Accessory/other:2; Dehydrogenase/oxidoreductase:2; Thiolase/transferase:1; CoA ligase/synthetase:1
GCF_029269225.1_panelcluster_15803	GCF_029269225.1	multi_hit	c_000000000002	100078	105664	5586	5	6	antA; hpaC; opdK; pobB; xecD	Alkenes; Aromatics; Protocatechuate; Transportation	4-Hydroxyphenylacetate; Anthranilate; Propene; Protocatechuate; Transportation	Oxygenase/dioxygenase:3; Dehydrogenase/oxidoreductase:2; Transport/efflux:1
GCF_029269225.1_panelcluster_15839	GCF_029269225.1	multi_hit	c_000000000032	6445	13219	6774	5	6	GI:23664434; acdA; atoB; badK	Aromatics; Beta-oxidation; Cyclohexanecarboxylate	Benzene; Beta-oxidation; Cyclohexanecarboxylate	Dehydrogenase/oxidoreductase:3; Hydratase/dehydratase/isomerase:1; Thiolase/transferase:1; Accessory/other:1
GCF_029269225.1_panelcluster_15903	GCF_029269225.1	multi_hit	c_000000000099	5636	12537	6901	5	9	BenA-xylX; bphE; mhpD; todD; todF	Aromatics; Benzoate; Catechol-meta	Benzoate; Biphenyl; Catechol-meta; Toluene	Oxygenase/dioxygenase:3; Hypothetical/accessory:2; Dehydrogenase/oxidoreductase:2; Hydrolase/decarboxylase/lyase:1; Electron transfer/redox:1
GCF_029269255.1_panelcluster_15951	GCF_029269255.1	multi_hit	c_000000000031	11968	21186	9218	5	9	catA; catB; catC; catR; nagR	Catechol-ortho; Naphthalene	Catechol-ortho; Naphthalene	Regulator:2; Hydratase/dehydratase/isomerase:2; Hypothetical/accessory:2; Oxygenase/dioxygenase:1; Dehydrogenase/oxidoreductase:1; Transport/efflux:1
GCF_029269255.1_panelcluster_15972	GCF_029269255.1	multi_hit	c_000000000047	16828	43684	26856	5	21	chcC2; hapE; pqiB	Cyclohexanecarboxylate; Hydroquinone; Transportation	Cyclohexanecarboxylate; Hydroquinone; Transportation	Hypothetical/accessory:8; Dehydrogenase/oxidoreductase:5; Accessory/other:4; Transport/efflux:2; Oxygenase/dioxygenase:1; Regulator:1
GCF_029269255.1_panelcluster_15976	GCF_029269255.1	multi_hit	c_000000000055	13092	32615	19523	5	16	acdA; galT; opdK; paaG; pht2	Aromatics; Beta-oxidation; Gallate; Phenylacetate; Transportation	Beta-oxidation; Gallate; Phenylacetate; Phthalate; Transportation	Transport/efflux:4; Hypothetical/accessory:4; Hydratase/dehydratase/isomerase:2; Regulator:2; Oxygenase/dioxygenase:1; Electron transfer/redox:1; Accessory/other:1; Dehydrogenase/oxidoreductase:1
GCF_029269295.1_panelcluster_16058	GCF_029269295.1	multi_hit	c_000000000024	135090	157925	22835	5	17	acdB; aliA; chcB2; fadE; paaH	Beta-oxidation; Cyclohexanecarboxylate; Phenylacetate	Beta-oxidation; Cyclohexanecarboxylate; Phenylacetate	Hypothetical/accessory:5; Dehydrogenase/oxidoreductase:4; Regulator:3; Accessory/other:3; CoA ligase/synthetase:1; Thiolase/transferase:1
GCF_029269295.1_panelcluster_16063	GCF_029269295.1	multi_hit	c_000000000029	40055	55539	15484	5	11	BVMO; alkB; fadD; fadE; fadI	Alkanes; Beta-oxidation; Catechol-ortho	Beta-oxidation; Catechol-ortho; Subterminal oxidation; Terminal/biterminal oxidation	Hypothetical/accessory:3; Dehydrogenase/oxidoreductase:2; Accessory/other:2; Oxygenase/dioxygenase:2; CoA ligase/synthetase:1; Thiolase/transferase:1
GCF_029269295.1_panelcluster_16089	GCF_029269295.1	multi_hit	c_000000000045	194281	215045	20764	5	15	acdA; badK; fadK; hmgL; nagR	Beta-oxidation; Cyclohexanecarboxylate; Cyclohexylacetate; Naphthalene	Beta-oxidation; Cyclohexanecarboxylate; Cyclohexylacetate; Naphthalene	Accessory/other:3; Hypothetical/accessory:3; Hydratase/dehydratase/isomerase:2; Regulator:2; Carboxylase:2; Dehydrogenase/oxidoreductase:1; CoA ligase/synthetase:1; Hydrolase/decarboxylase/lyase:1
GCF_031600295.1_panelcluster_16166	GCF_031600295.1	multi_hit	c_000000000001	1078072	1102190	24118	5	25	aliB; atdA1; fadK; galA; pht3	Aromatics; Beta-oxidation; Gallate	Aniline; Beta-oxidation; Gallate; Phthalate	Hypothetical/accessory:12; Accessory/other:5; Oxygenase/dioxygenase:3; Transport/efflux:2; Dehydrogenase/oxidoreductase:1; Hydrolase/decarboxylase/lyase:1; CoA ligase/synthetase:1
GCF_031600295.1_panelcluster_16176	GCF_031600295.1	multi_hit	c_000000000001	1779809	1789154	9345	5	7	CYP450; acdA; est; pimC/aabA; yfdE	Alkanes; Beta-oxidation; Cyclohexanecarboxylate; Oxalate; Plastics	Beta-oxidation; Cyclohexanecarboxylate; Oxalate; PLA; Terminal/biterminal oxidation	Dehydrogenase/oxidoreductase:2; Accessory/other:1; Carboxylase:1; Hydratase/dehydratase/isomerase:1; Thiolase/transferase:1; Oxygenase/dioxygenase:1
GCF_031600295.1_panelcluster_16199	GCF_031600295.1	multi_hit	c_000000000001	3696228	3719843	23615	5	22	AAE3; PGRcl; benD-xylL; est; paaG	Benzoate; Oxalate; Phenylacetate; Plastics; Pyrogallol	Benzoate; Oxalate; PLA; Phenylacetate; Pyrogallol	Hypothetical/accessory:10; Dehydrogenase/oxidoreductase:4; Transport/efflux:4; Accessory/other:2; CoA ligase/synthetase:1; Hydratase/dehydratase/isomerase:1
GCF_031600295.1_panelcluster_16200	GCF_031600295.1	multi_hit	c_000000000001	3860727	3884270	23543	5	26	GI:23664434; acdA; nahW; paaG; paaY	Aromatics; Beta-oxidation; Phenylacetate	Benzene; Beta-oxidation; Phenylacetate; Salicylate	Hypothetical/accessory:12; Accessory/other:7; Hydratase/dehydratase/isomerase:2; Dehydrogenase/oxidoreductase:2; Oxygenase/dioxygenase:1; Hydrolase/decarboxylase/lyase:1; Regulator:1
GCF_031600295.1_panelcluster_16204	GCF_031600295.1	multi_hit	c_000000000001	4185354	4193225	7871	5	5	fadA; fadB; fadD; pimC/aabA; pimD	Beta-oxidation; Cyclohexanecarboxylate	Beta-oxidation; Cyclohexanecarboxylate	Dehydrogenase/oxidoreductase:2; Thiolase/transferase:1; CoA ligase/synthetase:1; Hydratase/dehydratase/isomerase:1
GCF_040170545.1_panelcluster_16236	GCF_040170545.1	multi_hit	c_000000000032	52510	75855	23345	5	22	est; fadD; fadJ; galC; ladA	Alkanes; Beta-oxidation; Gallate; Plastics	Beta-oxidation; Gallate; PLA; Terminal/biterminal oxidation	Hypothetical/accessory:7; Accessory/other:3; Oxygenase/dioxygenase:3; CoA ligase/synthetase:2; Hydrolase/decarboxylase/lyase:2; Dehydrogenase/oxidoreductase:1; Transport/efflux:1; Electron transfer/redox:1; Hydratase/dehydratase/isomerase:1; Regulator:1
GCF_040170545.1_panelcluster_16277	GCF_040170545.1	multi_hit	c_000000000118	39817	76928	37111	5	36	Rru_A1969; acdA; badK; fadJ; paaG	Beta-oxidation; Cyclohexanecarboxylate; Phenylacetate; Plastics	Beta-oxidation; Cyclohexanecarboxylate; PHA/PHB; Phenylacetate	Hypothetical/accessory:11; Accessory/other:10; Transport/efflux:5; Dehydrogenase/oxidoreductase:4; Hydratase/dehydratase/isomerase:3; Regulator:1; Hydrolase/decarboxylase/lyase:1; Thiolase/transferase:1
GCF_041920355.1_panelcluster_16295	GCF_041920355.1	multi_hit	c_000000000032	5878	23121	17243	5	17	hpaH; hpcC; hpcD; hpcE; pnbA	Aromatics; Plastics	Anthranilate; Homoprotocatechuate; PET	Accessory/other:8; Hypothetical/accessory:3; Oxygenase/dioxygenase:2; Dehydrogenase/oxidoreductase:1; Hydratase/dehydratase/isomerase:1; Carboxylase:1; Regulator:1
GCF_041920375.1_panelcluster_16347	GCF_041920375.1	multi_hit	c_000000000011	4253	18609	14356	5	12	ahpF; crt; fadD; hapE; mhbD	Alkanes; Beta-oxidation; Gentisate; Hydroquinone	Beta-oxidation; Finnerty pathway; Gentisate; Hydroquinone	Hypothetical/accessory:3; Regulator:2; Dehydrogenase/oxidoreductase:2; Oxygenase/dioxygenase:1; Hydrolase/decarboxylase/lyase:1; CoA ligase/synthetase:1; Hydratase/dehydratase/isomerase:1; Accessory/other:1
GCF_041920375.1_panelcluster_16367	GCF_041920375.1	multi_hit	c_000000000088	23397	38138	14741	5	12	acdA; acsA; crt; hmgL	Beta-oxidation; Cyclohexylacetate	Beta-oxidation; Cyclohexylacetate	Accessory/other:6; Carboxylase:2; Dehydrogenase/oxidoreductase:1; Hydrolase/decarboxylase/lyase:1; Hydratase/dehydratase/isomerase:1; Hypothetical/accessory:1
GCF_041920485.1_panelcluster_16455	GCF_041920485.1	multi_hit	c_000000000067	10580	26837	16257	5	12	aliB; fadA; fadK; paaH; ssuD	Alkanes; Beta-oxidation; Phenylacetate	Auxillary alkane pathway; Beta-oxidation; Phenylacetate	Accessory/other:4; Thiolase/transferase:2; Dehydrogenase/oxidoreductase:2; CoA ligase/synthetase:2; Hypothetical/accessory:1; Oxygenase/dioxygenase:1
GCF_051450025.1_panelcluster_16543	GCF_051450025.1	multi_hit	c_000000000029	11968	21186	9218	5	9	catA; catB; catC; catR; nagR	Catechol-ortho; Naphthalene	Catechol-ortho; Naphthalene	Regulator:2; Hydratase/dehydratase/isomerase:2; Hypothetical/accessory:2; Oxygenase/dioxygenase:1; Dehydrogenase/oxidoreductase:1; Transport/efflux:1
GCF_051450025.1_panelcluster_16555	GCF_051450025.1	multi_hit	c_000000000043	16828	43684	26856	5	21	chcC2; hapE; pqiB	Cyclohexanecarboxylate; Hydroquinone; Transportation	Cyclohexanecarboxylate; Hydroquinone; Transportation	Hypothetical/accessory:8; Dehydrogenase/oxidoreductase:5; Accessory/other:4; Transport/efflux:2; Oxygenase/dioxygenase:1; Regulator:1
GCF_051450025.1_panelcluster_16557	GCF_051450025.1	multi_hit	c_000000000050	13092	32615	19523	5	16	acdA; galT; opdK; paaG; pht2	Aromatics; Beta-oxidation; Gallate; Phenylacetate; Transportation	Beta-oxidation; Gallate; Phenylacetate; Phthalate; Transportation	Transport/efflux:4; Hypothetical/accessory:4; Hydratase/dehydratase/isomerase:2; Regulator:2; Oxygenase/dioxygenase:1; Electron transfer/redox:1; Accessory/other:1; Dehydrogenase/oxidoreductase:1
GROW_101_consensus_panelcluster_16592	GROW_101_consensus	multi_hit	1	1508732	1520451	11719	5	14	catR; hmgL; macA; nagR; yfdE	Catechol-ortho; Cyclohexylacetate; Hydroxyquinol; Naphthalene; Oxalate	Catechol-ortho; Cyclohexylacetate; Hydroxyquinol; Naphthalene; Oxalate	Hypothetical/accessory:7; Accessory/other:2; Dehydrogenase/oxidoreductase:1; Thiolase/transferase:1; Hydrolase/decarboxylase/lyase:1; Transport/efflux:1; Regulator:1
GROW_101_consensus_panelcluster_16613	GROW_101_consensus	multi_hit	1	2801182	2816682	15500	5	11	BVMO; alkB; fadD; fadE; fadI	Alkanes; Beta-oxidation; Catechol-ortho	Beta-oxidation; Catechol-ortho; Subterminal oxidation; Terminal/biterminal oxidation	Hypothetical/accessory:3; Oxygenase/dioxygenase:2; Accessory/other:2; Dehydrogenase/oxidoreductase:2; Thiolase/transferase:1; CoA ligase/synthetase:1
GROW_101_consensus_panelcluster_16629	GROW_101_consensus	multi_hit	1	3456746	3463591	6845	5	6	GI:23664434; acdA; atoB; badK	Aromatics; Beta-oxidation; Cyclohexanecarboxylate	Benzene; Beta-oxidation; Cyclohexanecarboxylate	Dehydrogenase/oxidoreductase:3; Hydratase/dehydratase/isomerase:1; Thiolase/transferase:1; Accessory/other:1
GROW_101_consensus_panelcluster_16653	GROW_101_consensus	multi_hit	1	4662711	4691386	28675	5	21	dszC; mpdC; pegC; ssuD; xecD	Alkanes; Alkenes; Aromatics; Plastics	2-methylpropene; Auxillary alkane pathway; Dibenzofuran; PEG; Propene	Hypothetical/accessory:7; Accessory/other:6; Dehydrogenase/oxidoreductase:4; Oxygenase/dioxygenase:2; Regulator:1; Hydratase/dehydratase/isomerase:1
GROW_105_consensus_panelcluster_16719	GROW_105_consensus	multi_hit	1	2682101	2705599	23498	5	20	acdA; alkJ_adh; galP; hmgL; mpdC	Alkanes; Alkenes; Beta-oxidation; Cyclohexylacetate; Gallate	2-methylpropene; Auxillary alkane pathway; Beta-oxidation; Cyclohexylacetate; Gallate	Dehydrogenase/oxidoreductase:5; Hypothetical/accessory:4; Transport/efflux:4; Electron transfer/redox:2; Hydrolase/decarboxylase/lyase:2; Thiolase/transferase:1; Regulator:1; Accessory/other:1
GROW_105_consensus_panelcluster_16728	GROW_105_consensus	multi_hit	1	3061794	3074942	13148	5	12	galT; nagR; nylA; opdK; pht2	Aromatics; Gallate; Naphthalene; Plastics; Transportation	Gallate; Naphthalene; Nylon; Phthalate; Transportation	Hypothetical/accessory:4; Regulator:2; Transport/efflux:2; Accessory/other:2; Oxygenase/dioxygenase:1; Hydrolase/decarboxylase/lyase:1
GROW_105_consensus_panelcluster_16734	GROW_105_consensus	multi_hit	1	3501635	3508587	6952	5	6	GI:23664434; acdA; atoB; badK	Aromatics; Beta-oxidation; Cyclohexanecarboxylate	Benzene; Beta-oxidation; Cyclohexanecarboxylate	Dehydrogenase/oxidoreductase:3; Accessory/other:1; Thiolase/transferase:1; Hydratase/dehydratase/isomerase:1
GROW_105_consensus_panelcluster_16792	GROW_105_consensus	multi_hit	1	6605574	6618974	13400	5	12	atdA1; galP; opdK; ssuD	Alkanes; Aromatics; Gallate; Transportation	Aniline; Auxillary alkane pathway; Gallate; Transportation	Accessory/other:5; Transport/efflux:3; Hypothetical/accessory:2; Oxygenase/dioxygenase:1; Dehydrogenase/oxidoreductase:1
GROW_113_consensus_panelcluster_16825	GROW_113_consensus	multi_hit	1	2911716	2924644	12928	5	10	acdA; acsA; atoA; hmgL; pcaI	Beta-oxidation; Catechol-ortho; Cyclohexylacetate	Beta-oxidation; Catechol-ortho; Cyclohexylacetate	Accessory/other:2; Carboxylase:2; Thiolase/transferase:2; Regulator:1; Dehydrogenase/oxidoreductase:1; Hydratase/dehydratase/isomerase:1; Hydrolase/decarboxylase/lyase:1
GROW_115_consensus_panelcluster_16855	GROW_115_consensus	multi_hit	1	1162770	1171987	9217	5	9	dszC; ladA; mhbl; pcaI; pcaJ	Alkanes; Aromatics; Catechol-ortho; Gentisate	Catechol-ortho; Dibenzofuran; Gentisate; Terminal/biterminal oxidation	Thiolase/transferase:2; Hypothetical/accessory:2; Accessory/other:2; Hydratase/dehydratase/isomerase:1; Regulator:1; Oxygenase/dioxygenase:1
GROW_123_consensus_panelcluster_16968	GROW_123_consensus	multi_hit	1	2077408	2084764	7356	5	8	hpcB; hpcC; hpcE; hpcG; hpcH	Aromatics	Homoprotocatechuate	Hydratase/dehydratase/isomerase:2; Carboxylase:2; Hydrolase/decarboxylase/lyase:1; Transport/efflux:1; Oxygenase/dioxygenase:1; Dehydrogenase/oxidoreductase:1
GROW_123_consensus_panelcluster_16984	GROW_123_consensus	multi_hit	1	3107656	3122906	15250	5	14	atoA; chcC2; pcaI; pcaK; xecE1	Alkenes; Catechol-ortho; Cyclohexanecarboxylate; Cyclohexylacetate; Transportation	Catechol-ortho; Cyclohexanecarboxylate; Cyclohexylacetate; Propene; Transportation	Regulator:3; Dehydrogenase/oxidoreductase:3; Accessory/other:3; Thiolase/transferase:2; Hypothetical/accessory:2; Transport/efflux:1
GROW_123_consensus_panelcluster_16990	GROW_123_consensus	multi_hit	1	3449244	3470758	21514	5	16	acdB; galP; galT; nagF; pobB	Beta-oxidation; Gallate; Naphthalene; Protocatechuate	Beta-oxidation; Gallate; Naphthalene; Protocatechuate	Dehydrogenase/oxidoreductase:3; Hypothetical/accessory:3; Transport/efflux:2; Accessory/other:2; Thiolase/transferase:1; CoA ligase/synthetase:1; Hydratase/dehydratase/isomerase:1; Regulator:1; Oxygenase/dioxygenase:1; Electron transfer/redox:1
GROW_126_consensus_panelcluster_17060	GROW_126_consensus	multi_hit	1	2618454	2642402	23948	5	21	ABO_2449; est; nagR; rdx; rdxR	Alkanes; Naphthalene; Plastics	Naphthalene; PBAT; PBSA/PCL/PES/PHA/PHBV/PLA; Terminal/biterminal oxidation	Accessory/other:10; Hypothetical/accessory:5; Regulator:2; Transport/efflux:2; Electron transfer/redox:2
GROW_127_consensus_panelcluster_17099	GROW_127_consensus	multi_hit	1	2275978	2286713	10735	5	10	catR; nagF; nahG; xylB	Aromatics; Catechol-ortho; Naphthalene	Catechol-ortho; Naphthalene; Toluene	Dehydrogenase/oxidoreductase:3; Accessory/other:3; Regulator:2; Hypothetical/accessory:1; Oxygenase/dioxygenase:1
GROW_67_consensus_panelcluster_17293	GROW_67_consensus	multi_hit	1	2081581	2087168	5587	5	6	antA; hpaC; opdK; pobB; xecD	Alkenes; Aromatics; Protocatechuate; Transportation	4-Hydroxyphenylacetate; Anthranilate; Propene; Protocatechuate; Transportation	Oxygenase/dioxygenase:3; Dehydrogenase/oxidoreductase:2; Transport/efflux:1
GROW_67_consensus_panelcluster_17319	GROW_67_consensus	multi_hit	1	3453352	3460121	6769	5	7	GI:23664434; acdA; atoB; badK	Aromatics; Beta-oxidation; Cyclohexanecarboxylate	Benzene; Beta-oxidation; Cyclohexanecarboxylate	Dehydrogenase/oxidoreductase:3; Hydratase/dehydratase/isomerase:2; Thiolase/transferase:1; Accessory/other:1
GROW_67_consensus_panelcluster_17323	GROW_67_consensus	multi_hit	1	3792856	3808234	15378	5	11	BVMO; alkB; fadD; fadE; fadI	Alkanes; Beta-oxidation; Catechol-ortho	Beta-oxidation; Catechol-ortho; Subterminal oxidation; Terminal/biterminal oxidation	Hypothetical/accessory:4; Accessory/other:2; Oxygenase/dioxygenase:2; CoA ligase/synthetase:1; Thiolase/transferase:1; Dehydrogenase/oxidoreductase:1
GROW_67_consensus_panelcluster_17329	GROW_67_consensus	multi_hit	1	4285242	4300902	15660	5	14	acdA; badK; fadK; hmgL; nagR	Beta-oxidation; Cyclohexanecarboxylate; Cyclohexylacetate; Naphthalene	Beta-oxidation; Cyclohexanecarboxylate; Cyclohexylacetate; Naphthalene	Accessory/other:3; Regulator:2; Carboxylase:2; Hydratase/dehydratase/isomerase:2; Hypothetical/accessory:2; Hydrolase/decarboxylase/lyase:1; CoA ligase/synthetase:1; Dehydrogenase/oxidoreductase:1
GROW_68_consensus_panelcluster_17399	GROW_68_consensus	multi_hit	1	2094533	2100119	5586	5	6	antA; hpaC; opdK; pobB; xecD	Alkenes; Aromatics; Protocatechuate; Transportation	4-Hydroxyphenylacetate; Anthranilate; Propene; Protocatechuate; Transportation	Oxygenase/dioxygenase:3; Dehydrogenase/oxidoreductase:2; Transport/efflux:1
GROW_68_consensus_panelcluster_17425	GROW_68_consensus	multi_hit	1	3451043	3457817	6774	5	6	GI:23664434; acdA; atoB; badK	Aromatics; Beta-oxidation; Cyclohexanecarboxylate	Benzene; Beta-oxidation; Cyclohexanecarboxylate	Dehydrogenase/oxidoreductase:3; Hydratase/dehydratase/isomerase:1; Thiolase/transferase:1; Accessory/other:1
GROW_68_consensus_panelcluster_17429	GROW_68_consensus	multi_hit	1	3748673	3764026	15353	5	11	BVMO; alkB; fadD; fadE; fadI	Alkanes; Beta-oxidation; Catechol-ortho	Beta-oxidation; Catechol-ortho; Subterminal oxidation; Terminal/biterminal oxidation	Hypothetical/accessory:4; Accessory/other:2; Oxygenase/dioxygenase:2; CoA ligase/synthetase:1; Thiolase/transferase:1; Dehydrogenase/oxidoreductase:1
GROW_68_consensus_panelcluster_17436	GROW_68_consensus	multi_hit	1	4258519	4274177	15658	5	14	acdA; badK; fadK; hmgL; nagR	Beta-oxidation; Cyclohexanecarboxylate; Cyclohexylacetate; Naphthalene	Beta-oxidation; Cyclohexanecarboxylate; Cyclohexylacetate; Naphthalene	Accessory/other:3; Regulator:2; Carboxylase:2; Hydratase/dehydratase/isomerase:2; Hypothetical/accessory:2; Hydrolase/decarboxylase/lyase:1; CoA ligase/synthetase:1; Dehydrogenase/oxidoreductase:1
GROW_74_consensus_panelcluster_17613	GROW_74_consensus	multi_hit	1	811889	823636	11747	5	10	alkN_mcp; dszC; ladA; opdK; ssuD	Alkanes; Aromatics; Transportation	Auxillary alkane pathway; Dibenzofuran; Hydrocarbon uptake; Terminal/biterminal oxidation; Transportation	Oxygenase/dioxygenase:3; Hypothetical/accessory:3; Accessory/other:2; Transport/efflux:1; Regulator:1
GROW_74_consensus_panelcluster_17656	GROW_74_consensus	multi_hit	1	2948964	2964422	15458	5	11	BVMO; alkB; fadD; fadE; fadI	Alkanes; Beta-oxidation; Catechol-ortho	Beta-oxidation; Catechol-ortho; Subterminal oxidation; Terminal/biterminal oxidation	Hypothetical/accessory:3; Oxygenase/dioxygenase:2; Accessory/other:2; Dehydrogenase/oxidoreductase:2; Thiolase/transferase:1; CoA ligase/synthetase:1
GROW_74_consensus_panelcluster_17665	GROW_74_consensus	multi_hit	1	3522765	3549687	26922	5	23	alkJ_adh; fadA; fadJ; nagF; pegC	Alkanes; Beta-oxidation; Naphthalene; Plastics	Auxillary alkane pathway; Beta-oxidation; Naphthalene; PEG	Hypothetical/accessory:7; Dehydrogenase/oxidoreductase:6; Accessory/other:5; Regulator:2; Mobile/stress/accessory:1; CoA ligase/synthetase:1; Thiolase/transferase:1
GROW_77_consensus_panelcluster_17765	GROW_77_consensus	multi_hit	1	1862325	1873487	11162	5	9	acdA; acsA; atoA; hmgL; pcaI	Beta-oxidation; Catechol-ortho; Cyclohexylacetate	Beta-oxidation; Catechol-ortho; Cyclohexylacetate	Thiolase/transferase:2; Carboxylase:2; Hydrolase/decarboxylase/lyase:1; Hydratase/dehydratase/isomerase:1; Dehydrogenase/oxidoreductase:1; Regulator:1; Accessory/other:1
GROW_83_consensus_panelcluster_17866	GROW_83_consensus	multi_hit	1	4182271	4197921	15650	5	14	chcB2; macA; nagR; opdK; uctC	Cyclohexanecarboxylate; Hydroxyquinol; Naphthalene; Oxalate; Transportation	Cyclohexanecarboxylate; Hydroxyquinol; Naphthalene; Oxalate; Transportation	Dehydrogenase/oxidoreductase:5; Hypothetical/accessory:4; Transport/efflux:2; Accessory/other:1; Thiolase/transferase:1; Regulator:1
GROW_83_consensus_panelcluster_17898	GROW_83_consensus	multi_hit	1	6259623	6273239	13616	5	13	atdA1; galP; opdK; ssuD	Alkanes; Aromatics; Gallate; Transportation	Aniline; Auxillary alkane pathway; Gallate; Transportation	Accessory/other:5; Hypothetical/accessory:3; Transport/efflux:3; Oxygenase/dioxygenase:1; Dehydrogenase/oxidoreductase:1
65.medaka_panelcluster_7	65.medaka	multi_hit	contig_18	719126	732466	13340	4	11	pqiA; pqiB; pqiC; ssuD	Alkanes; Transportation	Auxillary alkane pathway; Transportation	Accessory/other:4; Transport/efflux:4; Dehydrogenase/oxidoreductase:2; Oxygenase/dioxygenase:1
65.medaka_panelcluster_15	65.medaka	multi_hit	contig_18	1372607	1380737	8130	4	8	badH; blc; catR	Alkanes; Beta-oxidation; Catechol-ortho	Beta-oxidation; Catechol-ortho; Hydrocarbon uptake	Accessory/other:3; Regulator:2; Hypothetical/accessory:1; Carboxylase:1; Dehydrogenase/oxidoreductase:1
65.medaka_panelcluster_29	65.medaka	multi_hit	contig_18	3036953	3040055	3102	4	5	mlaB; mlaD; mlaE; mlaF	Transportation	Transportation	Transport/efflux:5
66.medaka_panelcluster_92	66.medaka	multi_hit	contig_8	441502	444604	3102	4	5	mlaB; mlaD; mlaE; mlaF	Transportation	Transportation	Transport/efflux:5
66.medaka_panelcluster_106	66.medaka	multi_hit	contig_8	2100820	2108950	8130	4	8	badH; blc; catR	Alkanes; Beta-oxidation; Catechol-ortho	Beta-oxidation; Catechol-ortho; Hydrocarbon uptake	Accessory/other:3; Regulator:2; Dehydrogenase/oxidoreductase:1; Carboxylase:1; Hypothetical/accessory:1
66.medaka_panelcluster_114	66.medaka	multi_hit	contig_8	2749091	2762431	13340	4	11	pqiA; pqiB; pqiC; ssuD	Alkanes; Transportation	Auxillary alkane pathway; Transportation	Transport/efflux:4; Accessory/other:4; Dehydrogenase/oxidoreductase:2; Oxygenase/dioxygenase:1
68A.medaka_panelcluster_130	68A.medaka	multi_hit	contig_1	640502	643604	3102	4	5	mlaB; mlaD; mlaE; mlaF	Transportation	Transportation	Transport/efflux:5
68A.medaka_panelcluster_144	68A.medaka	multi_hit	contig_1	2849113	2862453	13340	4	11	pqiA; pqiB; pqiC; ssuD	Alkanes; Transportation	Auxillary alkane pathway; Transportation	Accessory/other:4; Transport/efflux:4; Dehydrogenase/oxidoreductase:2; Oxygenase/dioxygenase:1
68A.medaka_panelcluster_152	68A.medaka	multi_hit	contig_1	3502594	3510724	8130	4	8	badH; blc; catR	Alkanes; Beta-oxidation; Catechol-ortho	Beta-oxidation; Catechol-ortho; Hydrocarbon uptake	Accessory/other:3; Regulator:2; Hypothetical/accessory:1; Carboxylase:1; Dehydrogenase/oxidoreductase:1
CP010516.1_panelcluster_195	CP010516.1	multi_hit	c_000000000001	1224143	1228001	3858	4	5	hbd; pcaI; pcaJ; phaY2	Catechol-ortho; Plastics	Catechol-ortho; P3HV/PHA/PHBV; PHA/PHB	Thiolase/transferase:2; Hypothetical/accessory:1; Dehydrogenase/oxidoreductase:1; Hydrolase/decarboxylase/lyase:1
CP010516.1_panelcluster_201	CP010516.1	multi_hit	c_000000000001	1757659	1767065	9406	4	8	acdB; fadA; fadB; nylB	Beta-oxidation; Plastics	Beta-oxidation; Nylon	Hypothetical/accessory:2; Dehydrogenase/oxidoreductase:2; Hydrolase/decarboxylase/lyase:1; Thiolase/transferase:1; Accessory/other:1; Hydratase/dehydratase/isomerase:1
CP010516.1_panelcluster_217	CP010516.1	multi_hit	c_000000000001	2962552	2966575	4023	4	5	badK; paaG; paaI; paaK	Cyclohexanecarboxylate; Phenylacetate	Cyclohexanecarboxylate; Phenylacetate	Hydratase/dehydratase/isomerase:2; Hypothetical/accessory:1; Hydrolase/decarboxylase/lyase:1; CoA ligase/synthetase:1
CP063454.1_panelcluster_298	CP063454.1	multi_hit	c_000000000001	2099600	2105155	5555	4	5	GI:23664434; acdA; atoB; badK	Aromatics; Beta-oxidation; Cyclohexanecarboxylate	Benzene; Beta-oxidation; Cyclohexanecarboxylate	Dehydrogenase/oxidoreductase:2; Accessory/other:1; Thiolase/transferase:1; Hydratase/dehydratase/isomerase:1
CP063454.1_panelcluster_309	CP063454.1	multi_hit	c_000000000001	2748695	2754090	5395	4	5	frc; hmgL; opdK; paaY	Cyclohexylacetate; Oxalate; Phenylacetate; Transportation	Cyclohexylacetate; Oxalate; Phenylacetate; Transportation	Transport/efflux:2; Hydrolase/decarboxylase/lyase:1; Thiolase/transferase:1; Accessory/other:1
CP063454.1_panelcluster_316	CP063454.1	multi_hit	c_000000000001	3060961	3076083	15122	4	13	atoA; pcaI; pcaK; xecE1	Alkenes; Catechol-ortho; Cyclohexylacetate; Transportation	Catechol-ortho; Cyclohexylacetate; Propene; Transportation	Accessory/other:4; Thiolase/transferase:2; Regulator:2; Dehydrogenase/oxidoreductase:2; Hypothetical/accessory:2; Transport/efflux:1
CP063454.1_panelcluster_325	CP063454.1	multi_hit	c_000000000001	3534081	3552301	18220	4	17	alkN_mcp; hapE; opdK; pcaC	Alkanes; Hydroquinone; Protocatechuate; Transportation	Hydrocarbon uptake; Hydroquinone; Protocatechuate; Transportation	Hypothetical/accessory:6; Oxygenase/dioxygenase:3; Regulator:2; Accessory/other:2; Transport/efflux:2; Hydrolase/decarboxylase/lyase:1; Dehydrogenase/oxidoreductase:1
CP063455.1_panelcluster_402	CP063455.1	multi_hit	c_000000000001	2745017	2754263	9246	4	8	atoA; atoB; nagR; pcaI	Beta-oxidation; Catechol-ortho; Cyclohexylacetate; Naphthalene	Beta-oxidation; Catechol-ortho; Cyclohexylacetate; Naphthalene	Accessory/other:3; Thiolase/transferase:2; Transport/efflux:1; Hypothetical/accessory:1; Carboxylase:1
CP063455.1_panelcluster_432	CP063455.1	multi_hit	c_000000000001	4596009	4602151	6142	4	5	acdA; fadK; hmgL; nagR	Beta-oxidation; Cyclohexylacetate; Naphthalene	Beta-oxidation; Cyclohexylacetate; Naphthalene	Accessory/other:1; Regulator:1; Hydrolase/decarboxylase/lyase:1; CoA ligase/synthetase:1; Dehydrogenase/oxidoreductase:1
CP063455.1_panelcluster_448	CP063455.1	multi_hit	c_000000000001	5824760	5834730	9970	4	8	pchA; pchC; pchF; pobA	Aromatics	Toluene	Dehydrogenase/oxidoreductase:3; Hypothetical/accessory:2; Oxygenase/dioxygenase:1; Accessory/other:1; Regulator:1
Exp3_MAG_103_panelcluster_639	Exp3_MAG_103	multi_hit	MAGs/Exp3_MAG_103_c_000000000049	46130	56249	10119	4	11	alkB; mlaD; mlaE; mlaF	Alkanes; Transportation	Terminal/biterminal oxidation; Transportation	Accessory/other:5; Transport/efflux:3; Hydrolase/decarboxylase/lyase:2; Hypothetical/accessory:1
Exp3_MAG_104_panelcluster_735	Exp3_MAG_104	multi_hit	MAGs/Exp3_MAG_104_c_000000000135	293	6531	6238	4	7	atoB; cmtB; mhbH; mhbl	Aromatics; Beta-oxidation; Gentisate	Beta-oxidation; Gentisate; p-Cumate	Accessory/other:3; Hypothetical/accessory:2; Dehydrogenase/oxidoreductase:1; Hydratase/dehydratase/isomerase:1
Exp3_MAG_104_panelcluster_738	Exp3_MAG_104	multi_hit	MAGs/Exp3_MAG_104_c_000000000142	10053	13577	3524	4	4	paaJ; pcaD; pcaI; pcaJ	Catechol-ortho; Phenylacetate; Protocatechuate	Catechol-ortho; Phenylacetate; Protocatechuate	Thiolase/transferase:3; Hydrolase/decarboxylase/lyase:1
Exp3_MAG_105_panelcluster_783	Exp3_MAG_105	multi_hit	MAGs/Exp3_MAG_105_c_000000000252	12433	27651	15218	4	15	fadB2; hapE; macA; yfdE	Beta-oxidation; Hydroquinone; Hydroxyquinol; Oxalate	Beta-oxidation; Hydroquinone; Hydroxyquinol; Oxalate	Hypothetical/accessory:6; Accessory/other:2; Regulator:2; Dehydrogenase/oxidoreductase:2; Hydratase/dehydratase/isomerase:1; Thiolase/transferase:1; Hydrolase/decarboxylase/lyase:1
Exp3_MAG_105_panelcluster_809	Exp3_MAG_105	multi_hit	MAGs/Exp3_MAG_105_c_000000000395	112	16162	16050	4	15	dszC; ssuD	Alkanes; Aromatics	Auxillary alkane pathway; Dibenzofuran	Oxygenase/dioxygenase:4; Accessory/other:3; Transport/efflux:3; Hypothetical/accessory:3; Regulator:1; Dehydrogenase/oxidoreductase:1
Exp3_MAG_107_panelcluster_864	Exp3_MAG_107	multi_hit	MAGs/Exp3_MAG_107_c_000000000053	513	8435	7922	4	5	aliA; est; fadB; pimC/aabA	Beta-oxidation; Cyclohexanecarboxylate; Plastics	Beta-oxidation; Cyclohexanecarboxylate; PBAT	CoA ligase/synthetase:1; Accessory/other:1; Hydratase/dehydratase/isomerase:1; Hydrolase/decarboxylase/lyase:1; Dehydrogenase/oxidoreductase:1
Exp3_MAG_110_panelcluster_1013	Exp3_MAG_110	multi_hit	MAGs/Exp3_MAG_110_c_000000000195	273	8375	8102	4	9	chnD; prmA; prmB; prmC	Alkanes	Subterminal oxidation; Terminal/biterminal oxidation	Hypothetical/accessory:5; Oxygenase/dioxygenase:3; Dehydrogenase/oxidoreductase:1
Exp3_MAG_110_panelcluster_1040	Exp3_MAG_110	multi_hit	MAGs/Exp3_MAG_110_c_000000000425	2625	6875	4250	4	4	acdB; chcB1; chcB2; xecD	Alkenes; Beta-oxidation; Cyclohexanecarboxylate	Beta-oxidation; Cyclohexanecarboxylate; Propene	Dehydrogenase/oxidoreductase:4
Exp3_MAG_114_panelcluster_1227	Exp3_MAG_114	multi_hit	MAGs/Exp3_MAG_114_c_000000000342	8781	12890	4109	4	5	bphJ; bphX3; xylI; xylJ	Aromatics; Catechol-meta	Biphenyl; Catechol-meta	Hydratase/dehydratase/isomerase:2; Dehydrogenase/oxidoreductase:2; Hydrolase/decarboxylase/lyase:1
Exp3_MAG_121_panelcluster_1527	Exp3_MAG_121	multi_hit	MAGs/Exp3_MAG_121_c_000000000003	17020	44060	27040	4	17	nbaA; pimC/aabA; pimD; pnbA	Aromatics; Cyclohexanecarboxylate; Plastics	2-Nitrobenzoate; Cyclohexanecarboxylate; PET	Hypothetical/accessory:8; Accessory/other:4; Dehydrogenase/oxidoreductase:3; CoA ligase/synthetase:1; Carboxylase:1
Exp3_MAG_121_panelcluster_1554	Exp3_MAG_121	multi_hit	MAGs/Exp3_MAG_121_c_000000000029	197522	209362	11840	4	8	NFA_28320; pimC/aabA; pimD; xylB	Aromatics; Cyclohexanecarboxylate; Plastics	Cyclohexanecarboxylate; Nylon; Toluene	Dehydrogenase/oxidoreductase:5; Hypothetical/accessory:2; Accessory/other:1
Exp3_MAG_121_panelcluster_1561	Exp3_MAG_121	multi_hit	MAGs/Exp3_MAG_121_c_000000000036	25625	49380	23755	4	20	chnE; mpdC; pchF; pegC	Alkanes; Alkenes; Aromatics; Plastics	2-methylpropene; PEG; Terminal/biterminal oxidation; Toluene	Dehydrogenase/oxidoreductase:9; Hypothetical/accessory:5; Accessory/other:4; Hydrolase/decarboxylase/lyase:1; Transport/efflux:1
Exp3_MAG_122_panelcluster_1623	Exp3_MAG_122	multi_hit	MAGs/Exp3_MAG_122_c_000000000164	156	6525	6369	4	6	pcaB; pcaD; pcaH; pht2	Aromatics; Catechol-ortho; Protocatechuate	Phthalate; Protocatechuate	Oxygenase/dioxygenase:3; Accessory/other:1; Hydrolase/decarboxylase/lyase:1; Hydratase/dehydratase/isomerase:1
Exp3_MAG_122_panelcluster_1644	Exp3_MAG_122	multi_hit	MAGs/Exp3_MAG_122_c_000000000354	61	4155	4094	4	4	paaG; paaH; paaI; paaK	Phenylacetate	Phenylacetate	Hydratase/dehydratase/isomerase:1; Dehydrogenase/oxidoreductase:1; Hypothetical/accessory:1; CoA ligase/synthetase:1
Exp3_MAG_122_panelcluster_1671	Exp3_MAG_122	multi_hit	MAGs/Exp3_MAG_122_c_000000000546	2005	4715	2710	4	4	paaB; paaC; paaD; paaE	Phenylacetate	Phenylacetate	Accessory/other:4
Exp3_MAG_123_panelcluster_1762	Exp3_MAG_123	multi_hit	MAGs/Exp3_MAG_123_c_000000000435	473	14561	14088	4	14	paaG; pimC/aabA; pimD; pvaA	Cyclohexanecarboxylate; Phenylacetate; Plastics	Cyclohexanecarboxylate; PVA; Phenylacetate	Hypothetical/accessory:6; Dehydrogenase/oxidoreductase:3; Accessory/other:3; Hydratase/dehydratase/isomerase:1; Hydrolase/decarboxylase/lyase:1
Exp3_MAG_126_panelcluster_1850	Exp3_MAG_126	multi_hit	MAGs/Exp3_MAG_126_c_000000000159	13939	17420	3481	4	4	paaA; paaB; paaC; paaE	Phenylacetate	Phenylacetate	Accessory/other:4
Exp3_MAG_129_panelcluster_1911	Exp3_MAG_129	multi_hit	MAGs/Exp3_MAG_129_c_000000000018	1887	6974	5087	4	4	dszC; ladA; ssuD	Alkanes; Aromatics	Auxillary alkane pathway; Dibenzofuran; Terminal/biterminal oxidation	Accessory/other:2; Oxygenase/dioxygenase:2
Exp3_MAG_129_panelcluster_1913	Exp3_MAG_129	multi_hit	MAGs/Exp3_MAG_129_c_000000000026	16890	20165	3275	4	4	pcaB; pcaC; pcaD; pcaJ	Catechol-ortho; Protocatechuate	Catechol-ortho; Protocatechuate	Hypothetical/accessory:1; Hydrolase/decarboxylase/lyase:1; Hydratase/dehydratase/isomerase:1; Thiolase/transferase:1
Exp3_MAG_129_panelcluster_1929	Exp3_MAG_129	multi_hit	MAGs/Exp3_MAG_129_c_000000000108	1195	5610	4415	4	5	hpcB; hpcC; hpcG; hpcH	Aromatics	Homoprotocatechuate	Hydratase/dehydratase/isomerase:2; Hydrolase/decarboxylase/lyase:1; Oxygenase/dioxygenase:1; Dehydrogenase/oxidoreductase:1
Exp3_MAG_129_panelcluster_1939	Exp3_MAG_129	multi_hit	MAGs/Exp3_MAG_129_c_000000000150	15379	25942	10563	4	8	chcC2; pcaK	Cyclohexanecarboxylate; Transportation	Cyclohexanecarboxylate; Transportation	Dehydrogenase/oxidoreductase:4; Hypothetical/accessory:2; Regulator:1; Transport/efflux:1
Exp3_MAG_129_panelcluster_2005	Exp3_MAG_129	multi_hit	MAGs/Exp3_MAG_129_c_000000000503	5194	12685	7491	4	6	fadD; paaG; pcaK; pimC/aabA	Beta-oxidation; Cyclohexanecarboxylate; Phenylacetate; Transportation	Beta-oxidation; Cyclohexanecarboxylate; Phenylacetate; Transportation	Dehydrogenase/oxidoreductase:3; Hydratase/dehydratase/isomerase:1; CoA ligase/synthetase:1; Transport/efflux:1
Exp3_MAG_129_panelcluster_2014	Exp3_MAG_129	multi_hit	MAGs/Exp3_MAG_129_c_000000000547	3612	14059	10447	4	8	fadD; fadE; fadI; pchF	Aromatics; Beta-oxidation; Catechol-ortho	Beta-oxidation; Catechol-ortho; Toluene	Hypothetical/accessory:4; Dehydrogenase/oxidoreductase:2; CoA ligase/synthetase:1; Thiolase/transferase:1
Exp3_MAG_129_panelcluster_2027	Exp3_MAG_129	multi_hit	MAGs/Exp3_MAG_129_c_000000000593	14611	28752	14141	4	10	alkJ_adh; echA; fadD; pegC	Alkanes; Beta-oxidation; Plastics	Auxillary alkane pathway; Beta-oxidation; PEG	Hypothetical/accessory:3; Accessory/other:2; Dehydrogenase/oxidoreductase:2; CoA ligase/synthetase:2; Regulator:1
Exp3_MAG_129_panelcluster_2043	Exp3_MAG_129	multi_hit	MAGs/Exp3_MAG_129_c_000000000660	3742	10131	6389	4	6	galA; galC; galR; galT	Gallate	Gallate	Transport/efflux:2; Regulator:1; Oxygenase/dioxygenase:1; Hydratase/dehydratase/isomerase:1; Hydrolase/decarboxylase/lyase:1
Exp3_MAG_13_panelcluster_2083	Exp3_MAG_13	multi_hit	MAGs/Exp3_MAG_13_c_000000000025	69448	91529	22081	4	19	alkJ_adh; hapE; pchF; ssuD	Alkanes; Aromatics; Hydroquinone	Auxillary alkane pathway; Hydroquinone; Toluene	Hypothetical/accessory:9; Accessory/other:4; Dehydrogenase/oxidoreductase:3; Regulator:1; Transport/efflux:1; Oxygenase/dioxygenase:1
Exp3_MAG_13_panelcluster_2087	Exp3_MAG_13	multi_hit	MAGs/Exp3_MAG_13_c_000000000028	5673	21903	16230	4	14	AAE3; mpdC; pchF; pegC	Alkenes; Aromatics; Oxalate; Plastics	2-methylpropene; Oxalate; PEG; Toluene	Hypothetical/accessory:7; Dehydrogenase/oxidoreductase:5; Accessory/other:1; CoA ligase/synthetase:1
Exp3_MAG_13_panelcluster_2089	Exp3_MAG_13	multi_hit	MAGs/Exp3_MAG_13_c_000000000031	21418	40660	19242	4	15	hbd; pimC/aabA; pimD; pnbA	Cyclohexanecarboxylate; Plastics	Cyclohexanecarboxylate; P3HV/PHA/PHBV; PET	Hypothetical/accessory:6; Dehydrogenase/oxidoreductase:4; Hydratase/dehydratase/isomerase:2; Accessory/other:2; Regulator:1
Exp3_MAG_13_panelcluster_2096	Exp3_MAG_13	multi_hit	MAGs/Exp3_MAG_13_c_000000000043	7012	34289	27277	4	20	pcaK; pnbA; rdxR; xylB	Alkanes; Aromatics; Plastics; Transportation	PET; Terminal/biterminal oxidation; Toluene; Transportation	Hypothetical/accessory:8; Dehydrogenase/oxidoreductase:4; Accessory/other:3; Regulator:2; Transport/efflux:2; Electron transfer/redox:1
Exp3_MAG_13_panelcluster_2106	Exp3_MAG_13	multi_hit	MAGs/Exp3_MAG_13_c_000000000061	8230	14588	6358	4	7	galA; galC; galD; galR	Gallate	Gallate	Oxygenase/dioxygenase:2; Hydratase/dehydratase/isomerase:2; Hypothetical/accessory:2; Hydrolase/decarboxylase/lyase:1
Exp3_MAG_130_panelcluster_2201	Exp3_MAG_130	multi_hit	MAGs/Exp3_MAG_130_c_000000000526	7119	19257	12138	4	13	aliB; badH; chcB2; uctC	Beta-oxidation; Cyclohexanecarboxylate; Oxalate	Beta-oxidation; Cyclohexanecarboxylate; Oxalate	Dehydrogenase/oxidoreductase:4; Hypothetical/accessory:4; Transport/efflux:2; Accessory/other:2; Thiolase/transferase:1
Exp3_MAG_131_panelcluster_2255	Exp3_MAG_131	multi_hit	MAGs/Exp3_MAG_131_c_000000000002	265709	289085	23376	4	22	chcB1; pqiA; xecE1; yfdE	Alkenes; Cyclohexanecarboxylate; Oxalate; Transportation	Cyclohexanecarboxylate; Oxalate; Propene; Transportation	Hypothetical/accessory:5; Accessory/other:5; Transport/efflux:3; Dehydrogenase/oxidoreductase:3; Thiolase/transferase:2; Hydrolase/decarboxylase/lyase:1; CoA ligase/synthetase:1; Regulator:1; Hydratase/dehydratase/isomerase:1
Exp3_MAG_131_panelcluster_2264	Exp3_MAG_131	multi_hit	MAGs/Exp3_MAG_131_c_000000000004	303272	315064	11792	4	14	hbd; paaG; pcaK; uctC	Oxalate; Phenylacetate; Plastics; Transportation	Oxalate; P3HV/PHA/PHBV; Phenylacetate; Transportation	Hypothetical/accessory:4; Transport/efflux:3; Dehydrogenase/oxidoreductase:3; Thiolase/transferase:1; Regulator:1; Accessory/other:1; Hydratase/dehydratase/isomerase:1
Exp3_MAG_131_panelcluster_2272	Exp3_MAG_131	multi_hit	MAGs/Exp3_MAG_131_c_000000000007	75886	98729	22843	4	19	fadD; mpdB; nagR; xylB	Alkenes; Aromatics; Beta-oxidation; Naphthalene	2-methylpropene; Beta-oxidation; Naphthalene; Toluene	Hypothetical/accessory:8; Accessory/other:4; Transport/efflux:2; Dehydrogenase/oxidoreductase:2; Oxygenase/dioxygenase:1; Electron transfer/redox:1; CoA ligase/synthetase:1
Exp3_MAG_131_panelcluster_2289	Exp3_MAG_131	multi_hit	MAGs/Exp3_MAG_131_c_000000000013	97518	104754	7236	4	5	fadA; fadJ; pimC/aabA; pimD	Beta-oxidation; Cyclohexanecarboxylate	Beta-oxidation; Cyclohexanecarboxylate	Dehydrogenase/oxidoreductase:2; CoA ligase/synthetase:1; Hydratase/dehydratase/isomerase:1; Thiolase/transferase:1
Exp3_MAG_132_panelcluster_2334	Exp3_MAG_132	multi_hit	MAGs/Exp3_MAG_132_c_000000000025	51607	57787	6180	4	4	fadD; fadJ; pimC/aabA; pimD	Beta-oxidation; Cyclohexanecarboxylate	Beta-oxidation; Cyclohexanecarboxylate	Dehydrogenase/oxidoreductase:2; Hydratase/dehydratase/isomerase:1; CoA ligase/synthetase:1
Exp3_MAG_132_panelcluster_2354	Exp3_MAG_132	multi_hit	MAGs/Exp3_MAG_132_c_000000000051	18254	33291	15037	4	14	andAa; pht3; pht5	Aromatics	Anthranilate; Phthalate	Hypothetical/accessory:9; Electron transfer/redox:2; Dehydrogenase/oxidoreductase:1; Regulator:1; Oxygenase/dioxygenase:1
Exp3_MAG_136_panelcluster_2511	Exp3_MAG_136	multi_hit	MAGs/Exp3_MAG_136_c_000000000523	17165	26861	9696	4	9	bphX3; hpcH; tphA1I; xylQ	Aromatics; Catechol-meta	Biphenyl; Catechol-meta; Homoprotocatechuate; Terephthalate	Hydrolase/decarboxylase/lyase:2; Dehydrogenase/oxidoreductase:2; Accessory/other:2; Hydratase/dehydratase/isomerase:2; Hypothetical/accessory:1
Exp3_MAG_137_panelcluster_2524	Exp3_MAG_137	multi_hit	MAGs/Exp3_MAG_137_c_000000000035	20466	34996	14530	4	13	hmgA; mhbl; paaC; uctC	Aromatics; Gentisate; Oxalate; Phenylacetate	Gentisate; Homogentisate; Oxalate; Phenylacetate	Dehydrogenase/oxidoreductase:4; Accessory/other:3; Hypothetical/accessory:2; Oxygenase/dioxygenase:1; Hydratase/dehydratase/isomerase:1; Regulator:1; Thiolase/transferase:1
Exp3_MAG_138_panelcluster_2559	Exp3_MAG_138	multi_hit	MAGs/Exp3_MAG_138_c_000000000210	702	3890	3188	4	4	pcaB; pcaC; pcaD; pcaG	Catechol-ortho; Protocatechuate	Protocatechuate	Hypothetical/accessory:1; Hydrolase/decarboxylase/lyase:1; Hydratase/dehydratase/isomerase:1; Oxygenase/dioxygenase:1
Exp3_MAG_138_panelcluster_2588	Exp3_MAG_138	multi_hit	MAGs/Exp3_MAG_138_c_000000000491	202	4829	4627	4	4	bcrA; bcrB; bcrC; bcrD	Benzoyl-CoA	Benzoyl-CoA	Dehydrogenase/oxidoreductase:4
Exp3_MAG_139_panelcluster_2608	Exp3_MAG_139	multi_hit	MAGs/Exp3_MAG_139_c_000000000126	1130	15385	14255	4	19	mhbD; nahW; pegA	Aromatics; Gentisate; Plastics	Gentisate; PEG; Salicylate	Hypothetical/accessory:9; Dehydrogenase/oxidoreductase:3; Accessory/other:3; Oxygenase/dioxygenase:3; Transport/efflux:1
Exp3_MAG_140_panelcluster_2717	Exp3_MAG_140	multi_hit	MAGs/Exp3_MAG_140_c_000000000039	33774	58357	24583	4	21	acdA; alkH_ald; atdA1; hapE	Alkanes; Aromatics; Beta-oxidation; Hydroquinone	Aniline; Auxillary alkane pathway; Beta-oxidation; Hydroquinone	Accessory/other:8; Dehydrogenase/oxidoreductase:3; Transport/efflux:3; Hypothetical/accessory:3; Hydrolase/decarboxylase/lyase:2; Mobile/stress/accessory:1; Regulator:1
Exp3_MAG_140_panelcluster_2738	Exp3_MAG_140	multi_hit	MAGs/Exp3_MAG_140_c_000000000098	28016	37303	9287	4	7	fadA; fadI; fadJ; nagF	Beta-oxidation; Catechol-ortho; Naphthalene	Beta-oxidation; Catechol-ortho; Naphthalene	Thiolase/transferase:2; Dehydrogenase/oxidoreductase:1; Accessory/other:1; Hypothetical/accessory:1; Oxygenase/dioxygenase:1; Hydratase/dehydratase/isomerase:1
Exp3_MAG_141_panelcluster_2746	Exp3_MAG_141	multi_hit	MAGs/Exp3_MAG_141_c_000000000005	47865	58818	10953	4	8	aliB; alkH_ald; alkJ_adh; paaG	Alkanes; Beta-oxidation; Phenylacetate	Auxillary alkane pathway; Beta-oxidation; Phenylacetate	Dehydrogenase/oxidoreductase:4; Hydratase/dehydratase/isomerase:1; Hypothetical/accessory:1; CoA ligase/synthetase:1; Accessory/other:1
Exp3_MAG_141_panelcluster_2771	Exp3_MAG_141	multi_hit	MAGs/Exp3_MAG_141_c_000000000024	14724	26545	11821	4	13	PGRcl; pcaI; pcaJ; phaY2	Catechol-ortho; Plastics; Pyrogallol	Catechol-ortho; PHA/PHB; Pyrogallol	Hypothetical/accessory:7; Accessory/other:2; Thiolase/transferase:2; Carboxylase:1; Dehydrogenase/oxidoreductase:1
Exp3_MAG_141_panelcluster_2777	Exp3_MAG_141	multi_hit	MAGs/Exp3_MAG_141_c_000000000027	130274	150322	20048	4	13	PGRcl; acdB; fadA; fadJ	Beta-oxidation; Pyrogallol	Beta-oxidation; Pyrogallol	Hypothetical/accessory:4; Accessory/other:3; Dehydrogenase/oxidoreductase:2; Thiolase/transferase:1; Transport/efflux:1; Electron transfer/redox:1; Hydratase/dehydratase/isomerase:1
Exp3_MAG_141_panelcluster_2794	Exp3_MAG_141	multi_hit	MAGs/Exp3_MAG_141_c_000000000053	28	5243	5215	4	4	boxA; boxB; boxC; pcaF	Aromatics; Catechol-ortho; Protocatechuate	Benzene; Protocatechuate	Oxygenase/dioxygenase:2; Hydrolase/decarboxylase/lyase:1; Thiolase/transferase:1
Exp3_MAG_142_panelcluster_2869	Exp3_MAG_142	multi_hit	MAGs/Exp3_MAG_142_c_000000000462	654	7993	7339	4	6	abmG1; est; fadJ; paaG	Aromatics; Beta-oxidation; Phenylacetate; Plastics	Anthranilate; Beta-oxidation; PBAT; Phenylacetate	Accessory/other:2; CoA ligase/synthetase:2; Hydrolase/decarboxylase/lyase:1; Hydratase/dehydratase/isomerase:1
Exp3_MAG_144_panelcluster_2918	Exp3_MAG_144	multi_hit	MAGs/Exp3_MAG_144_c_000000000292	2103	10099	7996	4	6	fadD; fadJ; pimC/aabA; pimD	Beta-oxidation; Cyclohexanecarboxylate	Beta-oxidation; Cyclohexanecarboxylate	Accessory/other:2; Dehydrogenase/oxidoreductase:2; Hypothetical/accessory:1; CoA ligase/synthetase:1
Exp3_MAG_147_panelcluster_3046	Exp3_MAG_147	multi_hit	MAGs/Exp3_MAG_147_c_000000000007	31666	46040	14374	4	19	chcAb; galA; galC	Cyclohexanecarboxylate; Gallate	Cyclohexanecarboxylate; Gallate	Hypothetical/accessory:6; Oxygenase/dioxygenase:4; Dehydrogenase/oxidoreductase:3; Hydrolase/decarboxylase/lyase:3; Accessory/other:2; Regulator:1
Exp3_MAG_147_panelcluster_3067	Exp3_MAG_147	multi_hit	MAGs/Exp3_MAG_147_c_000000000018	97242	104912	7670	4	6	PGRcl; acdB; fadA; fadJ	Beta-oxidation; Pyrogallol	Beta-oxidation; Pyrogallol	Dehydrogenase/oxidoreductase:2; Hypothetical/accessory:1; Thiolase/transferase:1; Accessory/other:1; Hydratase/dehydratase/isomerase:1
Exp3_MAG_149_panelcluster_3189	Exp3_MAG_149	multi_hit	MAGs/Exp3_MAG_149_c_000000000083	41	4865	4824	4	6	bthL; crt; sdgB; xecE1	Alkenes; Aromatics; Beta-oxidation; Pyrogallol	Beta-oxidation; Propene; Pyrogallol; Salicylate	CoA ligase/synthetase:2; Accessory/other:1; Hypothetical/accessory:1; Dehydrogenase/oxidoreductase:1; Hydratase/dehydratase/isomerase:1
Exp3_MAG_149_panelcluster_3209	Exp3_MAG_149	multi_hit	MAGs/Exp3_MAG_149_c_000000000249	905	6532	5627	4	4	GI:23664434; acdA; atoB; paaH	Aromatics; Beta-oxidation; Phenylacetate	Benzene; Beta-oxidation; Phenylacetate	Dehydrogenase/oxidoreductase:2; Thiolase/transferase:1; Accessory/other:1
Exp3_MAG_150_panelcluster_3266	Exp3_MAG_150	multi_hit	MAGs/Exp3_MAG_150_c_000000000112	1	2571	2570	4	4	hpcB; hpcD; hpcG; hpcH	Aromatics	Homoprotocatechuate	Hydratase/dehydratase/isomerase:2; Oxygenase/dioxygenase:1; Hydrolase/decarboxylase/lyase:1
Exp3_MAG_151_panelcluster_3340	Exp3_MAG_151	multi_hit	MAGs/Exp3_MAG_151_c_000000000042	22010	33001	10991	4	9	aliA; paaG; pimC/aabA	Beta-oxidation; Cyclohexanecarboxylate; Phenylacetate	Beta-oxidation; Cyclohexanecarboxylate; Phenylacetate	Dehydrogenase/oxidoreductase:3; Hydratase/dehydratase/isomerase:3; Hypothetical/accessory:2; CoA ligase/synthetase:1
Exp3_MAG_151_panelcluster_3352	Exp3_MAG_151	multi_hit	MAGs/Exp3_MAG_151_c_000000000065	49	14803	14754	4	12	CYP450; pegC; pimC/aabA; xylB	Alkanes; Aromatics; Cyclohexanecarboxylate; Plastics	Cyclohexanecarboxylate; PEG; Terminal/biterminal oxidation; Toluene	Dehydrogenase/oxidoreductase:4; Hypothetical/accessory:4; Accessory/other:2; Regulator:1; Oxygenase/dioxygenase:1
Exp3_MAG_151_panelcluster_3400	Exp3_MAG_151	multi_hit	MAGs/Exp3_MAG_151_c_000000000172	911	15563	14652	4	15	aliA; benD; chcB1; echA1	Benzoate; Beta-oxidation; Cyclohexanecarboxylate	Benzoate; Beta-oxidation; Cyclohexanecarboxylate	Hypothetical/accessory:8; Dehydrogenase/oxidoreductase:3; Accessory/other:2; CoA ligase/synthetase:1; Hydratase/dehydratase/isomerase:1
Exp3_MAG_152_panelcluster_3408	Exp3_MAG_152	multi_hit	MAGs/Exp3_MAG_152_c_000000000011	1280	9601	8321	4	9	atoB; cmtB; mhbH; mhbl	Aromatics; Beta-oxidation; Gentisate	Beta-oxidation; Gentisate; p-Cumate	Accessory/other:4; Hydrolase/decarboxylase/lyase:1; Regulator:1; Hydratase/dehydratase/isomerase:1; Hypothetical/accessory:1; Dehydrogenase/oxidoreductase:1
Exp3_MAG_152_panelcluster_3424	Exp3_MAG_152	multi_hit	MAGs/Exp3_MAG_152_c_000000000084	12733	18524	5791	4	4	fadA; fadJ; pimC/aabA; pimD	Beta-oxidation; Cyclohexanecarboxylate	Beta-oxidation; Cyclohexanecarboxylate	Dehydrogenase/oxidoreductase:2; Accessory/other:1; Thiolase/transferase:1
Exp3_MAG_152_panelcluster_3439	Exp3_MAG_152	multi_hit	MAGs/Exp3_MAG_152_c_000000000193	355	11673	11318	4	11	blc; phaY2; phaZ2; phaZCac	Alkanes; Plastics	Hydrocarbon uptake; P3HP/P4HB/PEA/PES/PHA/PHB; PHA; PHA/PHB	Hypothetical/accessory:4; Transport/efflux:3; Hydrolase/decarboxylase/lyase:2; Accessory/other:2
Exp3_MAG_152_panelcluster_3474	Exp3_MAG_152	multi_hit	MAGs/Exp3_MAG_152_c_000000000368	296	10825	10529	4	11	galC; pcaC; pcaI; pcaJ	Catechol-ortho; Gallate; Protocatechuate	Catechol-ortho; Gallate; Protocatechuate	Hypothetical/accessory:5; Thiolase/transferase:2; Hydrolase/decarboxylase/lyase:2; Accessory/other:1; Dehydrogenase/oxidoreductase:1
Exp3_MAG_157_panelcluster_3643	Exp3_MAG_157	multi_hit	MAGs/Exp3_MAG_157_c_000000000007	311760	330705	18945	4	16	atdA1; hapE; hbd; phaY2	Aromatics; Hydroquinone; Plastics	Aniline; Hydroquinone; P3HV/PHA/PHBV; PHA/PHB	Accessory/other:6; Hypothetical/accessory:5; Dehydrogenase/oxidoreductase:2; Transport/efflux:2; Hydrolase/decarboxylase/lyase:1
Exp3_MAG_157_panelcluster_3653	Exp3_MAG_157	multi_hit	MAGs/Exp3_MAG_157_c_000000000012	119246	140436	21190	4	13	badK; paaG; paaI; paaK	Cyclohexanecarboxylate; Phenylacetate	Cyclohexanecarboxylate; Phenylacetate	Hypothetical/accessory:4; Hydratase/dehydratase/isomerase:2; Accessory/other:2; Regulator:2; Transport/efflux:1; Hydrolase/decarboxylase/lyase:1; CoA ligase/synthetase:1
Exp3_MAG_157_panelcluster_3674	Exp3_MAG_157	multi_hit	MAGs/Exp3_MAG_157_c_000000000038	26049	52164	26115	4	22	acdA; badI; hmgL; paaY	Beta-oxidation; Cyclohexylacetate; Phenylacetate	Beta-oxidation; Cyclohexylacetate; Phenylacetate	Hypothetical/accessory:11; Accessory/other:4; Carboxylase:2; Dehydrogenase/oxidoreductase:1; Hydratase/dehydratase/isomerase:1; Hydrolase/decarboxylase/lyase:1; Regulator:1; Oxygenase/dioxygenase:1
Exp3_MAG_159_panelcluster_3694	Exp3_MAG_159	multi_hit	MAGs/Exp3_MAG_159_c_000000000050	3267	5828	2561	4	4	paaA; paaB; paaC; paaD	Phenylacetate	Phenylacetate	Accessory/other:4
Exp3_MAG_161_panelcluster_3776	Exp3_MAG_161	multi_hit	MAGs/Exp3_MAG_161_c_000000000023	13759	23942	10183	4	9	est; pimC/aabA; pimD; xylB	Aromatics; Cyclohexanecarboxylate; Plastics	Cyclohexanecarboxylate; PBAT; Toluene	Dehydrogenase/oxidoreductase:6; Transport/efflux:1; Hypothetical/accessory:1; Accessory/other:1
Exp3_MAG_161_panelcluster_3778	Exp3_MAG_161	multi_hit	MAGs/Exp3_MAG_161_c_000000000025	4863	10985	6122	4	6	acdA; ahpC; ahpF; badK	Alkanes; Beta-oxidation; Cyclohexanecarboxylate	Beta-oxidation; Cyclohexanecarboxylate; Finnerty pathway	Dehydrogenase/oxidoreductase:3; Hydratase/dehydratase/isomerase:2; Hypothetical/accessory:1
Exp3_MAG_161_panelcluster_3811	Exp3_MAG_161	multi_hit	MAGs/Exp3_MAG_161_c_000000000126	658	25329	24671	4	21	alkJ_adh; hbd; nagAc; pegC	Alkanes; Naphthalene; Plastics	Auxillary alkane pathway; Naphthalene; P3HV/PHA/PHBV; PEG	Dehydrogenase/oxidoreductase:6; Hypothetical/accessory:6; Accessory/other:4; Regulator:2; Transport/efflux:1; Oxygenase/dioxygenase:1; Hydratase/dehydratase/isomerase:1
Exp3_MAG_162_panelcluster_3816	Exp3_MAG_162	multi_hit	MAGs/Exp3_MAG_162_c_000000000001	31142	37998	6856	4	8	atoB; cmtB; mhbH; mhbl	Aromatics; Beta-oxidation; Gentisate	Beta-oxidation; Gentisate; p-Cumate	Accessory/other:3; Hypothetical/accessory:2; Dehydrogenase/oxidoreductase:1; Hydratase/dehydratase/isomerase:1; Hydrolase/decarboxylase/lyase:1
Exp3_MAG_162_panelcluster_3837	Exp3_MAG_162	multi_hit	MAGs/Exp3_MAG_162_c_000000000009	161730	188716	26986	4	26	aliB; est; fadJ; pobA	Aromatics; Beta-oxidation; Plastics	Beta-oxidation; PBAT; Toluene	Hypothetical/accessory:16; Accessory/other:4; Hydratase/dehydratase/isomerase:2; Thiolase/transferase:2; Dehydrogenase/oxidoreductase:1; Oxygenase/dioxygenase:1
Exp3_MAG_162_panelcluster_3870	Exp3_MAG_162	multi_hit	MAGs/Exp3_MAG_162_c_000000000036	48821	59390	10569	4	13	CYP450; chcAb; galA	Alkanes; Cyclohexanecarboxylate; Gallate	Cyclohexanecarboxylate; Gallate; Terminal/biterminal oxidation	Oxygenase/dioxygenase:3; Accessory/other:3; Dehydrogenase/oxidoreductase:3; Hypothetical/accessory:3; Regulator:1
Exp3_MAG_162_panelcluster_3889	Exp3_MAG_162	multi_hit	MAGs/Exp3_MAG_162_c_000000000058	22962	58299	35337	4	33	chcB2; ladA; uctC	Alkanes; Cyclohexanecarboxylate; Oxalate	Cyclohexanecarboxylate; Oxalate; Terminal/biterminal oxidation	Hypothetical/accessory:14; Accessory/other:11; Oxygenase/dioxygenase:4; Dehydrogenase/oxidoreductase:2; Thiolase/transferase:1; Transport/efflux:1
Exp3_MAG_162_panelcluster_3924	Exp3_MAG_162	multi_hit	MAGs/Exp3_MAG_162_c_000000000101	27354	31849	4495	4	5	nagAb; nagG; nagH; nagR	Aromatics; Naphthalene	1-Methylnaphthalene/2-Methylnaphthalene; Naphthalene	Oxygenase/dioxygenase:2; Electron transfer/redox:1; Hypothetical/accessory:1; Accessory/other:1
Exp3_MAG_164_panelcluster_3991	Exp3_MAG_164	multi_hit	MAGs/Exp3_MAG_164_c_000000000041	7300	19565	12265	4	13	atoB; badH; fadI; hmgL	Beta-oxidation; Catechol-ortho; Cyclohexylacetate	Beta-oxidation; Catechol-ortho; Cyclohexylacetate	Hypothetical/accessory:6; Accessory/other:3; Dehydrogenase/oxidoreductase:2; Thiolase/transferase:1; Hydrolase/decarboxylase/lyase:1
Exp3_MAG_164_panelcluster_4024	Exp3_MAG_164	multi_hit	MAGs/Exp3_MAG_164_c_000000000317	1152	16149	14997	4	12	ISF6_0224; galA; galT; nagF	Gallate; Naphthalene; Plastics	Gallate; Naphthalene; PET	Oxygenase/dioxygenase:2; Hypothetical/accessory:2; Transport/efflux:2; Regulator:2; CoA ligase/synthetase:1; Hydratase/dehydratase/isomerase:1; Dehydrogenase/oxidoreductase:1; Hydrolase/decarboxylase/lyase:1
Exp3_MAG_164_panelcluster_4028	Exp3_MAG_164	multi_hit	MAGs/Exp3_MAG_164_c_000000000358	12805	17876	5071	4	4	ISF6_0224; galA; galC; galD	Gallate; Plastics	Gallate; PET	Hydrolase/decarboxylase/lyase:2; Oxygenase/dioxygenase:1; Hydratase/dehydratase/isomerase:1
Exp3_MAG_165_panelcluster_4080	Exp3_MAG_165	multi_hit	MAGs/Exp3_MAG_165_c_000000000094	67866	85021	17155	4	16	CYP153; pimC/aabA; xecD	Alkanes; Alkenes; Cyclohexanecarboxylate	Cyclohexanecarboxylate; Propene; Terminal/biterminal oxidation	Hypothetical/accessory:9; Dehydrogenase/oxidoreductase:5; Carboxylase:1; Oxygenase/dioxygenase:1
Exp3_MAG_165_panelcluster_4088	Exp3_MAG_165	multi_hit	MAGs/Exp3_MAG_165_c_000000000129	4193	11989	7796	4	6	aliA; echA1; pimC/aabA; xylB	Aromatics; Beta-oxidation; Cyclohexanecarboxylate	Beta-oxidation; Cyclohexanecarboxylate; Toluene	CoA ligase/synthetase:2; Dehydrogenase/oxidoreductase:2; Hypothetical/accessory:1; Hydratase/dehydratase/isomerase:1
Exp3_MAG_165_panelcluster_4097	Exp3_MAG_165	multi_hit	MAGs/Exp3_MAG_165_c_000000000155	7191	16509	9318	4	9	aliA; pegC; pimC/aabA; xylB	Aromatics; Beta-oxidation; Cyclohexanecarboxylate; Plastics	Beta-oxidation; Cyclohexanecarboxylate; PEG; Toluene	Hypothetical/accessory:5; Dehydrogenase/oxidoreductase:3; CoA ligase/synthetase:1
Exp3_MAG_169_panelcluster_4240	Exp3_MAG_169	multi_hit	MAGs/Exp3_MAG_169_c_000000000089	12728	16424	3696	4	5	pcaB; pcaC; pcaD; pcaH	Catechol-ortho; Protocatechuate	Protocatechuate	Hypothetical/accessory:2; Oxygenase/dioxygenase:1; Hydratase/dehydratase/isomerase:1; Hydrolase/decarboxylase/lyase:1
Exp3_MAG_169_panelcluster_4248	Exp3_MAG_169	multi_hit	MAGs/Exp3_MAG_169_c_000000000139	3906	12300	8394	4	8	pcaC; pcaF; pcaI; pcaJ	Catechol-ortho; Protocatechuate	Catechol-ortho; Catechol-ortho; Protocatechuate; Protocatechuate	Hypothetical/accessory:4; Thiolase/transferase:3; Accessory/other:1
Exp3_MAG_170_panelcluster_4309	Exp3_MAG_170	multi_hit	MAGs/Exp3_MAG_170_c_000000000049	75277	84132	8855	4	9	catE; phaZ2; pimC/aabA; pimD	Catechol-meta; Cyclohexanecarboxylate; Plastics	Catechol-meta; Cyclohexanecarboxylate; PHA/PHB	Hypothetical/accessory:5; Dehydrogenase/oxidoreductase:2; Transport/efflux:1; Oxygenase/dioxygenase:1
Exp3_MAG_170_panelcluster_4324	Exp3_MAG_170	multi_hit	MAGs/Exp3_MAG_170_c_000000000086	42068	49124	7056	4	5	GI:23664434; boxA; boxB; boxC	Aromatics	Benzene	Oxygenase/dioxygenase:2; Hydrolase/decarboxylase/lyase:1; Hypothetical/accessory:1; CoA ligase/synthetase:1
Exp3_MAG_170_panelcluster_4332	Exp3_MAG_170	multi_hit	MAGs/Exp3_MAG_170_c_000000000114	11799	25379	13580	4	9	pcaF; pcaG; pcaH; phaZ	Catechol-ortho; Plastics; Protocatechuate	PHA/PHB; Protocatechuate	Accessory/other:3; Hypothetical/accessory:3; Oxygenase/dioxygenase:2; Thiolase/transferase:1
Exp3_MAG_173_panelcluster_4414	Exp3_MAG_173	multi_hit	MAGs/Exp3_MAG_173_c_000000000024	43724	51876	8152	4	9	alkH_ald; nylB; pimC/aabA; pimD	Alkanes; Cyclohexanecarboxylate; Plastics	Auxillary alkane pathway; Cyclohexanecarboxylate; Nylon	Hypothetical/accessory:4; Dehydrogenase/oxidoreductase:3; Hydratase/dehydratase/isomerase:1; Hydrolase/decarboxylase/lyase:1
Exp3_MAG_178_panelcluster_4664	Exp3_MAG_178	multi_hit	MAGs/Exp3_MAG_178_c_000000000005	268434	281127	12693	4	10	hapE; paaA; paaB; paaE	Hydroquinone; Phenylacetate	Hydroquinone; Phenylacetate	Accessory/other:4; Hypothetical/accessory:4; Hydratase/dehydratase/isomerase:1; Dehydrogenase/oxidoreductase:1
Exp3_MAG_178_panelcluster_4674	Exp3_MAG_178	multi_hit	MAGs/Exp3_MAG_178_c_000000000017	121370	123945	2575	4	4	paaA; paaB; paaC; paaD	Phenylacetate	Phenylacetate	Accessory/other:4
Exp3_MAG_181_panelcluster_4779	Exp3_MAG_181	multi_hit	MAGs/Exp3_MAG_181_c_000000000038	136140	141869	5729	4	6	paaA; paaB; paaC; paaE	Phenylacetate	Phenylacetate	Accessory/other:4; Regulator:1; Hypothetical/accessory:1
Exp3_MAG_182_panelcluster_4811	Exp3_MAG_182	multi_hit	MAGs/Exp3_MAG_182_c_000000000119	7723	16093	8370	4	7	acdA; atoB; echA1; hmgL	Beta-oxidation; Cyclohexylacetate	Beta-oxidation; Cyclohexylacetate	Carboxylase:2; Hydratase/dehydratase/isomerase:1; Hydrolase/decarboxylase/lyase:1; Dehydrogenase/oxidoreductase:1; Accessory/other:1; Thiolase/transferase:1
Exp3_MAG_182_panelcluster_4819	Exp3_MAG_182	multi_hit	MAGs/Exp3_MAG_182_c_000000000157	16737	21549	4812	4	5	chqB; galT; macA; sdc	Aromatics; Gallate; Hydroxyquinol	Gallate; Hydroxyquinol; Salicylate	Hydratase/dehydratase/isomerase:1; Dehydrogenase/oxidoreductase:1; Oxygenase/dioxygenase:1; Hypothetical/accessory:1; Transport/efflux:1
Exp3_MAG_186_panelcluster_4952	Exp3_MAG_186	multi_hit	MAGs/Exp3_MAG_186_c_000000000081	4315	13885	9570	4	10	atoA; atoB; paaY; pcaI	Beta-oxidation; Catechol-ortho; Cyclohexylacetate; Phenylacetate	Beta-oxidation; Catechol-ortho; Cyclohexylacetate; Phenylacetate	Hypothetical/accessory:4; Accessory/other:3; Thiolase/transferase:3
Exp3_MAG_189_panelcluster_5053	Exp3_MAG_189	multi_hit	MAGs/Exp3_MAG_189_c_000000000090	5827	13778	7951	4	7	alkJ_adh; chcAa; est; pcaC	Alkanes; Cyclohexanecarboxylate; Plastics; Protocatechuate	Auxillary alkane pathway; Cyclohexanecarboxylate; PLA; Protocatechuate	Hypothetical/accessory:3; Dehydrogenase/oxidoreductase:2; Accessory/other:1; Hydratase/dehydratase/isomerase:1
Exp3_MAG_189_panelcluster_5057	Exp3_MAG_189	multi_hit	MAGs/Exp3_MAG_189_c_000000000109	50940	65050	14110	4	9	acsA; mpdB; pvaA	Alkenes; Beta-oxidation; Plastics	2-methylpropene; Beta-oxidation; PVA	Dehydrogenase/oxidoreductase:3; Hypothetical/accessory:3; Accessory/other:2; Regulator:1
Exp3_MAG_192_panelcluster_5176	Exp3_MAG_192	multi_hit	MAGs/Exp3_MAG_192_c_000000000082	49	19614	19565	4	15	fadA; pimC/aabA; pimD; rdxR	Alkanes; Beta-oxidation; Cyclohexanecarboxylate	Beta-oxidation; Cyclohexanecarboxylate; Terminal/biterminal oxidation	Hypothetical/accessory:6; Dehydrogenase/oxidoreductase:4; Accessory/other:4; Thiolase/transferase:1
Exp3_MAG_193_panelcluster_5219	Exp3_MAG_193	multi_hit	MAGs/Exp3_MAG_193_c_000000000013	122175	130715	8540	4	8	dszC; ladA; ssuD	Alkanes; Aromatics	Auxillary alkane pathway; Dibenzofuran; Terminal/biterminal oxidation	Oxygenase/dioxygenase:4; Accessory/other:2; Transport/efflux:1; Dehydrogenase/oxidoreductase:1
Exp3_MAG_193_panelcluster_5230	Exp3_MAG_193	multi_hit	MAGs/Exp3_MAG_193_c_000000000032	13913	31587	17674	4	20	atoB; badH; est; paaH	Beta-oxidation; Phenylacetate; Plastics	Beta-oxidation; PBAT; Phenylacetate	Accessory/other:10; Hypothetical/accessory:3; Electron transfer/redox:2; Dehydrogenase/oxidoreductase:2; Hydrolase/decarboxylase/lyase:1; Transport/efflux:1; Regulator:1
Exp3_MAG_20_panelcluster_5475	Exp3_MAG_20	multi_hit	MAGs/Exp3_MAG_20_c_000000000113	2264	5986	3722	4	4	BenA-xylX; bphB; bphD; tcbAb	Aromatics; Benzoate	Benzoate; Biphenyl; Chlorobenzen	Oxygenase/dioxygenase:2; Dehydrogenase/oxidoreductase:1; Hydrolase/decarboxylase/lyase:1
Exp3_MAG_20_panelcluster_5495	Exp3_MAG_20	multi_hit	MAGs/Exp3_MAG_20_c_000000000270	818	5226	4408	4	4	aliA; paaG; paaI; paaK	Beta-oxidation; Phenylacetate	Beta-oxidation; Phenylacetate	CoA ligase/synthetase:2; Hydrolase/decarboxylase/lyase:1; Hydratase/dehydratase/isomerase:1
Exp3_MAG_20_panelcluster_5509	Exp3_MAG_20	multi_hit	MAGs/Exp3_MAG_20_c_000000000346	4061	13098	9037	4	8	almA; hpaH; mhpF; xylK	Alkanes; Aromatics; Catechol-meta	Anthranilate; Catechol-meta; Terminal/biterminal oxidation	Oxygenase/dioxygenase:3; Hypothetical/accessory:2; Regulator:1; Hydrolase/decarboxylase/lyase:1; Dehydrogenase/oxidoreductase:1
Exp3_MAG_20_panelcluster_5527	Exp3_MAG_20	multi_hit	MAGs/Exp3_MAG_20_c_000000000446	1146	7677	6531	4	6	hpaH; hpcH; nagC; xylG	Aromatics; Catechol-meta; Naphthalene	Anthranilate; Catechol-meta; Homoprotocatechuate; Naphthalene	Oxygenase/dioxygenase:2; Hypothetical/accessory:2; Dehydrogenase/oxidoreductase:1; Hydrolase/decarboxylase/lyase:1
Exp3_MAG_20_panelcluster_5571	Exp3_MAG_20	multi_hit	MAGs/Exp3_MAG_20_c_000000000700	64	10636	10572	4	9	chcB1; est; nylA; yfdE	Cyclohexanecarboxylate; Oxalate; Plastics	Cyclohexanecarboxylate; Nylon; Oxalate; PBAT	Accessory/other:3; Dehydrogenase/oxidoreductase:2; Hypothetical/accessory:2; Hydrolase/decarboxylase/lyase:1; Thiolase/transferase:1
Exp3_MAG_201_panelcluster_5602	Exp3_MAG_201	multi_hit	MAGs/Exp3_MAG_201_c_000000000107	712	4665	3953	4	4	todF; xylG; xylI; xylJ	Aromatics; Catechol-meta	Catechol-meta; Toluene	Hydratase/dehydratase/isomerase:2; Dehydrogenase/oxidoreductase:1; Hydrolase/decarboxylase/lyase:1
Exp3_MAG_201_panelcluster_5645	Exp3_MAG_201	multi_hit	MAGs/Exp3_MAG_201_c_000000000510	667	3289	2622	4	4	paaA; paaB; paaC; paaD	Phenylacetate	Phenylacetate	Accessory/other:4
Exp3_MAG_212_panelcluster_5922	Exp3_MAG_212	multi_hit	MAGs/Exp3_MAG_212_c_000000000036	35	2566	2531	4	4	paaA; paaB; paaC; paaD	Phenylacetate	Phenylacetate	Accessory/other:4
Exp3_MAG_213_panelcluster_5955	Exp3_MAG_213	multi_hit	MAGs/Exp3_MAG_213_c_000000000036	22191	26911	4720	4	6	hpaC; pcaB; pcaC; pcaD	Aromatics; Catechol-ortho; Protocatechuate	4-Hydroxyphenylacetate; Protocatechuate	Hypothetical/accessory:3; Hydratase/dehydratase/isomerase:1; Hydrolase/decarboxylase/lyase:1; Dehydrogenase/oxidoreductase:1
Exp3_MAG_220_panelcluster_6197	Exp3_MAG_220	multi_hit	MAGs/Exp3_MAG_220_c_000000000030	136028	174759	38731	4	27	ahpF; atoB; est; paaY	Alkanes; Beta-oxidation; Phenylacetate; Plastics	Beta-oxidation; Finnerty pathway; PLA; Phenylacetate	Hypothetical/accessory:15; Accessory/other:7; Thiolase/transferase:2; Hydrolase/decarboxylase/lyase:1; Transport/efflux:1; Dehydrogenase/oxidoreductase:1
Exp3_MAG_221_panelcluster_6216	Exp3_MAG_221	multi_hit	MAGs/Exp3_MAG_221_c_000000000608	47	2273	2226	4	4	paaA; paaB; paaC; paaD	Phenylacetate	Phenylacetate	Accessory/other:3; Hypothetical/accessory:1
Exp3_MAG_224_panelcluster_6305	Exp3_MAG_224	multi_hit	MAGs/Exp3_MAG_224_c_000000000278	6479	14906	8427	4	7	ISF6_0224; nagF; pcaK; pnbA	Naphthalene; Plastics; Transportation	Naphthalene; PET; Transportation	Hypothetical/accessory:2; Hydrolase/decarboxylase/lyase:1; Electron transfer/redox:1; Accessory/other:1; Transport/efflux:1; Dehydrogenase/oxidoreductase:1
Exp3_MAG_23_panelcluster_6495	Exp3_MAG_23	multi_hit	MAGs/Exp3_MAG_23_c_000000000142	14815	19808	4993	4	4	abmA; hbd; paaF; paaH	Aromatics; Phenylacetate; Plastics	Anthranilate; P3HV/PHA/PHBV; Phenylacetate	Dehydrogenase/oxidoreductase:2; Accessory/other:1; Hydratase/dehydratase/isomerase:1
Exp3_MAG_231_panelcluster_6611	Exp3_MAG_231	multi_hit	MAGs/Exp3_MAG_231_c_000000000284	1494	14641	13147	4	12	ABO_1197; abmA; abmG2; paaG	Aromatics; Phenylacetate; Plastics	Anthranilate; PBSA/PCL/PLA; Phenylacetate	Hypothetical/accessory:3; Dehydrogenase/oxidoreductase:3; Accessory/other:2; Regulator:1; Oxygenase/dioxygenase:1; Hydratase/dehydratase/isomerase:1; CoA ligase/synthetase:1
Exp3_MAG_232_panelcluster_6704	Exp3_MAG_232	multi_hit	MAGs/Exp3_MAG_232_c_000000000183	8199	14056	5857	4	6	chnD; prmA; prmB; prmC	Alkanes	Subterminal oxidation; Terminal/biterminal oxidation	Oxygenase/dioxygenase:3; Hypothetical/accessory:2; Dehydrogenase/oxidoreductase:1
Exp3_MAG_232_panelcluster_6711	Exp3_MAG_232	multi_hit	MAGs/Exp3_MAG_232_c_000000000198	6592	21533	14941	4	14	alkJ_adh; almA; phaZ2; pobB	Alkanes; Plastics; Protocatechuate	Auxillary alkane pathway; PHA/PHB; Protocatechuate; Terminal/biterminal oxidation	Hypothetical/accessory:7; Oxygenase/dioxygenase:2; Hydratase/dehydratase/isomerase:1; Accessory/other:1; Hydrolase/decarboxylase/lyase:1; Dehydrogenase/oxidoreductase:1; Electron transfer/redox:1
Exp3_MAG_233_panelcluster_6823	Exp3_MAG_233	multi_hit	MAGs/Exp3_MAG_233_c_000000000514	2017	20347	18330	4	16	benA; benB; pnbA; xylC	Aromatics; Benzoate; Plastics	Benzene; PET; Toluene	Hypothetical/accessory:4; Dehydrogenase/oxidoreductase:3; Accessory/other:3; Oxygenase/dioxygenase:2; Hydratase/dehydratase/isomerase:2; Transport/efflux:1; Regulator:1
Exp3_MAG_234_panelcluster_6880	Exp3_MAG_234	multi_hit	MAGs/Exp3_MAG_234_c_000000000074	3972	19571	15599	4	15	Rru_A1969; galA; galC; galT	Gallate; Plastics	Gallate; PHA/PHB	Hypothetical/accessory:9; Oxygenase/dioxygenase:1; Transport/efflux:1; Hydrolase/decarboxylase/lyase:1; Hydratase/dehydratase/isomerase:1; Accessory/other:1; Regulator:1
Exp3_MAG_237_panelcluster_6973	Exp3_MAG_237	multi_hit	MAGs/Exp3_MAG_237_c_000000000015	175718	187259	11541	4	8	chnD; est; hmgL; uctC	Alkanes; Cyclohexylacetate; Oxalate; Plastics	Cyclohexylacetate; Oxalate; PLA; Terminal/biterminal oxidation	Hydrolase/decarboxylase/lyase:2; Carboxylase:2; Dehydrogenase/oxidoreductase:2; Thiolase/transferase:1; Accessory/other:1
Exp3_MAG_237_panelcluster_6986	Exp3_MAG_237	multi_hit	MAGs/Exp3_MAG_237_c_000000000037	44549	55816	11267	4	12	bphC; catR; galT; pcaC	Aromatics; Catechol-ortho; Gallate; Protocatechuate	Biphenyl; Catechol-ortho; Gallate; Protocatechuate	Hypothetical/accessory:6; Accessory/other:2; Regulator:2; Oxygenase/dioxygenase:1; Transport/efflux:1
Exp3_MAG_239_panelcluster_7104	Exp3_MAG_239	multi_hit	MAGs/Exp3_MAG_239_c_000000000231	802	18821	18019	4	14	acdB; alkN_mcp; catR	Alkanes; Beta-oxidation; Catechol-ortho	Beta-oxidation; Catechol-ortho; Hydrocarbon uptake	Hypothetical/accessory:6; Accessory/other:6; Regulator:1; Dehydrogenase/oxidoreductase:1
Exp3_MAG_239_panelcluster_7134	Exp3_MAG_239	multi_hit	MAGs/Exp3_MAG_239_c_000000000341	7316	13658	6342	4	5	acdA; fadK; hmgL; nagR	Beta-oxidation; Cyclohexylacetate; Naphthalene	Beta-oxidation; Cyclohexylacetate; Naphthalene	Dehydrogenase/oxidoreductase:1; CoA ligase/synthetase:1; Hydrolase/decarboxylase/lyase:1; Regulator:1; Accessory/other:1
Exp3_MAG_24_panelcluster_7166	Exp3_MAG_24	multi_hit	MAGs/Exp3_MAG_24_c_000000000031	10847	13748	2901	4	5	paaA; paaB; paaC; paaD	Phenylacetate	Phenylacetate	Accessory/other:5
Exp3_MAG_243_panelcluster_7342	Exp3_MAG_243	multi_hit	MAGs/Exp3_MAG_243_c_000000000019	5902	13032	7130	4	5	boxA; boxB; boxC; xylB	Aromatics	Benzene; Toluene	Oxygenase/dioxygenase:2; Dehydrogenase/oxidoreductase:1; Hypothetical/accessory:1; Hydrolase/decarboxylase/lyase:1
Exp3_MAG_243_panelcluster_7380	Exp3_MAG_243	multi_hit	MAGs/Exp3_MAG_243_c_000000000214	4	3622	3618	4	5	paaA; paaB; paaD; paaE	Phenylacetate	Phenylacetate	Accessory/other:5
Exp3_MAG_244_panelcluster_7487	Exp3_MAG_244	multi_hit	MAGs/Exp3_MAG_244_c_000000000237	104	3524	3420	4	4	catR; pcaF; pcaI; pcaJ	Catechol-ortho; Protocatechuate	Catechol-ortho; Catechol-ortho; Protocatechuate; Protocatechuate	Thiolase/transferase:3; Regulator:1
Exp3_MAG_245_panelcluster_7538	Exp3_MAG_245	multi_hit	MAGs/Exp3_MAG_245_c_000000000044	2263	15086	12823	4	12	chqB; galT; macA; nagF	Gallate; Hydroxyquinol; Naphthalene	Gallate; Hydroxyquinol; Naphthalene	Hypothetical/accessory:4; Transport/efflux:3; Dehydrogenase/oxidoreductase:2; Oxygenase/dioxygenase:2; Accessory/other:1
Exp3_MAG_245_panelcluster_7540	Exp3_MAG_245	multi_hit	MAGs/Exp3_MAG_245_c_000000000053	9327	12926	3599	4	4	chqB; pcaF; pcaG; pcaH	Catechol-ortho; Hydroxyquinol; Protocatechuate	Hydroxyquinol; Protocatechuate	Oxygenase/dioxygenase:3; Thiolase/transferase:1
Exp3_MAG_246_panelcluster_7703	Exp3_MAG_246	multi_hit	MAGs/Exp3_MAG_246_c_000000000096	490	8384	7894	4	6	dszC; ssuD	Alkanes; Aromatics	Auxillary alkane pathway; Dibenzofuran	Oxygenase/dioxygenase:3; Accessory/other:2; Regulator:1
Exp3_MAG_246_panelcluster_7712	Exp3_MAG_246	multi_hit	MAGs/Exp3_MAG_246_c_000000000293	2171	6117	3946	4	5	mlaE; mlaF	Transportation	Transportation	Transport/efflux:4; Hypothetical/accessory:1
Exp3_MAG_248_panelcluster_7749	Exp3_MAG_248	multi_hit	MAGs/Exp3_MAG_248_c_000000000006	64	8636	8572	4	9	echA1; pimC/aabA; uctC; xylB	Aromatics; Beta-oxidation; Cyclohexanecarboxylate; Oxalate	Beta-oxidation; Cyclohexanecarboxylate; Oxalate; Toluene	Dehydrogenase/oxidoreductase:3; Hypothetical/accessory:2; Hydratase/dehydratase/isomerase:2; Accessory/other:1; Thiolase/transferase:1
Exp3_MAG_248_panelcluster_7751	Exp3_MAG_248	multi_hit	MAGs/Exp3_MAG_248_c_000000000019	3615	10754	7139	4	6	CHMO; echA1; pimC/aabA; pimD	Alkanes; Beta-oxidation; Cyclohexanecarboxylate	Beta-oxidation; Cyclohexanecarboxylate; Terminal/biterminal oxidation	Dehydrogenase/oxidoreductase:2; Hydratase/dehydratase/isomerase:1; CoA ligase/synthetase:1; Regulator:1; Oxygenase/dioxygenase:1
Exp3_MAG_248_panelcluster_7771	Exp3_MAG_248	multi_hit	MAGs/Exp3_MAG_248_c_000000000086	7491	19914	12423	4	11	BVMO; crt; yfdE	Alkanes; Beta-oxidation; Oxalate	Beta-oxidation; Oxalate; Subterminal oxidation	Dehydrogenase/oxidoreductase:3; Accessory/other:2; Hypothetical/accessory:2; Hydratase/dehydratase/isomerase:1; Thiolase/transferase:1; Regulator:1; Oxygenase/dioxygenase:1
Exp3_MAG_248_panelcluster_7776	Exp3_MAG_248	multi_hit	MAGs/Exp3_MAG_248_c_000000000110	2053	18742	16689	4	14	chcB1; chcC1; fadK; paaG	Beta-oxidation; Cyclohexanecarboxylate; Phenylacetate	Beta-oxidation; Cyclohexanecarboxylate; Phenylacetate	Dehydrogenase/oxidoreductase:4; Hypothetical/accessory:4; Hydratase/dehydratase/isomerase:3; CoA ligase/synthetase:2; Accessory/other:1
Exp3_MAG_248_panelcluster_7780	Exp3_MAG_248	multi_hit	MAGs/Exp3_MAG_248_c_000000000134	6060	25823	19763	4	18	BVMO; paaG; pimC/aabA; pimD	Alkanes; Cyclohexanecarboxylate; Phenylacetate	Cyclohexanecarboxylate; Phenylacetate; Subterminal oxidation	Hypothetical/accessory:7; Accessory/other:4; Dehydrogenase/oxidoreductase:3; Oxygenase/dioxygenase:2; Hydratase/dehydratase/isomerase:1; Hydrolase/decarboxylase/lyase:1
Exp3_MAG_248_panelcluster_7786	Exp3_MAG_248	multi_hit	MAGs/Exp3_MAG_248_c_000000000147	23725	37984	14259	4	14	fadA; fadK; pimC/aabA	Beta-oxidation; Catechol-ortho; Cyclohexanecarboxylate	Beta-oxidation; Catechol-ortho; Cyclohexanecarboxylate	Dehydrogenase/oxidoreductase:6; Hydratase/dehydratase/isomerase:3; Thiolase/transferase:3; CoA ligase/synthetase:1; Hypothetical/accessory:1
Exp3_MAG_248_panelcluster_7795	Exp3_MAG_248	multi_hit	MAGs/Exp3_MAG_248_c_000000000224	9772	25624	15852	4	12	BVMO; chcB2; chcC1; fadJ	Alkanes; Beta-oxidation; Cyclohexanecarboxylate	Beta-oxidation; Cyclohexanecarboxylate; Subterminal oxidation	Dehydrogenase/oxidoreductase:4; Hypothetical/accessory:3; Accessory/other:2; Oxygenase/dioxygenase:2; Thiolase/transferase:1
Exp3_MAG_248_panelcluster_7796	Exp3_MAG_248	multi_hit	MAGs/Exp3_MAG_248_c_000000000225	4921	23655	18734	4	16	chcC2; pimC/aabA; sdgB	Aromatics; Cyclohexanecarboxylate	Cyclohexanecarboxylate; Salicylate	Hypothetical/accessory:7; Dehydrogenase/oxidoreductase:5; Hydratase/dehydratase/isomerase:1; CoA ligase/synthetase:1; Transport/efflux:1; Accessory/other:1
Exp3_MAG_248_panelcluster_7808	Exp3_MAG_248	multi_hit	MAGs/Exp3_MAG_248_c_000000000332	18917	29943	11026	4	8	crt; fadK; pimC/aabA; pimD	Beta-oxidation; Cyclohexanecarboxylate	Beta-oxidation; Cyclohexanecarboxylate	Dehydrogenase/oxidoreductase:2; CoA ligase/synthetase:2; Hydratase/dehydratase/isomerase:1; Hypothetical/accessory:1; Thiolase/transferase:1; Regulator:1
Exp3_MAG_252_panelcluster_7928	Exp3_MAG_252	multi_hit	MAGs/Exp3_MAG_252_c_000000000015	20206	35289	15083	4	16	pcaB; pcaD; pcaF; pcaK	Catechol-ortho; Protocatechuate; Transportation	Protocatechuate; Transportation	Hypothetical/accessory:8; Thiolase/transferase:3; Transport/efflux:1; Regulator:1; Accessory/other:1; Hydratase/dehydratase/isomerase:1; Hydrolase/decarboxylase/lyase:1
Exp3_MAG_252_panelcluster_7943	Exp3_MAG_252	multi_hit	MAGs/Exp3_MAG_252_c_000000000042	9000	31648	22648	4	21	badI; fadK; hmgL; phaY2	Beta-oxidation; Cyclohexylacetate; Plastics	Beta-oxidation; Cyclohexylacetate; PHA/PHB	Hypothetical/accessory:8; Transport/efflux:5; Hydratase/dehydratase/isomerase:3; Hydrolase/decarboxylase/lyase:2; Carboxylase:1; CoA ligase/synthetase:1; Regulator:1
Exp3_MAG_252_panelcluster_7968	Exp3_MAG_252	multi_hit	MAGs/Exp3_MAG_252_c_000000000106	4971	13696	8725	4	8	PGRcl; acdB; fadA; fadJ	Beta-oxidation; Pyrogallol	Beta-oxidation; Pyrogallol	Hypothetical/accessory:3; Dehydrogenase/oxidoreductase:2; Hydratase/dehydratase/isomerase:1; Accessory/other:1; Thiolase/transferase:1
Exp3_MAG_252_panelcluster_7969	Exp3_MAG_252	multi_hit	MAGs/Exp3_MAG_252_c_000000000107	18551	42265	23714	4	23	abmA; abmG2; fadB; hbd	Aromatics; Beta-oxidation; Plastics	Anthranilate; Beta-oxidation; P3HV/PHA/PHBV	Hypothetical/accessory:7; Accessory/other:6; Dehydrogenase/oxidoreductase:5; Hydratase/dehydratase/isomerase:2; Regulator:1; Carboxylase:1; CoA ligase/synthetase:1
Exp3_MAG_253_panelcluster_8009	Exp3_MAG_253	multi_hit	MAGs/Exp3_MAG_253_c_000000000005	19681	43788	24107	4	21	alkJ_adh; amnC; est; xecE1	Alkanes; Alkenes; Aromatics; Plastics	2-Aminophenol; Auxillary alkane pathway; PLA; Propene	Accessory/other:8; Dehydrogenase/oxidoreductase:5; Hypothetical/accessory:3; Regulator:2; Transport/efflux:2; Thiolase/transferase:1
Exp3_MAG_253_panelcluster_8015	Exp3_MAG_253	multi_hit	MAGs/Exp3_MAG_253_c_000000000006	70719	76688	5969	4	4	fadA; fadB; pimC/aabA; pimD	Beta-oxidation; Cyclohexanecarboxylate	Beta-oxidation; Cyclohexanecarboxylate	Dehydrogenase/oxidoreductase:2; Thiolase/transferase:1; Hydratase/dehydratase/isomerase:1
Exp3_MAG_253_panelcluster_8039	Exp3_MAG_253	multi_hit	MAGs/Exp3_MAG_253_c_000000000025	24035	36783	12748	4	14	abmA; chcB1; chcB2; hpaC	Aromatics; Cyclohexanecarboxylate	4-Hydroxyphenylacetate; Anthranilate; Cyclohexanecarboxylate	Dehydrogenase/oxidoreductase:6; Hypothetical/accessory:4; Hydrolase/decarboxylase/lyase:2; Oxygenase/dioxygenase:2
Exp3_MAG_253_panelcluster_8046	Exp3_MAG_253	multi_hit	MAGs/Exp3_MAG_253_c_000000000029	49986	57365	7379	4	6	GI:23664434; acdA; atoB; xylG	Aromatics; Beta-oxidation; Catechol-meta	Benzene; Beta-oxidation; Catechol-meta	Dehydrogenase/oxidoreductase:3; Thiolase/transferase:1; Accessory/other:1; Hypothetical/accessory:1
Exp3_MAG_254_panelcluster_8071	Exp3_MAG_254	multi_hit	MAGs/Exp3_MAG_254_c_000000000004	70841	95514	24673	4	21	ISF6_0224; paaI; paaK; paaZ	Phenylacetate; Plastics	PET; Phenylacetate	Hypothetical/accessory:12; Hydrolase/decarboxylase/lyase:3; Accessory/other:3; CoA ligase/synthetase:1; Dehydrogenase/oxidoreductase:1; Regulator:1
Exp3_MAG_254_panelcluster_8119	Exp3_MAG_254	multi_hit	MAGs/Exp3_MAG_254_c_000000000102	29542	36567	7025	4	5	boxA; boxB; boxC; xylB	Aromatics	Benzene; Toluene	Oxygenase/dioxygenase:2; Hydrolase/decarboxylase/lyase:1; Transport/efflux:1; Dehydrogenase/oxidoreductase:1
Exp3_MAG_255_panelcluster_8205	Exp3_MAG_255	multi_hit	MAGs/Exp3_MAG_255_c_000000000122	9716	16796	7080	4	6	abmA; abmG2; badH; paaG	Aromatics; Beta-oxidation; Phenylacetate	Anthranilate; Beta-oxidation; Phenylacetate	Dehydrogenase/oxidoreductase:3; CoA ligase/synthetase:1; Hydratase/dehydratase/isomerase:1; Hypothetical/accessory:1
Exp3_MAG_256_panelcluster_8273	Exp3_MAG_256	multi_hit	MAGs/Exp3_MAG_256_c_000000000133	9446	13635	4189	4	4	pcaB; pcaC; pcaG; pcaH	Protocatechuate	Protocatechuate	Oxygenase/dioxygenase:2; Hydratase/dehydratase/isomerase:1; Hydrolase/decarboxylase/lyase:1
Exp3_MAG_256_panelcluster_8324	Exp3_MAG_256	multi_hit	MAGs/Exp3_MAG_256_c_000000000400	10576	13974	3398	4	4	paaG; paaI; paaK; paaY	Phenylacetate	Phenylacetate	Accessory/other:1; Hydratase/dehydratase/isomerase:1; Hydrolase/decarboxylase/lyase:1; CoA ligase/synthetase:1
Exp3_MAG_257_panelcluster_8356	Exp3_MAG_257	multi_hit	MAGs/Exp3_MAG_257_c_000000000028	72808	93259	20451	4	21	badH; badK; chcAb; fadJ	Beta-oxidation; Cyclohexanecarboxylate	Beta-oxidation; Cyclohexanecarboxylate	Accessory/other:9; Hypothetical/accessory:5; Dehydrogenase/oxidoreductase:2; Thiolase/transferase:1; Hydrolase/decarboxylase/lyase:1; Electron transfer/redox:1; Transport/efflux:1; Hydratase/dehydratase/isomerase:1
Exp3_MAG_257_panelcluster_8359	Exp3_MAG_257	multi_hit	MAGs/Exp3_MAG_257_c_000000000032	1169	16097	14928	4	13	alkJ_adh; chnE; nylB; pcaK	Alkanes; Plastics; Transportation	Auxillary alkane pathway; Nylon; Terminal/biterminal oxidation; Transportation	Hypothetical/accessory:6; Accessory/other:3; Dehydrogenase/oxidoreductase:2; Transport/efflux:1; Oxygenase/dioxygenase:1
Exp3_MAG_257_panelcluster_8374	Exp3_MAG_257	multi_hit	MAGs/Exp3_MAG_257_c_000000000060	8691	21957	13266	4	14	alkJ_adh; chcB2; est; pcaC	Alkanes; Cyclohexanecarboxylate; Plastics; Protocatechuate	Auxillary alkane pathway; Cyclohexanecarboxylate; PLA; Protocatechuate	Hypothetical/accessory:7; Dehydrogenase/oxidoreductase:4; Accessory/other:2; Hydratase/dehydratase/isomerase:1
Exp3_MAG_259_panelcluster_8464	Exp3_MAG_259	multi_hit	MAGs/Exp3_MAG_259_c_000000000241	16340	29733	13393	4	14	galA; galC; pobA; pobB	Aromatics; Gallate; Protocatechuate	Gallate; Protocatechuate; Toluene	Oxygenase/dioxygenase:4; Dehydrogenase/oxidoreductase:3; Thiolase/transferase:2; Hydrolase/decarboxylase/lyase:2; Electron transfer/redox:1; Regulator:1; Hypothetical/accessory:1
Exp3_MAG_261_panelcluster_8540	Exp3_MAG_261	multi_hit	MAGs/Exp3_MAG_261_c_000000000008	18	6646	6628	4	6	PGRcl; acdB; fadA; fadJ	Beta-oxidation; Pyrogallol	Beta-oxidation; Pyrogallol	Hypothetical/accessory:2; Dehydrogenase/oxidoreductase:2; Hydratase/dehydratase/isomerase:1; Thiolase/transferase:1
Exp3_MAG_261_panelcluster_8563	Exp3_MAG_261	multi_hit	MAGs/Exp3_MAG_261_c_000000000065	17276	38937	21661	4	19	alkJ_adh; amdA; echA1; mlaF	Alkanes; Beta-oxidation; Plastics; Transportation	Auxillary alkane pathway; Beta-oxidation; PU; Transportation	Accessory/other:10; Hypothetical/accessory:4; Dehydrogenase/oxidoreductase:2; Hydratase/dehydratase/isomerase:1; Regulator:1; Transport/efflux:1
Exp3_MAG_262_panelcluster_8605	Exp3_MAG_262	multi_hit	MAGs/Exp3_MAG_262_c_000000000007	72505	76542	4037	4	4	pcaB; pcaG; pcaH; pcaL	Catechol-ortho; Protocatechuate	Catechol-ortho; Protocatechuate	Oxygenase/dioxygenase:2; Hydratase/dehydratase/isomerase:1; Hydrolase/decarboxylase/lyase:1
Exp3_MAG_262_panelcluster_8620	Exp3_MAG_262	multi_hit	MAGs/Exp3_MAG_262_c_000000000016	27131	43125	15994	4	16	fadJ; galC; rdx; sdgA	Alkanes; Aromatics; Beta-oxidation; Gallate	Beta-oxidation; Gallate; Salicylate; Terminal/biterminal oxidation	Hypothetical/accessory:8; Accessory/other:5; Hydrolase/decarboxylase/lyase:2; Electron transfer/redox:1
Exp3_MAG_262_panelcluster_8630	Exp3_MAG_262	multi_hit	MAGs/Exp3_MAG_262_c_000000000022	22464	38521	16057	4	15	alkJ_adh; chcC2; nbaA; yfdE	Alkanes; Aromatics; Cyclohexanecarboxylate; Oxalate	2-Nitrobenzoate; Auxillary alkane pathway; Cyclohexanecarboxylate; Oxalate	Hypothetical/accessory:8; Dehydrogenase/oxidoreductase:2; Hydrolase/decarboxylase/lyase:2; Regulator:1; Accessory/other:1; Thiolase/transferase:1
Exp3_MAG_262_panelcluster_8639	Exp3_MAG_262	multi_hit	MAGs/Exp3_MAG_262_c_000000000027	140047	150678	10631	4	12	acdA; atoB; badH	Beta-oxidation	Beta-oxidation	Hypothetical/accessory:7; Dehydrogenase/oxidoreductase:3; Thiolase/transferase:1; Accessory/other:1
Exp3_MAG_262_panelcluster_8651	Exp3_MAG_262	multi_hit	MAGs/Exp3_MAG_262_c_000000000031	16371	30889	14518	4	15	aabC; aabD; catR; paaG	Catechol-ortho; Cyclohexanecarboxylate; Phenylacetate	Catechol-ortho; Cyclohexanecarboxylate; Phenylacetate	Hypothetical/accessory:4; Dehydrogenase/oxidoreductase:3; Thiolase/transferase:2; Hydratase/dehydratase/isomerase:2; Regulator:2; Accessory/other:2
Exp3_MAG_262_panelcluster_8677	Exp3_MAG_262	multi_hit	MAGs/Exp3_MAG_262_c_000000000049	454	19732	19278	4	17	acdB; crt; galT	Beta-oxidation; Gallate	Beta-oxidation; Gallate	Hypothetical/accessory:5; Accessory/other:4; Dehydrogenase/oxidoreductase:2; Hydratase/dehydratase/isomerase:2; Electron transfer/redox:2; Transport/efflux:1; Regulator:1
Exp3_MAG_262_panelcluster_8686	Exp3_MAG_262	multi_hit	MAGs/Exp3_MAG_262_c_000000000053	34891	51616	16725	4	18	pcaD; pht3; tphB; xecE1	Alkenes; Aromatics; Catechol-ortho; Protocatechuate	Phthalate; Propene; Protocatechuate; Terephthalate	Hypothetical/accessory:9; Hydrolase/decarboxylase/lyase:2; Oxygenase/dioxygenase:2; Dehydrogenase/oxidoreductase:2; Accessory/other:2; Regulator:1
Exp3_MAG_264_panelcluster_8865	Exp3_MAG_264	multi_hit	MAGs/Exp3_MAG_264_c_000000000287	1923	14056	12133	4	10	PGRcl; acdB; aliB; paaF	Beta-oxidation; Phenylacetate; Pyrogallol	Beta-oxidation; Phenylacetate; Pyrogallol	Dehydrogenase/oxidoreductase:3; Hypothetical/accessory:2; Thiolase/transferase:2; Accessory/other:1; CoA ligase/synthetase:1; Hydratase/dehydratase/isomerase:1
Exp3_MAG_266_panelcluster_8946	Exp3_MAG_266	multi_hit	MAGs/Exp3_MAG_266_c_000000000095	3805	6956	3151	4	5	chqB; pcaF; pcaG; pcaH	Catechol-ortho; Hydroxyquinol; Protocatechuate	Hydroxyquinol; Protocatechuate	Oxygenase/dioxygenase:3; Hypothetical/accessory:1; Thiolase/transferase:1
Exp3_MAG_266_panelcluster_8970	Exp3_MAG_266	multi_hit	MAGs/Exp3_MAG_266_c_000000000281	209	3218	3009	4	4	paaA; paaB; paaC; paaX	Phenylacetate	Phenylacetate	Accessory/other:3; Regulator:1
Exp3_MAG_267_panelcluster_9096	Exp3_MAG_267	multi_hit	MAGs/Exp3_MAG_267_c_000000000462	12847	37599	24752	4	24	AAE3; CYP450; hbd; pimC/aabA	Alkanes; Cyclohexanecarboxylate; Oxalate; Plastics	Cyclohexanecarboxylate; Oxalate; P3HV/PHA/PHBV; Terminal/biterminal oxidation	Hypothetical/accessory:10; Dehydrogenase/oxidoreductase:5; Accessory/other:3; Hydratase/dehydratase/isomerase:2; Regulator:1; Transport/efflux:1; Oxygenase/dioxygenase:1; CoA ligase/synthetase:1
Exp3_MAG_269_panelcluster_9231	Exp3_MAG_269	multi_hit	MAGs/Exp3_MAG_269_c_000000000544	6644	12148	5504	4	5	galA; galC; galD; galR	Gallate	Gallate	Oxygenase/dioxygenase:1; Hydrolase/decarboxylase/lyase:1; Hydratase/dehydratase/isomerase:1; Accessory/other:1; Regulator:1
Exp3_MAG_27_panelcluster_9243	Exp3_MAG_27	multi_hit	MAGs/Exp3_MAG_27_c_000000000014	34457	48149	13692	4	11	pqiA; pqiB; pqiC; ssuD	Alkanes; Transportation	Auxillary alkane pathway; Transportation	Accessory/other:4; Transport/efflux:4; Dehydrogenase/oxidoreductase:2; Oxygenase/dioxygenase:1
Exp3_MAG_27_panelcluster_9275	Exp3_MAG_27	multi_hit	MAGs/Exp3_MAG_27_c_000000000087	1428	5399	3971	4	4	galB; galC; galD; galR	Gallate	Gallate	Accessory/other:1; Hydrolase/decarboxylase/lyase:1; Hydratase/dehydratase/isomerase:1; Regulator:1
Exp3_MAG_27_panelcluster_9293	Exp3_MAG_27	multi_hit	MAGs/Exp3_MAG_27_c_000000000168	4631	34308	29677	4	22	chnD; hbd; yebS; yebT	Alkanes; Plastics; Transportation	P3HV/PHA/PHBV; Terminal/biterminal oxidation; Transportation	Accessory/other:7; Hypothetical/accessory:7; Dehydrogenase/oxidoreductase:3; Transport/efflux:3; Regulator:1; Hydrolase/decarboxylase/lyase:1
Exp3_MAG_270_panelcluster_9324	Exp3_MAG_270	multi_hit	MAGs/Exp3_MAG_270_c_000000000413	61	2485	2424	4	4	pcaC; pcaD; pcaG; pcaH	Catechol-ortho; Protocatechuate	Protocatechuate	Oxygenase/dioxygenase:2; Hydrolase/decarboxylase/lyase:1; Hypothetical/accessory:1
Exp3_MAG_277_panelcluster_9845	Exp3_MAG_277	multi_hit	MAGs/Exp3_MAG_277_c_000000000038	14965	20346	5381	4	5	dszC; ssuD	Alkanes; Aromatics	Auxillary alkane pathway; Dibenzofuran	Oxygenase/dioxygenase:3; Dehydrogenase/oxidoreductase:1; Accessory/other:1
Exp3_MAG_278_panelcluster_9868	Exp3_MAG_278	multi_hit	MAGs/Exp3_MAG_278_c_000000000031	4423	10772	6349	4	5	CYP450; pimC/aabA; uctC	Alkanes; Cyclohexanecarboxylate; Oxalate	Cyclohexanecarboxylate; Oxalate; Terminal/biterminal oxidation	Oxygenase/dioxygenase:2; Regulator:1; Dehydrogenase/oxidoreductase:1; Thiolase/transferase:1
Exp3_MAG_278_panelcluster_9897	Exp3_MAG_278	multi_hit	MAGs/Exp3_MAG_278_c_000000000091	33154	53732	20578	4	18	abmA; fadK; paaG; uctC	Aromatics; Beta-oxidation; Oxalate; Phenylacetate	Anthranilate; Beta-oxidation; Oxalate; Phenylacetate	Dehydrogenase/oxidoreductase:6; Oxygenase/dioxygenase:3; Transport/efflux:3; Hydratase/dehydratase/isomerase:2; Thiolase/transferase:1; Accessory/other:1; CoA ligase/synthetase:1; Hydrolase/decarboxylase/lyase:1
Exp3_MAG_278_panelcluster_9918	Exp3_MAG_278	multi_hit	MAGs/Exp3_MAG_278_c_000000000134	919	16746	15827	4	14	est; hpcH; pcaB	Aromatics; Plastics; Protocatechuate	Homoprotocatechuate; PLA; Protocatechuate	Accessory/other:6; Hydrolase/decarboxylase/lyase:4; Hypothetical/accessory:3; CoA ligase/synthetase:1
Exp3_MAG_278_panelcluster_9919	Exp3_MAG_278	multi_hit	MAGs/Exp3_MAG_278_c_000000000134	39927	51696	11769	4	14	chnD; pcaB; pcaC; pcaD	Alkanes; Catechol-ortho; Protocatechuate	Protocatechuate; Terminal/biterminal oxidation	Hypothetical/accessory:7; Dehydrogenase/oxidoreductase:4; Hydrolase/decarboxylase/lyase:1; Hydratase/dehydratase/isomerase:1; Accessory/other:1
Exp3_MAG_278_panelcluster_9964	Exp3_MAG_278	multi_hit	MAGs/Exp3_MAG_278_c_000000000245	3963	24071	20108	4	16	NFA_28320; hpaC; pimC/aabA; pimD	Aromatics; Cyclohexanecarboxylate; Plastics	4-Hydroxyphenylacetate; Cyclohexanecarboxylate; Nylon	Dehydrogenase/oxidoreductase:5; Hypothetical/accessory:5; Hydrolase/decarboxylase/lyase:3; Accessory/other:2; Oxygenase/dioxygenase:1
Exp3_MAG_278_panelcluster_9981	Exp3_MAG_278	multi_hit	MAGs/Exp3_MAG_278_c_000000000287	125	3764	3639	4	4	chqB; pcaF; pcaG; pcaH	Catechol-ortho; Hydroxyquinol; Protocatechuate	Hydroxyquinol; Protocatechuate	Oxygenase/dioxygenase:3; Thiolase/transferase:1
Exp3_MAG_278_panelcluster_10001	Exp3_MAG_278	multi_hit	MAGs/Exp3_MAG_278_c_000000000354	3111	16627	13516	4	12	GI:23664434; atdA1; boxC; pht3	Aromatics	Aniline; Benzene; Phthalate	Accessory/other:4; Hypothetical/accessory:4; Hydrolase/decarboxylase/lyase:2; Oxygenase/dioxygenase:1; CoA ligase/synthetase:1
Exp3_MAG_281_panelcluster_10191	Exp3_MAG_281	multi_hit	MAGs/Exp3_MAG_281_c_000000000151	215	6082	5867	4	6	atoA; pcaI; pcaK; pobA	Aromatics; Catechol-ortho; Cyclohexylacetate; Transportation	Catechol-ortho; Cyclohexylacetate; Toluene; Transportation	Thiolase/transferase:2; Oxygenase/dioxygenase:2; Regulator:1; Transport/efflux:1
Exp3_MAG_284_panelcluster_10275	Exp3_MAG_284	multi_hit	MAGs/Exp3_MAG_284_c_000000000457	446	3402	2956	4	4	atoA; pcaH; pcaI; pobA	Aromatics; Catechol-ortho; Cyclohexylacetate; Protocatechuate	Catechol-ortho; Cyclohexylacetate; Protocatechuate; Toluene	Oxygenase/dioxygenase:2; Thiolase/transferase:2
Exp3_MAG_286_panelcluster_10338	Exp3_MAG_286	multi_hit	MAGs/Exp3_MAG_286_c_000000000050	9224	26244	17020	4	15	acsA; mhbH; mhbl; yfdE	Beta-oxidation; Gentisate; Oxalate	Beta-oxidation; Gentisate; Oxalate	Accessory/other:6; Hypothetical/accessory:5; Dehydrogenase/oxidoreductase:2; Hydratase/dehydratase/isomerase:1; Thiolase/transferase:1
Exp3_MAG_32_panelcluster_10745	Exp3_MAG_32	multi_hit	MAGs/Exp3_MAG_32_c_000000000015	6444	18971	12527	4	10	acdB; fadA; fadE; paaG	Beta-oxidation; Phenylacetate	Beta-oxidation; Phenylacetate	Dehydrogenase/oxidoreductase:4; Hypothetical/accessory:2; Thiolase/transferase:1; Accessory/other:1; Hydrolase/decarboxylase/lyase:1; Hydratase/dehydratase/isomerase:1
Exp3_MAG_32_panelcluster_10763	Exp3_MAG_32	multi_hit	MAGs/Exp3_MAG_32_c_000000000040	64210	71578	7368	4	5	GI:23664434; boxA; boxB; boxC	Aromatics	Benzene	Oxygenase/dioxygenase:2; Hydrolase/decarboxylase/lyase:1; Accessory/other:1; CoA ligase/synthetase:1
Exp3_MAG_32_panelcluster_10764	Exp3_MAG_32	multi_hit	MAGs/Exp3_MAG_32_c_000000000040	105909	121580	15671	4	15	badK; est; paaG; uctC	Cyclohexanecarboxylate; Oxalate; Phenylacetate; Plastics	Cyclohexanecarboxylate; Oxalate; PET; Phenylacetate	Hypothetical/accessory:8; Hydratase/dehydratase/isomerase:3; Accessory/other:3; Thiolase/transferase:1
Exp3_MAG_32_panelcluster_10766	Exp3_MAG_32	multi_hit	MAGs/Exp3_MAG_32_c_000000000043	633	3933	3300	4	4	paaG; paaI; paaK; paaY	Phenylacetate	Phenylacetate	CoA ligase/synthetase:1; Hydrolase/decarboxylase/lyase:1; Hydratase/dehydratase/isomerase:1; Accessory/other:1
Exp3_MAG_32_panelcluster_10794	Exp3_MAG_32	multi_hit	MAGs/Exp3_MAG_32_c_000000000099	20158	39510	19352	4	16	NFA_28320; alkH_ald; est; todD	Alkanes; Aromatics; Plastics	Auxillary alkane pathway; Nylon; PBAT; Toluene	Hypothetical/accessory:7; Dehydrogenase/oxidoreductase:3; Hydrolase/decarboxylase/lyase:2; Transport/efflux:2; Regulator:1; Accessory/other:1
Exp3_MAG_39_panelcluster_11053	Exp3_MAG_39	multi_hit	MAGs/Exp3_MAG_39_c_000000000359	179	3730	3551	4	4	catR; pcaF; pcaI; pcaJ	Catechol-ortho; Protocatechuate	Catechol-ortho; Catechol-ortho; Protocatechuate; Protocatechuate	Thiolase/transferase:3; Regulator:1
Exp3_MAG_39_panelcluster_11093	Exp3_MAG_39	multi_hit	MAGs/Exp3_MAG_39_c_000000000711	209	7852	7643	4	5	GI:23664434; boxB; boxC; paaZ	Aromatics; Phenylacetate	Benzene; Phenylacetate	Hydrolase/decarboxylase/lyase:2; CoA ligase/synthetase:1; Regulator:1; Oxygenase/dioxygenase:1
Exp3_MAG_40_panelcluster_11128	Exp3_MAG_40	multi_hit	MAGs/Exp3_MAG_40_c_000000000018	18487	33569	15082	4	10	fadA; fadE; fadI; fadJ	Beta-oxidation; Catechol-ortho	Beta-oxidation; Catechol-ortho	Dehydrogenase/oxidoreductase:2; Thiolase/transferase:2; Accessory/other:2; Hypothetical/accessory:1; Hydrolase/decarboxylase/lyase:1; Regulator:1; CoA ligase/synthetase:1
Exp3_MAG_43_panelcluster_11260	Exp3_MAG_43	multi_hit	MAGs/Exp3_MAG_43_c_000000000233	143	3775	3632	4	4	bphJ; mhpE; xylI; xylJ	Aromatics; Catechol-meta	Biphenyl; Catechol-meta	Hydratase/dehydratase/isomerase:2; Dehydrogenase/oxidoreductase:1; Hydrolase/decarboxylase/lyase:1
Exp3_MAG_5_panelcluster_11696	Exp3_MAG_5	multi_hit	MAGs/Exp3_MAG_5_c_000000000153	784	3322	2538	4	4	paaA; paaB; paaC; paaD	Phenylacetate	Phenylacetate	Accessory/other:4
Exp3_MAG_56_panelcluster_11983	Exp3_MAG_56	multi_hit	MAGs/Exp3_MAG_56_c_000000000036	15157	24226	9069	4	10	pcaF; pcaI; pcaJ; pht2	Aromatics; Catechol-ortho; Protocatechuate	Catechol-ortho; Phthalate; Protocatechuate	Thiolase/transferase:3; Transport/efflux:2; Oxygenase/dioxygenase:1; Electron transfer/redox:1; Regulator:1; Accessory/other:1; Hypothetical/accessory:1
Exp3_MAG_56_panelcluster_12003	Exp3_MAG_56	multi_hit	MAGs/Exp3_MAG_56_c_000000000077	16615	22635	6020	4	6	antA; hpaC; nagR; pobB	Aromatics; Naphthalene; Protocatechuate	4-Hydroxyphenylacetate; Anthranilate; Naphthalene; Protocatechuate	Accessory/other:2; Oxygenase/dioxygenase:2; Hypothetical/accessory:1; Dehydrogenase/oxidoreductase:1
Exp3_MAG_56_panelcluster_12013	Exp3_MAG_56	multi_hit	MAGs/Exp3_MAG_56_c_000000000090	70445	86765	16320	4	11	acdB; atoB; fadA; paaG	Beta-oxidation; Phenylacetate	Beta-oxidation; Phenylacetate	Hypothetical/accessory:4; Accessory/other:3; Dehydrogenase/oxidoreductase:2; Hydratase/dehydratase/isomerase:1; Thiolase/transferase:1
Exp3_MAG_57_panelcluster_12052	Exp3_MAG_57	multi_hit	MAGs/Exp3_MAG_57_c_000000000245	9210	19860	10650	4	9	NFA_28320; crt; hmgL; yfdE	Beta-oxidation; Cyclohexylacetate; Oxalate; Plastics	Beta-oxidation; Cyclohexylacetate; Nylon; Oxalate	Accessory/other:2; Hypothetical/accessory:2; Dehydrogenase/oxidoreductase:1; Hydrolase/decarboxylase/lyase:1; Regulator:1; Thiolase/transferase:1; Hydratase/dehydratase/isomerase:1
Exp3_MAG_57_panelcluster_12115	Exp3_MAG_57	multi_hit	MAGs/Exp3_MAG_57_c_000000000969	2647	9542	6895	4	6	frc; oxc; oxlT	Oxalate	Oxalate	Accessory/other:2; Thiolase/transferase:2; Hypothetical/accessory:1; Carboxylase:1
Exp3_MAG_59_panelcluster_12185	Exp3_MAG_59	multi_hit	MAGs/Exp3_MAG_59_c_000000000157	2439	8938	6499	4	7	atoB; cmtB; mhbH; mhbl	Aromatics; Beta-oxidation; Gentisate	Beta-oxidation; Gentisate; p-Cumate	Accessory/other:4; Dehydrogenase/oxidoreductase:1; Hypothetical/accessory:1; Hydratase/dehydratase/isomerase:1
Exp3_MAG_64_panelcluster_12324	Exp3_MAG_64	multi_hit	MAGs/Exp3_MAG_64_c_000000000014	262	11755	11493	4	11	PGRcl; acdB; fadA; nagF	Beta-oxidation; Naphthalene; Pyrogallol	Beta-oxidation; Naphthalene; Pyrogallol	Dehydrogenase/oxidoreductase:4; Hypothetical/accessory:4; Accessory/other:2; Thiolase/transferase:1
Exp3_MAG_64_panelcluster_12326	Exp3_MAG_64	multi_hit	MAGs/Exp3_MAG_64_c_000000000014	60017	64926	4909	4	7	PGRcl; pcaC; pcaI; pcaJ	Catechol-ortho; Protocatechuate; Pyrogallol	Catechol-ortho; Protocatechuate; Pyrogallol	Hypothetical/accessory:4; Thiolase/transferase:2; Dehydrogenase/oxidoreductase:1
Exp3_MAG_64_panelcluster_12333	Exp3_MAG_64	multi_hit	MAGs/Exp3_MAG_64_c_000000000033	12892	31930	19038	4	16	alkN_mcp; galA; galT; pobA	Alkanes; Aromatics; Gallate	Gallate; Hydrocarbon uptake; Toluene	Accessory/other:7; Hypothetical/accessory:4; Regulator:2; Oxygenase/dioxygenase:2; Transport/efflux:1
Exp3_MAG_64_panelcluster_12339	Exp3_MAG_64	multi_hit	MAGs/Exp3_MAG_64_c_000000000041	1239	22110	20871	4	18	acdA; atoB; fadK	Beta-oxidation	Beta-oxidation	Hypothetical/accessory:10; Dehydrogenase/oxidoreductase:3; Accessory/other:2; Thiolase/transferase:1; Regulator:1; CoA ligase/synthetase:1
Exp3_MAG_64_panelcluster_12344	Exp3_MAG_64	multi_hit	MAGs/Exp3_MAG_64_c_000000000046	13148	20462	7314	4	8	atoB; cmtB; mhbH; mhbl	Aromatics; Beta-oxidation; Gentisate	Beta-oxidation; Gentisate; p-Cumate	Accessory/other:3; Hydrolase/decarboxylase/lyase:1; Regulator:1; Hydratase/dehydratase/isomerase:1; Hypothetical/accessory:1; Dehydrogenase/oxidoreductase:1
Exp3_MAG_68_panelcluster_12507	Exp3_MAG_68	multi_hit	MAGs/Exp3_MAG_68_c_000000000316	1440	6008	4568	4	4	nagF; nagG; nagH; xylB	Aromatics; Naphthalene	Naphthalene; Toluene	Oxygenase/dioxygenase:2; Dehydrogenase/oxidoreductase:2
Exp3_MAG_68_panelcluster_12508	Exp3_MAG_68	multi_hit	MAGs/Exp3_MAG_68_c_000000000351	462	8143	7681	4	7	pegC; prmB; todF; xylM	Alkanes; Aromatics; Plastics	PEG; Subterminal oxidation; Toluene	Hypothetical/accessory:2; Hydrolase/decarboxylase/lyase:1; CoA ligase/synthetase:1; Regulator:1; Dehydrogenase/oxidoreductase:1; Oxygenase/dioxygenase:1
Exp3_MAG_68_panelcluster_12524	Exp3_MAG_68	multi_hit	MAGs/Exp3_MAG_68_c_000000000445	157	12885	12728	4	14	mhbD; mhbH; mhbl; pcaK	Gentisate; Transportation	Gentisate; Transportation	Hypothetical/accessory:5; Transport/efflux:2; Hydratase/dehydratase/isomerase:2; Dehydrogenase/oxidoreductase:1; Regulator:1; Thiolase/transferase:1; Oxygenase/dioxygenase:1; Hydrolase/decarboxylase/lyase:1
Exp3_MAG_71_panelcluster_12616	Exp3_MAG_71	multi_hit	MAGs/Exp3_MAG_71_c_000000000003	679676	682161	2485	4	4	paaA; paaB; paaC; paaD	Phenylacetate	Phenylacetate	Accessory/other:4
Exp3_MAG_74_panelcluster_12722	Exp3_MAG_74	multi_hit	MAGs/Exp3_MAG_74_c_000000000035	43394	57670	14276	4	14	alkJ_adh; hpcH; pht5; xecE1	Alkanes; Alkenes; Aromatics	Auxillary alkane pathway; Homoprotocatechuate; Phthalate; Propene	Hypothetical/accessory:6; Accessory/other:2; Dehydrogenase/oxidoreductase:2; Regulator:2; Hydrolase/decarboxylase/lyase:1; Transport/efflux:1
Exp3_MAG_74_panelcluster_12731	Exp3_MAG_74	multi_hit	MAGs/Exp3_MAG_74_c_000000000050	5366	15598	10232	4	9	pcaF; pcaG; pcaH; pht2	Aromatics; Catechol-ortho; Protocatechuate	Phthalate; Protocatechuate	Oxygenase/dioxygenase:3; Hypothetical/accessory:2; Accessory/other:2; Thiolase/transferase:1; Regulator:1
Exp3_MAG_75_panelcluster_12769	Exp3_MAG_75	multi_hit	MAGs/Exp3_MAG_75_c_000000000004	155845	175281	19436	4	17	atoA; paaG; paaY; pcaI	Catechol-ortho; Cyclohexylacetate; Phenylacetate	Catechol-ortho; Cyclohexylacetate; Phenylacetate	Accessory/other:7; Hypothetical/accessory:5; Thiolase/transferase:2; Hydratase/dehydratase/isomerase:1; Carboxylase:1; Hydrolase/decarboxylase/lyase:1
Exp3_MAG_75_panelcluster_12788	Exp3_MAG_75	multi_hit	MAGs/Exp3_MAG_75_c_000000000034	35512	55063	19551	4	17	cmtB; paaI; paaK	Aromatics; Phenylacetate	Phenylacetate; p-Cumate	Accessory/other:6; Hypothetical/accessory:6; CoA ligase/synthetase:2; Dehydrogenase/oxidoreductase:1; Regulator:1; Hydrolase/decarboxylase/lyase:1
Exp3_MAG_79_panelcluster_12892	Exp3_MAG_79	multi_hit	MAGs/Exp3_MAG_79_c_000000000151	633	8379	7746	4	8	acdA; paaH; pcaF	Beta-oxidation; Catechol-ortho; Phenylacetate; Protocatechuate	Beta-oxidation; Phenylacetate; Protocatechuate	Dehydrogenase/oxidoreductase:4; Thiolase/transferase:2; Hypothetical/accessory:1; Electron transfer/redox:1
Exp3_MAG_79_panelcluster_12926	Exp3_MAG_79	multi_hit	MAGs/Exp3_MAG_79_c_000000000299	2214	16662	14448	4	12	aabC; aabD; atoB; badH	Beta-oxidation; Cyclohexanecarboxylate	Beta-oxidation; Cyclohexanecarboxylate	Accessory/other:3; Dehydrogenase/oxidoreductase:2; Hypothetical/accessory:2; Transport/efflux:2; Regulator:1; CoA ligase/synthetase:1; Thiolase/transferase:1
Exp3_MAG_8_panelcluster_12971	Exp3_MAG_8	multi_hit	MAGs/Exp3_MAG_8_c_000000000010	797	4549	3752	4	4	bphD; mhpD; mhpF; xylK	Aromatics; Catechol-meta	Biphenyl; Catechol-meta	Hydrolase/decarboxylase/lyase:2; Hydratase/dehydratase/isomerase:1; Dehydrogenase/oxidoreductase:1
Exp3_MAG_8_panelcluster_13006	Exp3_MAG_8	multi_hit	MAGs/Exp3_MAG_8_c_000000000153	34773	42695	7922	4	7	abmA; abmG1; paaG; xecE1	Alkenes; Aromatics; Phenylacetate	Anthranilate; Phenylacetate; Propene	Dehydrogenase/oxidoreductase:3; Hypothetical/accessory:2; Hydratase/dehydratase/isomerase:1; CoA ligase/synthetase:1
Exp3_MAG_8_panelcluster_13033	Exp3_MAG_8	multi_hit	MAGs/Exp3_MAG_8_c_000000000278	14559	33353	18794	4	16	ahpC; ahpF; frc; oxlT	Alkanes; Oxalate	Finnerty pathway; Oxalate	Hypothetical/accessory:6; Accessory/other:3; Dehydrogenase/oxidoreductase:2; Regulator:2; Hydrolase/decarboxylase/lyase:1; Transport/efflux:1; Thiolase/transferase:1
Exp3_MAG_8_panelcluster_13052	Exp3_MAG_8	multi_hit	MAGs/Exp3_MAG_8_c_000000000402	129	4226	4097	4	4	paaG; paaI; paaK; pcaF	Catechol-ortho; Phenylacetate; Protocatechuate	Phenylacetate; Protocatechuate	CoA ligase/synthetase:1; Hydrolase/decarboxylase/lyase:1; Hydratase/dehydratase/isomerase:1; Thiolase/transferase:1
Exp3_MAG_8_panelcluster_13055	Exp3_MAG_8	multi_hit	MAGs/Exp3_MAG_8_c_000000000429	4703	17403	12700	4	10	fadD; oxc; pchF	Aromatics; Beta-oxidation; Oxalate	Beta-oxidation; Oxalate; Toluene	Hypothetical/accessory:4; Dehydrogenase/oxidoreductase:2; CoA ligase/synthetase:2; Transport/efflux:1; Carboxylase:1
Exp3_MAG_85_panelcluster_13280	Exp3_MAG_85	multi_hit	MAGs/Exp3_MAG_85_c_000000000314	23422	29014	5592	4	5	paaG; paaH; paaI; paaK	Phenylacetate	Phenylacetate	Dehydrogenase/oxidoreductase:2; CoA ligase/synthetase:1; Hydrolase/decarboxylase/lyase:1; Hydratase/dehydratase/isomerase:1
Exp3_MAG_9_panelcluster_13462	Exp3_MAG_9	multi_hit	MAGs/Exp3_MAG_9_c_000000000014	181668	187124	5456	4	4	mpdB; prmA; prmB; prmC	Alkanes; Alkenes	2-methylpropene; Subterminal oxidation	Oxygenase/dioxygenase:3; Dehydrogenase/oxidoreductase:1
Exp3_MAG_9_panelcluster_13464	Exp3_MAG_9	multi_hit	MAGs/Exp3_MAG_9_c_000000000014	399374	403887	4513	4	5	chqB; pcaF; pcaI; pcaJ	Catechol-ortho; Hydroxyquinol; Protocatechuate	Catechol-ortho; Hydroxyquinol; Protocatechuate	Thiolase/transferase:3; Oxygenase/dioxygenase:1; Accessory/other:1
Exp3_MAG_9_panelcluster_13479	Exp3_MAG_9	multi_hit	MAGs/Exp3_MAG_9_c_000000000026	65302	75389	10087	4	7	acdB; almA; fadA; fadD	Alkanes; Beta-oxidation	Beta-oxidation; Terminal/biterminal oxidation	Dehydrogenase/oxidoreductase:3; Oxygenase/dioxygenase:1; CoA ligase/synthetase:1; Hypothetical/accessory:1; Thiolase/transferase:1
Exp3_MAG_93_panelcluster_13607	Exp3_MAG_93	multi_hit	MAGs/Exp3_MAG_93_c_000000000006	189185	193125	3940	4	5	atoA; hbd; pcaI; phaY2	Catechol-ortho; Cyclohexylacetate; Plastics	Catechol-ortho; Cyclohexylacetate; P3HV/PHA/PHBV; PHA/PHB	Thiolase/transferase:2; Hypothetical/accessory:1; Dehydrogenase/oxidoreductase:1; Accessory/other:1
Exp3_MAG_93_panelcluster_13628	Exp3_MAG_93	multi_hit	MAGs/Exp3_MAG_93_c_000000000014	63850	69646	5796	4	5	PGRcl; acdB; fadA; nylB	Beta-oxidation; Plastics; Pyrogallol	Beta-oxidation; Nylon; Pyrogallol	Dehydrogenase/oxidoreductase:2; Hydrolase/decarboxylase/lyase:1; Hypothetical/accessory:1; Thiolase/transferase:1
Exp3_MAG_93_panelcluster_13635	Exp3_MAG_93	multi_hit	MAGs/Exp3_MAG_93_c_000000000018	138565	149652	11087	4	10	aabC; abmA; abmG1; hbd	Aromatics; Cyclohexanecarboxylate; Plastics	Anthranilate; Cyclohexanecarboxylate; P3HV/PHA/PHBV	Dehydrogenase/oxidoreductase:4; Hypothetical/accessory:3; Hydrolase/decarboxylase/lyase:1; Hydratase/dehydratase/isomerase:1; CoA ligase/synthetase:1
Exp3_MAG_94_panelcluster_13656	Exp3_MAG_94	multi_hit	MAGs/Exp3_MAG_94_c_000000000002	4864	17806	12942	4	12	acdA; ahpC; ahpF; badK	Alkanes; Beta-oxidation; Cyclohexanecarboxylate	Beta-oxidation; Cyclohexanecarboxylate; Finnerty pathway	Hypothetical/accessory:7; Dehydrogenase/oxidoreductase:3; Hydratase/dehydratase/isomerase:2
Exp3_MAG_94_panelcluster_13658	Exp3_MAG_94	multi_hit	MAGs/Exp3_MAG_94_c_000000000003	13740	23924	10184	4	9	est; pimC/aabA; pimD; xylB	Aromatics; Cyclohexanecarboxylate; Plastics	Cyclohexanecarboxylate; PBAT; Toluene	Dehydrogenase/oxidoreductase:6; Transport/efflux:1; Hypothetical/accessory:1; Accessory/other:1
Exp3_MAG_94_panelcluster_13676	Exp3_MAG_94	multi_hit	MAGs/Exp3_MAG_94_c_000000000044	20390	26677	6287	4	5	CYP450; alkH_ald; echA1; pimC/aabA	Alkanes; Beta-oxidation; Cyclohexanecarboxylate	Auxillary alkane pathway; Beta-oxidation; Cyclohexanecarboxylate; Terminal/biterminal oxidation	Dehydrogenase/oxidoreductase:2; Accessory/other:1; CoA ligase/synthetase:1; Hydratase/dehydratase/isomerase:1
Exp3_MAG_94_panelcluster_13682	Exp3_MAG_94	multi_hit	MAGs/Exp3_MAG_94_c_000000000060	659	26543	25884	4	21	alkJ_adh; nagAc; pegC; xecD	Alkanes; Alkenes; Aromatics; Plastics	1-Methylnaphthalene/2-Methylnaphthalene; Auxillary alkane pathway; PEG; Propene	Dehydrogenase/oxidoreductase:6; Hypothetical/accessory:6; Accessory/other:4; Regulator:2; Transport/efflux:1; Oxygenase/dioxygenase:1; Hydratase/dehydratase/isomerase:1
Exp3_MAG_96_panelcluster_13741	Exp3_MAG_96	multi_hit	MAGs/Exp3_MAG_96_c_000000000233	4150	13480	9330	4	7	BVMO; alkJ_adh; chnB; pegC	Alkanes; Plastics	Auxillary alkane pathway; PEG; Subterminal oxidation; Terminal/biterminal oxidation	Dehydrogenase/oxidoreductase:3; Oxygenase/dioxygenase:2; Hypothetical/accessory:2
Exp3_MAG_97_panelcluster_13785	Exp3_MAG_97	multi_hit	MAGs/Exp3_MAG_97_c_000000000006	101071	108816	7745	4	4	fadD; fadE; fadI; fadJ	Beta-oxidation; Catechol-ortho	Beta-oxidation; Catechol-ortho	CoA ligase/synthetase:1; Dehydrogenase/oxidoreductase:1; Accessory/other:1; Thiolase/transferase:1
GCF_000013405.1_panelcluster_13925	GCF_000013405.1	multi_hit	c_000000000001	2659026	2672735	13709	4	9	acsA; atoB; fadD	Beta-oxidation	Beta-oxidation	Accessory/other:3; Electron transfer/redox:3; CoA ligase/synthetase:2; Thiolase/transferase:1
GCF_000267545.1_panelcluster_13966	GCF_000267545.1	multi_hit	c_000000000001	2333925	2359938	26013	4	21	alkN_mcp; chcB2; est; lipA	Alkanes; Cyclohexanecarboxylate; Plastics	Cyclohexanecarboxylate; Hydrocarbon uptake; PBAT; PBSA	Hypothetical/accessory:9; Accessory/other:7; Dehydrogenase/oxidoreductase:2; Regulator:1; Transport/efflux:1; Hydrolase/decarboxylase/lyase:1
GCF_000267545.1_panelcluster_13967	GCF_000267545.1	multi_hit	c_000000000001	2457723	2468347	10624	4	9	acdA; atoB; badK	Beta-oxidation; Cyclohexanecarboxylate	Beta-oxidation; Cyclohexanecarboxylate	Dehydrogenase/oxidoreductase:3; Hydratase/dehydratase/isomerase:2; Thiolase/transferase:2; Hypothetical/accessory:1; CoA ligase/synthetase:1
GCF_000267545.1_panelcluster_13993	GCF_000267545.1	multi_hit	c_000000000001	4254624	4259702	5078	4	4	BAY15_3292; acdB; fadJ; nagR	Beta-oxidation; Naphthalene; Plastics	Beta-oxidation; Naphthalene; PVA	Accessory/other:2; Dehydrogenase/oxidoreductase:1; Hypothetical/accessory:1
GCF_000470885.1_panelcluster_14003	GCF_000470885.1	multi_hit	c_000000000001	232988	242741	9753	4	9	atoA; fadD; pcaI; pimC/aabA	Beta-oxidation; Catechol-ortho; Cyclohexanecarboxylate; Cyclohexylacetate	Beta-oxidation; Catechol-ortho; Cyclohexanecarboxylate; Cyclohexylacetate	Thiolase/transferase:2; Hypothetical/accessory:2; Dehydrogenase/oxidoreductase:2; Regulator:1; Hydratase/dehydratase/isomerase:1; CoA ligase/synthetase:1
GCF_000470885.1_panelcluster_14027	GCF_000470885.1	multi_hit	c_000000000001	1409278	1435576	26298	4	21	GEN0105; atoB; pegC; pnbA	Beta-oxidation; Plastics	3PET/PCL/PLA; Beta-oxidation; PEG; PET	Hypothetical/accessory:7; Accessory/other:6; Thiolase/transferase:2; CoA ligase/synthetase:2; Transport/efflux:2; Dehydrogenase/oxidoreductase:1; Hydrolase/decarboxylase/lyase:1
GCF_000470885.1_panelcluster_14028	GCF_000470885.1	multi_hit	c_000000000001	1456874	1475436	18562	4	17	acdA; badK; benD; paaJ	Benzoate; Beta-oxidation; Cyclohexanecarboxylate; Phenylacetate	Benzoate; Beta-oxidation; Cyclohexanecarboxylate; Phenylacetate	Hypothetical/accessory:5; Dehydrogenase/oxidoreductase:5; Accessory/other:3; Hydratase/dehydratase/isomerase:2; Thiolase/transferase:1; Transport/efflux:1
GCF_000470885.1_panelcluster_14058	GCF_000470885.1	multi_hit	c_000000000001	3893543	3906351	12808	4	11	BVMO; bphC; rdxR; yfdE	Alkanes; Aromatics; Oxalate	Biphenyl; Oxalate; Subterminal oxidation; Terminal/biterminal oxidation	Oxygenase/dioxygenase:4; Hypothetical/accessory:3; Accessory/other:2; Thiolase/transferase:1; Dehydrogenase/oxidoreductase:1
GCF_000470885.1_panelcluster_14070	GCF_000470885.1	multi_hit	c_000000000001	4499389	4522971	23582	4	22	almA; antA; est; pht2	Alkanes; Aromatics; Plastics	Anthranilate; PLA; Phthalate; Terminal/biterminal oxidation	Hypothetical/accessory:9; Accessory/other:5; Oxygenase/dioxygenase:3; Dehydrogenase/oxidoreductase:2; Regulator:1; Transport/efflux:1; Electron transfer/redox:1
GCF_000470885.1_panelcluster_14071	GCF_000470885.1	multi_hit	c_000000000001	4539448	4549721	10273	4	10	acdA; aliA; lac; paaH	Beta-oxidation; Phenylacetate; Plastics	Beta-oxidation; LDPE; Phenylacetate	Hypothetical/accessory:3; Accessory/other:2; Regulator:2; Dehydrogenase/oxidoreductase:2; CoA ligase/synthetase:1
GCF_000470885.1_panelcluster_14076	GCF_000470885.1	multi_hit	c_000000000001	4696420	4709124	12704	4	13	badH; chcB1; fadA; xylB	Aromatics; Beta-oxidation; Cyclohexanecarboxylate	Beta-oxidation; Cyclohexanecarboxylate; Toluene	Dehydrogenase/oxidoreductase:4; Hypothetical/accessory:4; Accessory/other:1; Oxygenase/dioxygenase:1; Regulator:1; Transport/efflux:1; Thiolase/transferase:1
GCF_000470885.1_panelcluster_14080	GCF_000470885.1	multi_hit	c_000000000001	4889037	4905178	16141	4	16	aliB; atoB; pimC/aabA	Beta-oxidation; Cyclohexanecarboxylate	Beta-oxidation; Cyclohexanecarboxylate	Hypothetical/accessory:6; Dehydrogenase/oxidoreductase:3; Thiolase/transferase:2; Hydratase/dehydratase/isomerase:2; Regulator:1; CoA ligase/synthetase:1; Hydrolase/decarboxylase/lyase:1
GCF_000470885.1_panelcluster_14100	GCF_000470885.1	multi_hit	c_000000000003	29681	36549	6868	4	6	bmoX; hapE; prmB; xylB	Alkanes; Aromatics; Hydroquinone	Hydroquinone; Subterminal oxidation; Terminal/biterminal oxidation; Toluene	Oxygenase/dioxygenase:4; Dehydrogenase/oxidoreductase:2
GCF_000475255.1_panelcluster_14138	GCF_000475255.1	multi_hit	c_000000000066	19191	50758	31567	4	24	SUBS_LEDLE; est; mhbH; pimC/aabA	Cyclohexanecarboxylate; Gentisate; Plastics	Cyclohexanecarboxylate; Gentisate; PBAT; PLA	Hypothetical/accessory:7; Dehydrogenase/oxidoreductase:5; Accessory/other:5; Carboxylase:2; Regulator:1; Hydratase/dehydratase/isomerase:1; CoA ligase/synthetase:1; Transport/efflux:1; Hydrolase/decarboxylase/lyase:1
GCF_000475295.1_panelcluster_14180	GCF_000475295.1	multi_hit	c_000000000019	20944	32139	11195	4	9	fadB; fadD; pimC/aabA; pimD	Beta-oxidation; Cyclohexanecarboxylate	Beta-oxidation; Cyclohexanecarboxylate	Dehydrogenase/oxidoreductase:2; Accessory/other:2; Transport/efflux:2; Hydratase/dehydratase/isomerase:1; Hypothetical/accessory:1; CoA ligase/synthetase:1
GCF_000475295.1_panelcluster_14197	GCF_000475295.1	multi_hit	c_000000000042	7274	30699	23425	4	16	fadA; fadB; fadI; nagR	Beta-oxidation; Catechol-ortho; Naphthalene	Beta-oxidation; Catechol-ortho; Naphthalene	Accessory/other:4; Hypothetical/accessory:4; Thiolase/transferase:2; Hydratase/dehydratase/isomerase:2; Regulator:2; Dehydrogenase/oxidoreductase:2
GCF_000475315.1_panelcluster_14239	GCF_000475315.1	multi_hit	c_000000000025	21424	33129	11705	4	14	atoB; mlaD; mlaE; mlaF	Beta-oxidation; Transportation	Beta-oxidation; Transportation	Accessory/other:4; Hypothetical/accessory:3; Transport/efflux:3; Thiolase/transferase:1; Hydrolase/decarboxylase/lyase:1; Dehydrogenase/oxidoreductase:1; Mobile/stress/accessory:1
GCF_000475315.1_panelcluster_14248	GCF_000475315.1	multi_hit	c_000000000052	50	4787	4737	4	4	CYP450; alkJ_adh; carAc; chcAb	Alkanes; Aromatics; Cyclohexanecarboxylate	Auxillary alkane pathway; Carbazol; Cyclohexanecarboxylate; Terminal/biterminal oxidation	Dehydrogenase/oxidoreductase:2; Oxygenase/dioxygenase:1; Electron transfer/redox:1
GCF_000475335.1_panelcluster_14266	GCF_000475335.1	multi_hit	c_000000000001	115314	129403	14089	4	15	ABO_2449; nagR; rdx; rdxR	Alkanes; Naphthalene; Plastics	Naphthalene; PBSA/PCL/PES/PHA/PHBV/PLA; Terminal/biterminal oxidation	Hypothetical/accessory:8; Accessory/other:4; Electron transfer/redox:2; Regulator:1
GCF_000475375.1_panelcluster_14399	GCF_000475375.1	multi_hit	c_000000000023	87046	98768	11722	4	14	atoB; mlaD; mlaE; mlaF	Beta-oxidation; Transportation	Beta-oxidation; Transportation	Accessory/other:4; Hypothetical/accessory:3; Transport/efflux:3; Thiolase/transferase:1; Hydrolase/decarboxylase/lyase:1; Dehydrogenase/oxidoreductase:1; Mobile/stress/accessory:1
GCF_000475395.1_panelcluster_14436	GCF_000475395.1	multi_hit	c_000000000003	37114	59302	22188	4	21	benA; pegA; pobB	Aromatics; Plastics; Protocatechuate	Benzene; PEG; Protocatechuate	Hypothetical/accessory:6; Oxygenase/dioxygenase:4; Dehydrogenase/oxidoreductase:2; Accessory/other:2; Regulator:2; Transport/efflux:2; Hydrolase/decarboxylase/lyase:2; CoA ligase/synthetase:1
GCF_000475395.1_panelcluster_14466	GCF_000475395.1	multi_hit	c_000000000010	3224	15873	12649	4	12	chnE; chqB; hpcG; hpcH	Alkanes; Aromatics; Hydroxyquinol	Homoprotocatechuate; Hydroxyquinol; Terminal/biterminal oxidation	Transport/efflux:4; Accessory/other:3; Oxygenase/dioxygenase:1; Dehydrogenase/oxidoreductase:1; Hypothetical/accessory:1; Hydratase/dehydratase/isomerase:1; Hydrolase/decarboxylase/lyase:1
GCF_000475415.1_panelcluster_14546	GCF_000475415.1	multi_hit	c_000000000163	208782	214293	5511	4	4	aabC; acdB; aliA; crt	Beta-oxidation; Cyclohexanecarboxylate	Beta-oxidation; Cyclohexanecarboxylate	Dehydrogenase/oxidoreductase:2; CoA ligase/synthetase:1; Hydratase/dehydratase/isomerase:1
GCF_000736435.1_panelcluster_14570	GCF_000736435.1	multi_hit	c_000000000001	429598	450290	20692	4	19	galT; pobB; sdgA; sdgC	Aromatics; Gallate; Protocatechuate	Gallate; Protocatechuate; Salicylate	Hypothetical/accessory:10; Accessory/other:3; Oxygenase/dioxygenase:2; Regulator:1; Carboxylase:1; Hydratase/dehydratase/isomerase:1; Transport/efflux:1
GCF_000736435.1_panelcluster_14579	GCF_000736435.1	multi_hit	c_000000000001	1130820	1138281	7461	4	7	acdA; badK; mpdC; uctC	Alkenes; Beta-oxidation; Cyclohexanecarboxylate; Oxalate	2-methylpropene; Beta-oxidation; Cyclohexanecarboxylate; Oxalate	Dehydrogenase/oxidoreductase:2; Hydratase/dehydratase/isomerase:2; Thiolase/transferase:1; Regulator:1; Hypothetical/accessory:1
GCF_000736435.1_panelcluster_14592	GCF_000736435.1	multi_hit	c_000000000001	2103115	2111884	8769	4	7	alkH_ald; fadA; fadJ; pimD	Alkanes; Beta-oxidation; Catechol-ortho; Cyclohexanecarboxylate	Auxillary alkane pathway; Beta-oxidation; Catechol-ortho; Cyclohexanecarboxylate	Hypothetical/accessory:2; Hydratase/dehydratase/isomerase:1; Thiolase/transferase:1; Regulator:1; Accessory/other:1; Dehydrogenase/oxidoreductase:1
GCF_000736435.1_panelcluster_14599	GCF_000736435.1	multi_hit	c_000000000001	2616009	2623974	7965	4	6	CYP450; benD-xylL; pegC; sdgB	Alkanes; Aromatics; Benzoate; Plastics	Benzoate; PEG; Salicylate; Terminal/biterminal oxidation	Dehydrogenase/oxidoreductase:2; Accessory/other:1; Regulator:1; Transport/efflux:1; CoA ligase/synthetase:1
GCF_000736435.1_panelcluster_14604	GCF_000736435.1	multi_hit	c_000000000001	3066617	3072578	5961	4	5	BVMO; catB; clcA; macA	Alkanes; Aromatics; Catechol-ortho; Hydroxyquinol	Catechol-ortho; Chlorocatechol; Hydroxyquinol; Subterminal oxidation	Oxygenase/dioxygenase:2; Accessory/other:1; Hydratase/dehydratase/isomerase:1; Dehydrogenase/oxidoreductase:1
GCF_000736435.1_panelcluster_14605	GCF_000736435.1	multi_hit	c_000000000001	3087738	3105045	17307	4	15	hpcE; mhbD; padAd1; pegA	Aromatics; Gentisate; Plastics	Gentisate; Homoprotocatechuate; PEG; Phthalate	Hypothetical/accessory:6; Oxygenase/dioxygenase:3; Dehydrogenase/oxidoreductase:2; Accessory/other:2; Electron transfer/redox:2
GCF_000736435.1_panelcluster_14637	GCF_000736435.1	multi_hit	c_000000000001	4412400	4425287	12887	4	12	aliB; almA; est; fadK	Alkanes; Beta-oxidation; Plastics	Beta-oxidation; PBAT; Terminal/biterminal oxidation	Hypothetical/accessory:3; CoA ligase/synthetase:2; Dehydrogenase/oxidoreductase:2; Regulator:2; Hydratase/dehydratase/isomerase:1; Oxygenase/dioxygenase:1; Hydrolase/decarboxylase/lyase:1
GCF_000736435.1_panelcluster_14658	GCF_000736435.1	multi_hit	c_000000000001	5384082	5410186	26104	4	21	fadA; fadK; hmgL	Beta-oxidation; Cyclohexylacetate	Beta-oxidation; Cyclohexylacetate	Hypothetical/accessory:7; Accessory/other:5; Hydrolase/decarboxylase/lyase:2; Transport/efflux:2; Dehydrogenase/oxidoreductase:2; CoA ligase/synthetase:2; Thiolase/transferase:1
GCF_000736435.1_panelcluster_14680	GCF_000736435.1	multi_hit	c_000000000001	6490226	6495918	5692	4	5	acdA; aliB; badH; badI	Beta-oxidation	Beta-oxidation	Dehydrogenase/oxidoreductase:3; Hydratase/dehydratase/isomerase:1; CoA ligase/synthetase:1
GCF_000736435.1_panelcluster_14681	GCF_000736435.1	multi_hit	c_000000000001	6505229	6531785	26556	4	22	est; hapE; ladA; xylB	Alkanes; Aromatics; Hydroquinone; Plastics	Hydroquinone; PLA; Terminal/biterminal oxidation; Toluene	Hypothetical/accessory:8; Transport/efflux:4; Dehydrogenase/oxidoreductase:3; Accessory/other:3; Hydrolase/decarboxylase/lyase:2; Oxygenase/dioxygenase:1; Regulator:1
GCF_000736435.1_panelcluster_14697	GCF_000736435.1	multi_hit	c_000000000001	7465526	7482480	16954	4	15	benD-xylL; ladA; mlaF; pegC	Alkanes; Benzoate; Plastics; Transportation	Benzoate; PEG; Terminal/biterminal oxidation; Transportation	Transport/efflux:4; Dehydrogenase/oxidoreductase:3; Accessory/other:3; Oxygenase/dioxygenase:2; Hypothetical/accessory:2; Regulator:1
GCF_000736435.1_panelcluster_14702	GCF_000736435.1	multi_hit	c_000000000001	7702709	7716149	13440	4	13	fadD; paaG; pimC/aabA	Beta-oxidation; Cyclohexanecarboxylate; Phenylacetate	Beta-oxidation; Cyclohexanecarboxylate; Phenylacetate	Dehydrogenase/oxidoreductase:8; CoA ligase/synthetase:2; Hydratase/dehydratase/isomerase:2; Hypothetical/accessory:1
GCF_001190925.1_panelcluster_14735	GCF_001190925.1	multi_hit	c_000000000001	738682	746015	7333	4	8	badK; mlaD; mlaE; mlaF	Cyclohexanecarboxylate; Transportation	Cyclohexanecarboxylate; Transportation	Transport/efflux:4; Hydratase/dehydratase/isomerase:2; Accessory/other:2
GCF_001190925.1_panelcluster_14743	GCF_001190925.1	multi_hit	c_000000000001	1404536	1409329	4793	4	5	mhbD; mhbH; mhbl; nagR	Gentisate; Naphthalene	Gentisate; Naphthalene	Oxygenase/dioxygenase:2; Accessory/other:1; Hydrolase/decarboxylase/lyase:1; Hydratase/dehydratase/isomerase:1
GCF_001190925.1_panelcluster_14768	GCF_001190925.1	multi_hit	c_000000000001	3014255	3023897	9642	4	10	ahpC; ahpF; paaK; ubiX	Alkanes; Phenylacetate; Tannin	Finnerty pathway; Phenylacetate; Tannin	Accessory/other:4; Hypothetical/accessory:3; Dehydrogenase/oxidoreductase:2; CoA ligase/synthetase:1
GCF_001190925.1_panelcluster_14771	GCF_001190925.1	multi_hit	c_000000000001	3176744	3189363	12619	4	11	oorA; oorB; paaK; paaX	Oxalate; Phenylacetate	Oxalate; Phenylacetate	Dehydrogenase/oxidoreductase:7; CoA ligase/synthetase:1; Hypothetical/accessory:1; Accessory/other:1; Regulator:1
GCF_001190925.1_panelcluster_14772	GCF_001190925.1	multi_hit	c_000000000001	3203405	3220884	17479	4	15	GI:23664434; pcaK; pchA; pchF	Aromatics; Transportation	Benzene; Toluene; Transportation	Hypothetical/accessory:6; Accessory/other:4; Dehydrogenase/oxidoreductase:2; Regulator:1; Transport/efflux:1; CoA ligase/synthetase:1
GCF_001190925.1_panelcluster_14776	GCF_001190925.1	multi_hit	c_000000000001	3420988	3433918	12930	4	12	badH; fadD; paaH	Beta-oxidation; Phenylacetate	Beta-oxidation; Phenylacetate	Dehydrogenase/oxidoreductase:4; Hypothetical/accessory:3; Accessory/other:3; CoA ligase/synthetase:1; Electron transfer/redox:1
GCF_002009335.2_panelcluster_14802	GCF_002009335.2	multi_hit	c_000000000001	404053	409768	5715	4	4	acdB; atoB; fadD; paaH	Beta-oxidation; Phenylacetate	Beta-oxidation; Phenylacetate	Dehydrogenase/oxidoreductase:2; Accessory/other:1; CoA ligase/synthetase:1
GCF_002189495.1_panelcluster_14873	GCF_002189495.1	multi_hit	c_000000000305	3001	13337	10336	4	10	hmgL; subC; yfdE	Cyclohexylacetate; Oxalate; Plastics	Cyclohexylacetate; Oxalate; PLA	Hypothetical/accessory:4; Accessory/other:2; Regulator:1; Hydratase/dehydratase/isomerase:1; Hydrolase/decarboxylase/lyase:1; Thiolase/transferase:1
GCF_002189495.1_panelcluster_14908	GCF_002189495.1	multi_hit	c_000000000751	1196	6859	5663	4	6	chcAa; chcAb; chcAc; chcB1	Cyclohexanecarboxylate	Cyclohexanecarboxylate	Dehydrogenase/oxidoreductase:2; Electron transfer/redox:1; Oxygenase/dioxygenase:1; Hypothetical/accessory:1; Regulator:1
GCF_014634705.1_panelcluster_14964	GCF_014634705.1	multi_hit	c_000000000027	2252	13290	11038	4	11	dmpP; hapE; nagR; uctC	Aromatics; Hydroquinone; Naphthalene; Oxalate	Hydroquinone; Naphthalene; Oxalate; Phenol	Hypothetical/accessory:5; Dehydrogenase/oxidoreductase:3; Thiolase/transferase:1; Accessory/other:1; Regulator:1
GCF_014634705.1_panelcluster_14973	GCF_014634705.1	multi_hit	c_000000000063	3058	15002	11944	4	11	fadJ; pcaI; pcaJ; xylG	Beta-oxidation; Catechol-meta; Catechol-ortho	Beta-oxidation; Catechol-meta; Catechol-ortho	Hypothetical/accessory:3; Thiolase/transferase:3; Carboxylase:2; Dehydrogenase/oxidoreductase:1; Accessory/other:1; Hydratase/dehydratase/isomerase:1
GCF_014634705.1_panelcluster_15029	GCF_014634705.1	multi_hit	c_000000000426	320	4501	4181	4	4	crt; hmgL; pimC/aabA; yfdE	Beta-oxidation; Cyclohexanecarboxylate; Cyclohexylacetate; Oxalate	Beta-oxidation; Cyclohexanecarboxylate; Cyclohexylacetate; Oxalate	Dehydrogenase/oxidoreductase:1; Hydrolase/decarboxylase/lyase:1; Hydratase/dehydratase/isomerase:1; Thiolase/transferase:1
GCF_014634705.1_panelcluster_15077	GCF_014634705.1	multi_hit	c_000000000701	761	6746	5985	4	9	hpcB; hpcE; hpcG; hpcH	Aromatics	Homoprotocatechuate	Hypothetical/accessory:5; Oxygenase/dioxygenase:1; Dehydrogenase/oxidoreductase:1; Hydratase/dehydratase/isomerase:1; Hydrolase/decarboxylase/lyase:1
GCF_014634705.1_panelcluster_15114	GCF_014634705.1	multi_hit	c_000000000863	13280	32035	18755	4	18	AAE3; acdB; echA1; pimC/aabA	Beta-oxidation; Cyclohexanecarboxylate; Oxalate	Beta-oxidation; Cyclohexanecarboxylate; Oxalate	Hypothetical/accessory:7; Hydratase/dehydratase/isomerase:3; CoA ligase/synthetase:2; Dehydrogenase/oxidoreductase:2; Regulator:2; Accessory/other:1; Hydrolase/decarboxylase/lyase:1
GCF_015277575.1_panelcluster_15154	GCF_015277575.1	multi_hit	c_000000000001	2526944	2538348	11404	4	10	alkJ_adh; atoA; atoB; pcaI	Alkanes; Beta-oxidation; Catechol-ortho; Cyclohexylacetate	Auxillary alkane pathway; Beta-oxidation; Catechol-ortho; Cyclohexylacetate	Accessory/other:3; Thiolase/transferase:2; Regulator:1; Hypothetical/accessory:1; Hydratase/dehydratase/isomerase:1; Transport/efflux:1; Dehydrogenase/oxidoreductase:1
GCF_015277575.1_panelcluster_15204	GCF_015277575.1	multi_hit	c_000000000001	6195931	6207473	11542	4	12	atdA1; opdK; ssuD	Alkanes; Aromatics; Transportation	Aniline; Auxillary alkane pathway; Transportation	Accessory/other:5; Hypothetical/accessory:3; Transport/efflux:2; Oxygenase/dioxygenase:1; Dehydrogenase/oxidoreductase:1
GCF_016584445.1_panelcluster_15213	GCF_016584445.1	multi_hit	c_000000000001	503644	512358	8714	4	8	chnE; est; fadK	Alkanes; Beta-oxidation; Plastics	Beta-oxidation; PBAT; Terminal/biterminal oxidation	CoA ligase/synthetase:3; Accessory/other:1; Hypothetical/accessory:1; Dehydrogenase/oxidoreductase:1; Hydratase/dehydratase/isomerase:1; Regulator:1
GCF_016584445.1_panelcluster_15239	GCF_016584445.1	multi_hit	c_000000000001	1911308	1929096	17788	4	12	NFA_28320; paaI; paaK; paaZ	Phenylacetate; Plastics	Nylon; Phenylacetate	Hypothetical/accessory:5; Hydrolase/decarboxylase/lyase:2; Accessory/other:2; CoA ligase/synthetase:1; Dehydrogenase/oxidoreductase:1; Oxygenase/dioxygenase:1
GCF_016584445.1_panelcluster_15250	GCF_016584445.1	multi_hit	c_000000000001	2956638	2978128	21490	4	19	alkJ_adh; hpaC; pnbA; ssuD	Alkanes; Aromatics; Plastics	4-Hydroxyphenylacetate; Auxillary alkane pathway; PET	Accessory/other:8; Hypothetical/accessory:5; Dehydrogenase/oxidoreductase:2; Transport/efflux:2; Oxygenase/dioxygenase:1; Hydrolase/decarboxylase/lyase:1
GCF_020886775.1_panelcluster_15293	GCF_020886775.1	multi_hit	c_000000000001	466643	482320	15677	4	13	andAa; tmoA; tmoE; xamoF	Alkenes; Aromatics	Anthranilate; Propene; Toluene	Oxygenase/dioxygenase:4; Electron transfer/redox:3; Hypothetical/accessory:3; Accessory/other:2; Hydrolase/decarboxylase/lyase:1
GCF_020886775.1_panelcluster_15294	GCF_020886775.1	multi_hit	c_000000000001	513720	532860	19140	4	18	acsA; chnE; fadK; ssuD	Alkanes; Beta-oxidation	Auxillary alkane pathway; Beta-oxidation; Terminal/biterminal oxidation	Hypothetical/accessory:7; Accessory/other:6; Oxygenase/dioxygenase:2; CoA ligase/synthetase:1; Dehydrogenase/oxidoreductase:1; Hydrolase/decarboxylase/lyase:1
GCF_026428315.1_panelcluster_15376	GCF_026428315.1	multi_hit	c_000000000001	2099600	2105155	5555	4	5	GI:23664434; acdA; atoB; badK	Aromatics; Beta-oxidation; Cyclohexanecarboxylate	Benzene; Beta-oxidation; Cyclohexanecarboxylate	Dehydrogenase/oxidoreductase:2; Accessory/other:1; Thiolase/transferase:1; Hydratase/dehydratase/isomerase:1
GCF_026428315.1_panelcluster_15387	GCF_026428315.1	multi_hit	c_000000000001	2748695	2754090	5395	4	5	frc; hmgL; opdK; paaY	Cyclohexylacetate; Oxalate; Phenylacetate; Transportation	Cyclohexylacetate; Oxalate; Phenylacetate; Transportation	Transport/efflux:2; Hydrolase/decarboxylase/lyase:1; Thiolase/transferase:1; Accessory/other:1
GCF_026428315.1_panelcluster_15394	GCF_026428315.1	multi_hit	c_000000000001	3060961	3076083	15122	4	13	atoA; pcaI; pcaK; xecE1	Alkenes; Catechol-ortho; Cyclohexylacetate; Transportation	Catechol-ortho; Cyclohexylacetate; Propene; Transportation	Accessory/other:4; Thiolase/transferase:2; Regulator:2; Dehydrogenase/oxidoreductase:2; Hypothetical/accessory:2; Transport/efflux:1
GCF_026428315.1_panelcluster_15403	GCF_026428315.1	multi_hit	c_000000000001	3534081	3552301	18220	4	17	alkN_mcp; hapE; opdK; pcaC	Alkanes; Hydroquinone; Protocatechuate; Transportation	Hydrocarbon uptake; Hydroquinone; Protocatechuate; Transportation	Hypothetical/accessory:6; Oxygenase/dioxygenase:3; Regulator:2; Accessory/other:2; Transport/efflux:2; Hydrolase/decarboxylase/lyase:1; Dehydrogenase/oxidoreductase:1
GCF_026428335.1_panelcluster_15480	GCF_026428335.1	multi_hit	c_000000000001	2745017	2754263	9246	4	8	atoA; atoB; nagR; pcaI	Beta-oxidation; Catechol-ortho; Cyclohexylacetate; Naphthalene	Beta-oxidation; Catechol-ortho; Cyclohexylacetate; Naphthalene	Accessory/other:3; Thiolase/transferase:2; Transport/efflux:1; Hypothetical/accessory:1; Carboxylase:1
GCF_026428335.1_panelcluster_15510	GCF_026428335.1	multi_hit	c_000000000001	4596009	4602151	6142	4	5	acdA; fadK; hmgL; nagR	Beta-oxidation; Cyclohexylacetate; Naphthalene	Beta-oxidation; Cyclohexylacetate; Naphthalene	Accessory/other:1; Regulator:1; Hydrolase/decarboxylase/lyase:1; CoA ligase/synthetase:1; Dehydrogenase/oxidoreductase:1
GCF_026428335.1_panelcluster_15526	GCF_026428335.1	multi_hit	c_000000000001	5824760	5834730	9970	4	8	pchA; pchC; pchF; pobA	Aromatics	Toluene	Dehydrogenase/oxidoreductase:3; Hypothetical/accessory:2; Oxygenase/dioxygenase:1; Accessory/other:1; Regulator:1
GCF_029269135.1_panelcluster_15564	GCF_029269135.1	multi_hit	c_000000000001	1614768	1622689	7921	4	7	ABO_2449; fadD; plaM9	Beta-oxidation; Plastics	Beta-oxidation; PBS/PBSA/PCL/PES/PHA/PLA; PBSA/PCL/PES/PHA/PHBV/PLA	Accessory/other:2; Hypothetical/accessory:2; CoA ligase/synthetase:2; Hydratase/dehydratase/isomerase:1
GCF_029269135.1_panelcluster_15596	GCF_029269135.1	multi_hit	c_000000000013	125799	147648	21849	4	18	alkN_mcp; fadA; lipA; nbaA	Alkanes; Aromatics; Beta-oxidation; Plastics	2-Nitrobenzoate; Beta-oxidation; Hydrocarbon uptake; PBSA	Hypothetical/accessory:8; Accessory/other:7; Transport/efflux:1; Dehydrogenase/oxidoreductase:1; Thiolase/transferase:1
GCF_029269135.1_panelcluster_15597	GCF_029269135.1	multi_hit	c_000000000013	161007	177360	16353	4	10	alkN_mcp; mhbl	Alkanes; Gentisate	Gentisate; Hydrocarbon uptake	Hypothetical/accessory:6; Accessory/other:2; Hydratase/dehydratase/isomerase:1; Regulator:1
GCF_029269175.1_panelcluster_15633	GCF_029269175.1	multi_hit	c_000000000007	5126	16702	11576	4	10	alkJ_adh; atoA; atoB; pcaI	Alkanes; Beta-oxidation; Catechol-ortho; Cyclohexylacetate	Auxillary alkane pathway; Beta-oxidation; Catechol-ortho; Cyclohexylacetate	Accessory/other:3; Thiolase/transferase:2; Regulator:1; Hypothetical/accessory:1; Hydratase/dehydratase/isomerase:1; Transport/efflux:1; Dehydrogenase/oxidoreductase:1
GCF_029269175.1_panelcluster_15670	GCF_029269175.1	multi_hit	c_000000000034	115223	158085	42862	4	24	hpcE; opdK; pueA; sdgA	Aromatics; Plastics; Transportation	Homoprotocatechuate; PU; Salicylate; Transportation	Hypothetical/accessory:12; Accessory/other:5; Transport/efflux:4; Dehydrogenase/oxidoreductase:1; Hydrolase/decarboxylase/lyase:1; Carboxylase:1
GCF_029269175.1_panelcluster_15687	GCF_029269175.1	multi_hit	c_000000000044	141060	152631	11571	4	11	atdA1; opdK; ssuD	Alkanes; Aromatics; Transportation	Aniline; Auxillary alkane pathway; Transportation	Accessory/other:5; Transport/efflux:2; Hypothetical/accessory:2; Dehydrogenase/oxidoreductase:1; Oxygenase/dioxygenase:1
GCF_029269175.1_panelcluster_15691	GCF_029269175.1	multi_hit	c_000000000045	38710	44591	5881	4	5	acdA; fadK; hmgL; nagR	Beta-oxidation; Cyclohexylacetate; Naphthalene	Beta-oxidation; Cyclohexylacetate; Naphthalene	Accessory/other:1; Regulator:1; Hydrolase/decarboxylase/lyase:1; CoA ligase/synthetase:1; Dehydrogenase/oxidoreductase:1
GCF_029269195.1_panelcluster_15705	GCF_029269195.1	multi_hit	c_000000000001	165389	178320	12931	4	15	hpcC; nahG; pobB; xecE1	Alkenes; Aromatics; Naphthalene; Protocatechuate	Homoprotocatechuate; Naphthalene; Propene; Protocatechuate	Hypothetical/accessory:6; Dehydrogenase/oxidoreductase:4; Oxygenase/dioxygenase:2; Accessory/other:2; Hydrolase/decarboxylase/lyase:1
GCF_029269195.1_panelcluster_15729	GCF_029269195.1	multi_hit	c_000000000011	59970	66000	6030	4	5	acdA; fadK; hmgL; nagR	Beta-oxidation; Cyclohexylacetate; Naphthalene	Beta-oxidation; Cyclohexylacetate; Naphthalene	Dehydrogenase/oxidoreductase:1; CoA ligase/synthetase:1; Hydrolase/decarboxylase/lyase:1; Regulator:1; Accessory/other:1
GCF_029269195.1_panelcluster_15743	GCF_029269195.1	multi_hit	c_000000000019	60400	65972	5572	4	5	GI:23664434; acdA; atoB; badK	Aromatics; Beta-oxidation; Cyclohexanecarboxylate	Benzene; Beta-oxidation; Cyclohexanecarboxylate	Dehydrogenase/oxidoreductase:2; Accessory/other:1; Thiolase/transferase:1; Hydratase/dehydratase/isomerase:1
GCF_029269195.1_panelcluster_15766	GCF_029269195.1	multi_hit	c_000000000041	15147	25967	10820	4	10	alkJ_adh; atoA; atoB; pcaI	Alkanes; Beta-oxidation; Catechol-ortho; Cyclohexylacetate	Auxillary alkane pathway; Beta-oxidation; Catechol-ortho; Cyclohexylacetate	Thiolase/transferase:2; Hypothetical/accessory:2; Dehydrogenase/oxidoreductase:2; Accessory/other:1; Regulator:1; Hydratase/dehydratase/isomerase:1; Transport/efflux:1
GCF_029269195.1_panelcluster_15781	GCF_029269195.1	multi_hit	c_000000000059	10773	18116	7343	4	5	fadJ; opdK; pimC/aabA; pimD	Beta-oxidation; Cyclohexanecarboxylate; Transportation	Beta-oxidation; Cyclohexanecarboxylate; Transportation	Dehydrogenase/oxidoreductase:2; Transport/efflux:1; Hypothetical/accessory:1; Accessory/other:1
GCF_029269195.1_panelcluster_15793	GCF_029269195.1	multi_hit	c_000000000086	151347	159317	7970	4	8	hmgL; macA; nagR; yfdE	Cyclohexylacetate; Hydroxyquinol; Naphthalene; Oxalate	Cyclohexylacetate; Hydroxyquinol; Naphthalene; Oxalate	Hypothetical/accessory:3; Dehydrogenase/oxidoreductase:1; Thiolase/transferase:1; Hydrolase/decarboxylase/lyase:1; Transport/efflux:1; Accessory/other:1
GCF_029269225.1_panelcluster_15802	GCF_029269225.1	multi_hit	c_000000000002	61686	82193	20507	4	15	galD; nagF; opdK; pegC	Gallate; Naphthalene; Plastics; Transportation	Gallate; Naphthalene; PEG; Transportation	Hypothetical/accessory:4; Dehydrogenase/oxidoreductase:4; Transport/efflux:3; Hydratase/dehydratase/isomerase:2; Accessory/other:2
GCF_029269225.1_panelcluster_15829	GCF_029269225.1	multi_hit	c_000000000027	188039	223181	35142	4	30	alkN_mcp; galP; nagAa; opdK	Alkanes; Aromatics; Gallate; Naphthalene; Transportation	1-Methylnaphthalene/2-Methylnaphthalene; Gallate; Hydrocarbon uptake; Transportation	Hypothetical/accessory:15; Accessory/other:10; Transport/efflux:2; Electron transfer/redox:1; Regulator:1; Dehydrogenase/oxidoreductase:1
GCF_029269225.1_panelcluster_15836	GCF_029269225.1	multi_hit	c_000000000031	1911	13386	11475	4	10	alkJ_adh; atoA; atoB; pcaI	Alkanes; Beta-oxidation; Catechol-ortho; Cyclohexylacetate	Auxillary alkane pathway; Beta-oxidation; Catechol-ortho; Cyclohexylacetate	Accessory/other:3; Thiolase/transferase:2; Dehydrogenase/oxidoreductase:1; Transport/efflux:1; Hydratase/dehydratase/isomerase:1; Hypothetical/accessory:1; Regulator:1
GCF_029269225.1_panelcluster_15876	GCF_029269225.1	multi_hit	c_000000000056	7956	13988	6032	4	5	acdA; fadK; hmgL; nagR	Beta-oxidation; Cyclohexylacetate; Naphthalene	Beta-oxidation; Cyclohexylacetate; Naphthalene	Dehydrogenase/oxidoreductase:1; CoA ligase/synthetase:1; Hydrolase/decarboxylase/lyase:1; Regulator:1; Accessory/other:1
GCF_029269225.1_panelcluster_15900	GCF_029269225.1	multi_hit	c_000000000089	4251	16538	12287	4	9	alkB; fadD; fadE; fadI	Alkanes; Beta-oxidation; Catechol-ortho	Beta-oxidation; Catechol-ortho; Terminal/biterminal oxidation	Hypothetical/accessory:4; CoA ligase/synthetase:1; Thiolase/transferase:1; Dehydrogenase/oxidoreductase:1; Accessory/other:1; Oxygenase/dioxygenase:1
GCF_029269225.1_panelcluster_15902	GCF_029269225.1	multi_hit	c_000000000096	2853	15686	12833	4	10	galT; nylB; opdK; xylC	Aromatics; Gallate; Plastics; Transportation	Gallate; Nylon; Toluene; Transportation	Transport/efflux:2; Hypothetical/accessory:2; Dehydrogenase/oxidoreductase:2; Regulator:2; Accessory/other:1; Hydrolase/decarboxylase/lyase:1
GCF_029269225.1_panelcluster_15908	GCF_029269225.1	multi_hit	c_000000000104	65444	79651	14207	4	11	dszC; galP; ladA	Alkanes; Aromatics; Gallate	Dibenzofuran; Gallate; Terminal/biterminal oxidation	Accessory/other:4; Transport/efflux:3; Oxygenase/dioxygenase:2; Hypothetical/accessory:2
GCF_029269225.1_panelcluster_15910	GCF_029269225.1	multi_hit	c_000000000105	168	4259	4091	4	5	tomA1; tomA2; tomA3; xylE	Aromatics; Catechol-meta	Catechol-meta; Toluene	Oxygenase/dioxygenase:3; Hypothetical/accessory:1; Accessory/other:1
GCF_029269255.1_panelcluster_15935	GCF_029269255.1	multi_hit	c_000000000020	102900	108455	5555	4	5	GI:23664434; acdA; atoB; badK	Aromatics; Beta-oxidation; Cyclohexanecarboxylate	Benzene; Beta-oxidation; Cyclohexanecarboxylate	Dehydrogenase/oxidoreductase:2; Accessory/other:1; Thiolase/transferase:1; Hydratase/dehydratase/isomerase:1
GCF_029269255.1_panelcluster_15952	GCF_029269255.1	multi_hit	c_000000000031	46358	61150	14792	4	14	alkN_mcp; hapE; opdK; pcaC	Alkanes; Hydroquinone; Protocatechuate; Transportation	Hydrocarbon uptake; Hydroquinone; Protocatechuate; Transportation	Hypothetical/accessory:6; Oxygenase/dioxygenase:3; Dehydrogenase/oxidoreductase:2; Hydrolase/decarboxylase/lyase:1; Regulator:1; Transport/efflux:1
GCF_029269295.1_panelcluster_16042	GCF_029269295.1	multi_hit	c_000000000001	10330	28396	18066	4	19	alkN_mcp; mpdC; nagR; pobA	Alkanes; Alkenes; Aromatics; Naphthalene	2-methylpropene; Hydrocarbon uptake; Naphthalene; Toluene	Hypothetical/accessory:6; Regulator:4; Accessory/other:3; Transport/efflux:2; Oxygenase/dioxygenase:1; Carboxylase:1; Dehydrogenase/oxidoreductase:1; Hydratase/dehydratase/isomerase:1
GCF_029269295.1_panelcluster_16070	GCF_029269295.1	multi_hit	c_000000000032	34418	45929	11511	4	11	alkJ_adh; atoA; atoB; pcaI	Alkanes; Beta-oxidation; Catechol-ortho; Cyclohexylacetate	Auxillary alkane pathway; Beta-oxidation; Catechol-ortho; Cyclohexylacetate	Accessory/other:3; Hypothetical/accessory:2; Thiolase/transferase:2; Dehydrogenase/oxidoreductase:1; Transport/efflux:1; Hydratase/dehydratase/isomerase:1; Regulator:1
GCF_029269295.1_panelcluster_16099	GCF_029269295.1	multi_hit	c_000000000052	17584	31004	13420	4	11	dszC; galP; ladA	Alkanes; Aromatics; Gallate	Dibenzofuran; Gallate; Terminal/biterminal oxidation	Accessory/other:4; Transport/efflux:3; Oxygenase/dioxygenase:2; Hypothetical/accessory:2
GCF_029269295.1_panelcluster_16118	GCF_029269295.1	multi_hit	c_000000000067	126488	148532	22044	4	21	acdA; amdA; pcaC; pegC	Beta-oxidation; Plastics; Protocatechuate	Beta-oxidation; PEG; PU; Protocatechuate	Accessory/other:9; Hypothetical/accessory:3; Dehydrogenase/oxidoreductase:2; Hydratase/dehydratase/isomerase:2; Electron transfer/redox:1; Oxygenase/dioxygenase:1; Hydrolase/decarboxylase/lyase:1; Regulator:1; Transport/efflux:1
GCF_029269295.1_panelcluster_16141	GCF_029269295.1	multi_hit	c_000000000104	856	4308	3452	4	4	catA; catB; catC; catR	Catechol-ortho	Catechol-ortho	Hydratase/dehydratase/isomerase:2; Regulator:1; Oxygenase/dioxygenase:1
GCF_029269295.1_panelcluster_16144	GCF_029269295.1	multi_hit	c_000000000111	827	5163	4336	4	4	acdA; atoB; badK	Beta-oxidation; Cyclohexanecarboxylate	Beta-oxidation; Cyclohexanecarboxylate	Dehydrogenase/oxidoreductase:2; Thiolase/transferase:1; Hydratase/dehydratase/isomerase:1
GCF_031600295.1_panelcluster_16154	GCF_031600295.1	multi_hit	c_000000000001	503632	512346	8714	4	8	chnE; est; fadK	Alkanes; Beta-oxidation; Plastics	Beta-oxidation; PBAT; Terminal/biterminal oxidation	CoA ligase/synthetase:3; Accessory/other:1; Hypothetical/accessory:1; Dehydrogenase/oxidoreductase:1; Hydratase/dehydratase/isomerase:1; Regulator:1
GCF_031600295.1_panelcluster_16180	GCF_031600295.1	multi_hit	c_000000000001	1915380	1933168	17788	4	12	NFA_28320; paaI; paaK; paaZ	Phenylacetate; Plastics	Nylon; Phenylacetate	Hypothetical/accessory:5; Hydrolase/decarboxylase/lyase:2; Accessory/other:2; CoA ligase/synthetase:1; Dehydrogenase/oxidoreductase:1; Oxygenase/dioxygenase:1
GCF_031600295.1_panelcluster_16191	GCF_031600295.1	multi_hit	c_000000000001	2960643	2982133	21490	4	19	alkJ_adh; hpaC; pnbA; ssuD	Alkanes; Aromatics; Plastics	4-Hydroxyphenylacetate; Auxillary alkane pathway; PET	Accessory/other:8; Hypothetical/accessory:5; Dehydrogenase/oxidoreductase:2; Transport/efflux:2; Oxygenase/dioxygenase:1; Hydrolase/decarboxylase/lyase:1
GCF_040170545.1_panelcluster_16229	GCF_040170545.1	multi_hit	c_000000000029	59653	65090	5437	4	5	chcB1; chnA; fadJ; paaG	Alkanes; Beta-oxidation; Cyclohexanecarboxylate; Phenylacetate	Beta-oxidation; Cyclohexanecarboxylate; Phenylacetate; Terminal/biterminal oxidation	Dehydrogenase/oxidoreductase:2; Hypothetical/accessory:1; Hydratase/dehydratase/isomerase:1; Accessory/other:1
GCF_040170545.1_panelcluster_16260	GCF_040170545.1	multi_hit	c_000000000075	165904	171300	5396	4	6	atoB; badH; chcB2	Beta-oxidation; Cyclohexanecarboxylate	Beta-oxidation; Cyclohexanecarboxylate	Dehydrogenase/oxidoreductase:3; Hypothetical/accessory:1; Accessory/other:1; Thiolase/transferase:1
GCF_041920355.1_panelcluster_16282	GCF_041920355.1	multi_hit	c_000000000014	24565	32140	7575	4	6	aliB; fadA; fadK; paaH	Beta-oxidation; Phenylacetate	Beta-oxidation; Phenylacetate	CoA ligase/synthetase:2; Dehydrogenase/oxidoreductase:2; Thiolase/transferase:2
GCF_041920355.1_panelcluster_16289	GCF_041920355.1	multi_hit	c_000000000021	105340	110227	4887	4	4	acdA; atoB; paaH	Beta-oxidation; Phenylacetate	Beta-oxidation; Phenylacetate	Dehydrogenase/oxidoreductase:3; Accessory/other:1
GCF_041920355.1_panelcluster_16315	GCF_041920355.1	multi_hit	c_000000000051	123249	129566	6317	4	6	acdA; crt; fadK; hmgL	Beta-oxidation; Cyclohexylacetate	Beta-oxidation; Cyclohexylacetate	Dehydrogenase/oxidoreductase:1; CoA ligase/synthetase:1; Carboxylase:1; Accessory/other:1; Hydrolase/decarboxylase/lyase:1; Hydratase/dehydratase/isomerase:1
GCF_041920365.1_panelcluster_16338	GCF_041920365.1	multi_hit	c_000000000160	20414	25141	4727	4	4	acdA; atoB; paaH	Beta-oxidation; Phenylacetate	Beta-oxidation; Phenylacetate	Dehydrogenase/oxidoreductase:3; Accessory/other:1
GCF_041920375.1_panelcluster_16353	GCF_041920375.1	multi_hit	c_000000000026	63225	71925	8700	4	6	atoB; badH; crt; oorA	Beta-oxidation; Oxalate	Beta-oxidation; Oxalate	Dehydrogenase/oxidoreductase:2; Thiolase/transferase:1; Accessory/other:1; Hydratase/dehydratase/isomerase:1; Hypothetical/accessory:1
GCF_041920375.1_panelcluster_16359	GCF_041920375.1	multi_hit	c_000000000038	119040	125918	6878	4	7	atoB; badH; fadD; xecD	Alkenes; Beta-oxidation	Beta-oxidation; Propene	Dehydrogenase/oxidoreductase:3; Hypothetical/accessory:2; CoA ligase/synthetase:1; Thiolase/transferase:1
GCF_041920375.1_panelcluster_16360	GCF_041920375.1	multi_hit	c_000000000042	1741	21541	19800	4	13	paaG; pimC/aabA; xylC; yfdE	Aromatics; Cyclohexanecarboxylate; Oxalate; Phenylacetate	Cyclohexanecarboxylate; Oxalate; Phenylacetate; Toluene	Hypothetical/accessory:3; Dehydrogenase/oxidoreductase:3; Carboxylase:2; Thiolase/transferase:1; Hydratase/dehydratase/isomerase:1; Transport/efflux:1; Regulator:1; Accessory/other:1
GCF_041920375.1_panelcluster_16361	GCF_041920375.1	multi_hit	c_000000000048	5548	10333	4785	4	4	acdA; atoB; paaH	Beta-oxidation; Phenylacetate	Beta-oxidation; Phenylacetate	Dehydrogenase/oxidoreductase:3; Accessory/other:1
GCF_041920375.1_panelcluster_16366	GCF_041920375.1	multi_hit	c_000000000083	4031	7420	3389	4	4	hpcD; hpcE; pchA	Aromatics	Homoprotocatechuate; Toluene	Carboxylase:2; Dehydrogenase/oxidoreductase:1; Hydratase/dehydratase/isomerase:1
GCF_041920425.1_panelcluster_16398	GCF_041920425.1	multi_hit	c_000000000134	17109	21356	4247	4	5	paaF; paaG; paaH; paaX	Phenylacetate	Phenylacetate	Hydratase/dehydratase/isomerase:2; Regulator:1; Hypothetical/accessory:1; Dehydrogenase/oxidoreductase:1
GCF_041920455.1_panelcluster_16421	GCF_041920455.1	multi_hit	c_000000000029	558	5108	4550	4	4	acdA; atoB; paaH	Beta-oxidation; Phenylacetate	Beta-oxidation; Phenylacetate	Dehydrogenase/oxidoreductase:3; Accessory/other:1
GCF_041920485.1_panelcluster_16460	GCF_041920485.1	multi_hit	c_000000000084	27600	32341	4741	4	4	acdA; atoB; paaH	Beta-oxidation; Phenylacetate	Beta-oxidation; Phenylacetate	Dehydrogenase/oxidoreductase:3; Accessory/other:1
GCF_051450025.1_panelcluster_16528	GCF_051450025.1	multi_hit	c_000000000019	102900	108455	5555	4	5	GI:23664434; acdA; atoB; badK	Aromatics; Beta-oxidation; Cyclohexanecarboxylate	Benzene; Beta-oxidation; Cyclohexanecarboxylate	Dehydrogenase/oxidoreductase:2; Accessory/other:1; Thiolase/transferase:1; Hydratase/dehydratase/isomerase:1
GCF_051450025.1_panelcluster_16544	GCF_051450025.1	multi_hit	c_000000000029	46358	61150	14792	4	14	alkN_mcp; hapE; opdK; pcaC	Alkanes; Hydroquinone; Protocatechuate; Transportation	Hydrocarbon uptake; Hydroquinone; Protocatechuate; Transportation	Hypothetical/accessory:6; Oxygenase/dioxygenase:3; Dehydrogenase/oxidoreductase:2; Hydrolase/decarboxylase/lyase:1; Regulator:1; Transport/efflux:1
GROW_101_consensus_panelcluster_16572	GROW_101_consensus	multi_hit	1	294856	308483	13627	4	11	dszC; galP; ladA	Alkanes; Aromatics; Gallate	Dibenzofuran; Gallate; Terminal/biterminal oxidation	Accessory/other:5; Transport/efflux:3; Hypothetical/accessory:2; Oxygenase/dioxygenase:1
GROW_101_consensus_panelcluster_16640	GROW_101_consensus	multi_hit	1	4053060	4064765	11705	4	11	alkJ_adh; atoA; atoB; pcaI	Alkanes; Beta-oxidation; Catechol-ortho; Cyclohexylacetate	Auxillary alkane pathway; Beta-oxidation; Catechol-ortho; Cyclohexylacetate	Accessory/other:3; Hypothetical/accessory:2; Thiolase/transferase:2; Dehydrogenase/oxidoreductase:1; Transport/efflux:1; Hydratase/dehydratase/isomerase:1; Regulator:1
GROW_101_consensus_panelcluster_16649	GROW_101_consensus	multi_hit	1	4457864	4464577	6713	4	6	acdA; fadK; hmgL; nagR	Beta-oxidation; Cyclohexylacetate; Naphthalene	Beta-oxidation; Cyclohexylacetate; Naphthalene	Accessory/other:1; Regulator:1; Hydrolase/decarboxylase/lyase:1; Hypothetical/accessory:1; CoA ligase/synthetase:1; Dehydrogenase/oxidoreductase:1
GROW_101_consensus_panelcluster_16669	GROW_101_consensus	multi_hit	1	5748970	5770419	21449	4	21	aliB; amdA; pcaC; pegC	Beta-oxidation; Plastics; Protocatechuate	Beta-oxidation; PEG; PU; Protocatechuate	Accessory/other:9; Hypothetical/accessory:4; Hydratase/dehydratase/isomerase:2; Dehydrogenase/oxidoreductase:2; Transport/efflux:1; Regulator:1; Oxygenase/dioxygenase:1; Electron transfer/redox:1
GROW_105_consensus_panelcluster_16717	GROW_105_consensus	multi_hit	1	2562463	2576269	13806	4	14	chcB2; nagR; opdK; uctC	Cyclohexanecarboxylate; Naphthalene; Oxalate; Transportation	Cyclohexanecarboxylate; Naphthalene; Oxalate; Transportation	Hypothetical/accessory:7; Dehydrogenase/oxidoreductase:2; Accessory/other:1; Thiolase/transferase:1; Mobile/stress/accessory:1; Regulator:1; Transport/efflux:1
GROW_105_consensus_panelcluster_16720	GROW_105_consensus	multi_hit	1	2733076	2755505	22429	4	17	alkJ_adh; chnE; hapE; xylB	Alkanes; Aromatics; Hydroquinone	Auxillary alkane pathway; Hydroquinone; Terminal/biterminal oxidation; Toluene	Dehydrogenase/oxidoreductase:9; Transport/efflux:5; Accessory/other:2; Hypothetical/accessory:1
GROW_105_consensus_panelcluster_16740	GROW_105_consensus	multi_hit	1	3667279	3686278	18999	4	17	aliA; alkH_ald; bphB; chcB1	Alkanes; Aromatics; Beta-oxidation; Cyclohexanecarboxylate	Auxillary alkane pathway; Beta-oxidation; Biphenyl; Cyclohexanecarboxylate	Dehydrogenase/oxidoreductase:5; Hypothetical/accessory:5; Regulator:3; Hydrolase/decarboxylase/lyase:2; CoA ligase/synthetase:1; Transport/efflux:1
GROW_105_consensus_panelcluster_16760	GROW_105_consensus	multi_hit	1	4787110	4793480	6370	4	5	acdA; fadK; hmgL; nagR	Beta-oxidation; Cyclohexylacetate; Naphthalene	Beta-oxidation; Cyclohexylacetate; Naphthalene	Accessory/other:1; Regulator:1; Hydrolase/decarboxylase/lyase:1; CoA ligase/synthetase:1; Dehydrogenase/oxidoreductase:1
GROW_115_consensus_panelcluster_16874	GROW_115_consensus	multi_hit	1	2566157	2578693	12536	4	11	ABO_2449; est; rdx; rdxR	Alkanes; Plastics	PBAT; PBSA/PCL/PES/PHA/PHBV/PLA; Terminal/biterminal oxidation	Accessory/other:6; Electron transfer/redox:2; Regulator:2; Hypothetical/accessory:1
GROW_123_consensus_panelcluster_16964	GROW_123_consensus	multi_hit	1	1861357	1866910	5553	4	5	GI:23664434; acdA; atoB; badK	Aromatics; Beta-oxidation; Cyclohexanecarboxylate	Benzene; Beta-oxidation; Cyclohexanecarboxylate	Dehydrogenase/oxidoreductase:2; Accessory/other:1; Thiolase/transferase:1; Hydratase/dehydratase/isomerase:1
GROW_123_consensus_panelcluster_16972	GROW_123_consensus	multi_hit	1	2321599	2339262	17663	4	15	galD; hapE; opdK; pcaC	Gallate; Hydroquinone; Protocatechuate; Transportation	Gallate; Hydroquinone; Protocatechuate; Transportation	Regulator:4; Transport/efflux:3; Hypothetical/accessory:3; Accessory/other:2; Hydratase/dehydratase/isomerase:1; Oxygenase/dioxygenase:1; Dehydrogenase/oxidoreductase:1
GROW_126_consensus_panelcluster_17040	GROW_126_consensus	multi_hit	1	957531	965182	7651	4	7	antA; antB; antC; styA	Aromatics	Anthranilate; Styrene	Oxygenase/dioxygenase:4; Dehydrogenase/oxidoreductase:1; Hypothetical/accessory:1; Regulator:1
GROW_126_consensus_panelcluster_17041	GROW_126_consensus	multi_hit	1	1131137	1140781	9644	4	7	hapE; ladA; pcaC; pchA	Alkanes; Aromatics; Hydroquinone; Protocatechuate	Hydroquinone; Protocatechuate; Terminal/biterminal oxidation; Toluene	Hypothetical/accessory:3; Dehydrogenase/oxidoreductase:2; Oxygenase/dioxygenase:2
GROW_126_consensus_panelcluster_17042	GROW_126_consensus	multi_hit	1	1162048	1169975	7927	4	7	atoB; hbd; pcaI; pcaJ	Beta-oxidation; Catechol-ortho; Plastics	Beta-oxidation; Catechol-ortho; P3HV/PHA/PHBV	Thiolase/transferase:3; Transport/efflux:1; Regulator:1; Hypothetical/accessory:1; Dehydrogenase/oxidoreductase:1
GROW_126_consensus_panelcluster_17052	GROW_126_consensus	multi_hit	1	1840631	1856837	16206	4	14	galT; paaF; paaG; pimC/aabA	Cyclohexanecarboxylate; Gallate; Phenylacetate	Cyclohexanecarboxylate; Gallate; Phenylacetate	Dehydrogenase/oxidoreductase:4; Hypothetical/accessory:4; Hydratase/dehydratase/isomerase:2; CoA ligase/synthetase:2; Hydrolase/decarboxylase/lyase:1; Transport/efflux:1
GROW_126_consensus_panelcluster_17056	GROW_126_consensus	multi_hit	1	2161128	2197855	36727	4	29	ssuD	Alkanes	Auxillary alkane pathway	Accessory/other:10; Transport/efflux:9; Hypothetical/accessory:5; Oxygenase/dioxygenase:4; Regulator:1
GROW_127_consensus_panelcluster_17075	GROW_127_consensus	multi_hit	1	30451	57198	26747	4	19	chnD; hapE; hbd; pnbA	Alkanes; Hydroquinone; Plastics	Hydroquinone; P3HV/PHA/PHBV; PET; Terminal/biterminal oxidation	Hypothetical/accessory:7; Dehydrogenase/oxidoreductase:3; Regulator:2; Accessory/other:2; Hydratase/dehydratase/isomerase:2; Transport/efflux:2; Hydrolase/decarboxylase/lyase:1
GROW_127_consensus_panelcluster_17095	GROW_127_consensus	multi_hit	1	2000370	2013979	13609	4	9	fadD; galC; galD; galR	Beta-oxidation; Gallate	Beta-oxidation; Gallate	Hydratase/dehydratase/isomerase:3; Hypothetical/accessory:3; CoA ligase/synthetase:1; Regulator:1; Hydrolase/decarboxylase/lyase:1
GROW_131_consensus_panelcluster_17172	GROW_131_consensus	multi_hit	1	1852847	1866394	13547	4	12	pqiA; pqiB; pqiC; ssuD	Alkanes; Transportation	Auxillary alkane pathway; Transportation	Transport/efflux:5; Accessory/other:4; Dehydrogenase/oxidoreductase:2; Oxygenase/dioxygenase:1
GROW_131_consensus_panelcluster_17184	GROW_131_consensus	multi_hit	1	2530617	2543205	12588	4	11	alkJ_adh; pegA; phdK; xylG	Alkanes; Aromatics; Catechol-meta; Plastics	Auxillary alkane pathway; Catechol-meta; PEG; p-Cumate	Dehydrogenase/oxidoreductase:5; Regulator:2; Hypothetical/accessory:2; Oxygenase/dioxygenase:1; Accessory/other:1
GROW_61_consensus_panelcluster_17224	GROW_61_consensus	multi_hit	1	1653965	1667645	13680	4	11	pqiA; pqiB; pqiC; ssuD	Alkanes; Transportation	Auxillary alkane pathway; Transportation	Accessory/other:4; Transport/efflux:4; Dehydrogenase/oxidoreductase:2; Oxygenase/dioxygenase:1
GROW_67_consensus_panelcluster_17261	GROW_67_consensus	multi_hit	1	256513	271724	15211	4	13	dszC; galP; ladA	Alkanes; Aromatics; Gallate	Dibenzofuran; Gallate; Terminal/biterminal oxidation	Accessory/other:4; Hypothetical/accessory:4; Transport/efflux:3; Oxygenase/dioxygenase:2
GROW_67_consensus_panelcluster_17343	GROW_67_consensus	multi_hit	1	5360706	5395845	35139	4	29	alkN_mcp; nagAa; opdK	Alkanes; Aromatics; Naphthalene; Transportation	1-Methylnaphthalene/2-Methylnaphthalene; Hydrocarbon uptake; Transportation	Hypothetical/accessory:14; Accessory/other:10; Transport/efflux:2; Dehydrogenase/oxidoreductase:1; Regulator:1; Electron transfer/redox:1
GROW_68_consensus_panelcluster_17366	GROW_68_consensus	multi_hit	1	243307	257551	14244	4	11	dszC; galP; ladA	Alkanes; Aromatics; Gallate	Dibenzofuran; Gallate; Terminal/biterminal oxidation	Accessory/other:4; Transport/efflux:3; Oxygenase/dioxygenase:2; Hypothetical/accessory:2
GROW_68_consensus_panelcluster_17404	GROW_68_consensus	multi_hit	1	2273981	2285457	11476	4	10	alkJ_adh; atoA; atoB; pcaI	Alkanes; Beta-oxidation; Catechol-ortho; Cyclohexylacetate	Auxillary alkane pathway; Beta-oxidation; Catechol-ortho; Cyclohexylacetate	Accessory/other:3; Thiolase/transferase:2; Regulator:1; Hypothetical/accessory:1; Hydratase/dehydratase/isomerase:1; Transport/efflux:1; Dehydrogenase/oxidoreductase:1
GROW_68_consensus_panelcluster_17450	GROW_68_consensus	multi_hit	1	5320824	5355966	35142	4	30	alkN_mcp; nagAa; opdK	Alkanes; Aromatics; Naphthalene; Transportation	1-Methylnaphthalene/2-Methylnaphthalene; Hydrocarbon uptake; Transportation	Hypothetical/accessory:15; Accessory/other:10; Transport/efflux:2; Dehydrogenase/oxidoreductase:1; Regulator:1; Electron transfer/redox:1
GROW_70_consensus_panelcluster_17481	GROW_70_consensus	multi_hit	1	1630822	1644250	13428	4	11	pqiA; pqiB; pqiC; ssuD	Alkanes; Transportation	Auxillary alkane pathway; Transportation	Accessory/other:4; Transport/efflux:4; Dehydrogenase/oxidoreductase:2; Oxygenase/dioxygenase:1
GROW_70_consensus_panelcluster_17502	GROW_70_consensus	multi_hit	1	4031494	4034596	3102	4	5	mlaB; mlaD; mlaE; mlaF	Transportation	Transportation	Transport/efflux:5
GROW_72_consensus_panelcluster_17520	GROW_72_consensus	multi_hit	1	1673420	1687100	13680	4	11	pqiA; pqiB; pqiC; ssuD	Alkanes; Transportation	Auxillary alkane pathway; Transportation	Accessory/other:4; Transport/efflux:4; Dehydrogenase/oxidoreductase:2; Oxygenase/dioxygenase:1
GROW_73_consensus_panelcluster_17569	GROW_73_consensus	multi_hit	1	1707940	1721620	13680	4	11	pqiA; pqiB; pqiC; ssuD	Alkanes; Transportation	Auxillary alkane pathway; Transportation	Accessory/other:4; Transport/efflux:4; Dehydrogenase/oxidoreductase:2; Oxygenase/dioxygenase:1
GROW_74_consensus_panelcluster_17604	GROW_74_consensus	multi_hit	1	201874	215520	13646	4	10	chcC2; hpcC; pcaK	Aromatics; Cyclohexanecarboxylate; Transportation	Cyclohexanecarboxylate; Homoprotocatechuate; Transportation	Dehydrogenase/oxidoreductase:3; Regulator:2; Hypothetical/accessory:2; Mobile/stress/accessory:2; Transport/efflux:1
GROW_74_consensus_panelcluster_17605	GROW_74_consensus	multi_hit	1	250481	263901	13420	4	11	dszC; galP; ladA	Alkanes; Aromatics; Gallate	Dibenzofuran; Gallate; Terminal/biterminal oxidation	Accessory/other:4; Transport/efflux:3; Oxygenase/dioxygenase:2; Hypothetical/accessory:2
GROW_74_consensus_panelcluster_17637	GROW_74_consensus	multi_hit	1	1974517	1990919	16402	4	13	acdB; aliA; fadE; paaH	Beta-oxidation; Phenylacetate	Beta-oxidation; Phenylacetate	Regulator:3; Dehydrogenase/oxidoreductase:3; Hypothetical/accessory:3; Accessory/other:2; CoA ligase/synthetase:1; Thiolase/transferase:1
GROW_74_consensus_panelcluster_17642	GROW_74_consensus	multi_hit	1	2144936	2156349	11413	4	10	alkJ_adh; atoA; atoB; pcaI	Alkanes; Beta-oxidation; Catechol-ortho; Cyclohexylacetate	Auxillary alkane pathway; Beta-oxidation; Catechol-ortho; Cyclohexylacetate	Accessory/other:3; Thiolase/transferase:2; Regulator:1; Hypothetical/accessory:1; Hydratase/dehydratase/isomerase:1; Transport/efflux:1; Dehydrogenase/oxidoreductase:1
GROW_74_consensus_panelcluster_17650	GROW_74_consensus	multi_hit	1	2569865	2580950	11085	4	6	acdA; fadK; hmgL; nagR	Beta-oxidation; Cyclohexylacetate; Naphthalene	Beta-oxidation; Cyclohexylacetate; Naphthalene	Dehydrogenase/oxidoreductase:1; CoA ligase/synthetase:1; Hypothetical/accessory:1; Hydrolase/decarboxylase/lyase:1; Regulator:1; Accessory/other:1
GROW_74_consensus_panelcluster_17662	GROW_74_consensus	multi_hit	1	3218848	3223183	4335	4	4	acdA; atoB; badK	Beta-oxidation; Cyclohexanecarboxylate	Beta-oxidation; Cyclohexanecarboxylate	Dehydrogenase/oxidoreductase:2; Thiolase/transferase:1; Hydratase/dehydratase/isomerase:1
GROW_74_consensus_panelcluster_17669	GROW_74_consensus	multi_hit	1	3667443	3686826	19383	4	17	GI:23664434; amdA; pchA; pchF	Aromatics; Plastics	Benzene; PU; Toluene	Hypothetical/accessory:6; Hydratase/dehydratase/isomerase:3; Accessory/other:3; Dehydrogenase/oxidoreductase:2; Regulator:2; Oxygenase/dioxygenase:1
GROW_74_consensus_panelcluster_17681	GROW_74_consensus	multi_hit	1	4425367	4449445	24078	4	18	dszC; nylA; ompW; pchA	Aromatics; Plastics; Transportation	Dibenzofuran; Nylon; Toluene; Transportation	Accessory/other:7; Regulator:3; Hypothetical/accessory:3; Transport/efflux:2; Oxygenase/dioxygenase:2; Dehydrogenase/oxidoreductase:1
GROW_76_consensus_panelcluster_17717	GROW_76_consensus	multi_hit	1	575007	578109	3102	4	5	mlaB; mlaD; mlaE; mlaF	Transportation	Transportation	Transport/efflux:5
GROW_76_consensus_panelcluster_17731	GROW_76_consensus	multi_hit	1	2291645	2299775	8130	4	8	badH; blc; catR	Alkanes; Beta-oxidation; Catechol-ortho	Beta-oxidation; Catechol-ortho; Hydrocarbon uptake	Accessory/other:3; Regulator:2; Dehydrogenase/oxidoreductase:1; Carboxylase:1; Hypothetical/accessory:1
GROW_76_consensus_panelcluster_17739	GROW_76_consensus	multi_hit	1	2857095	2870435	13340	4	11	pqiA; pqiB; pqiC; ssuD	Alkanes; Transportation	Auxillary alkane pathway; Transportation	Transport/efflux:4; Accessory/other:4; Dehydrogenase/oxidoreductase:2; Oxygenase/dioxygenase:1
GROW_83_consensus_panelcluster_17827	GROW_83_consensus	multi_hit	1	1580781	1595774	14993	4	13	acdA; crt; nagR; pegC	Beta-oxidation; Naphthalene; Plastics	Beta-oxidation; Naphthalene; PEG	Hypothetical/accessory:4; Accessory/other:3; Dehydrogenase/oxidoreductase:2; Hydratase/dehydratase/isomerase:1; CoA ligase/synthetase:1; Carboxylase:1; Transport/efflux:1
GROW_83_consensus_panelcluster_17888	GROW_83_consensus	multi_hit	1	5641696	5648043	6347	4	5	acdA; fadD; hmgL; nagR	Beta-oxidation; Cyclohexylacetate; Naphthalene	Beta-oxidation; Cyclohexylacetate; Naphthalene	Accessory/other:1; Regulator:1; Hydrolase/decarboxylase/lyase:1; CoA ligase/synthetase:1; Dehydrogenase/oxidoreductase:1
GROW_93_consensus_panelcluster_17904	GROW_93_consensus	multi_hit	1	535331	538432	3101	4	5	mlaB; mlaD; mlaE; mlaF	Transportation	Transportation	Transport/efflux:5
GROW_93_consensus_panelcluster_17909	GROW_93_consensus	multi_hit	1	945901	956382	10481	4	8	dszC; ladA; ssuD	Alkanes; Aromatics	Auxillary alkane pathway; Dibenzofuran; Terminal/biterminal oxidation	Oxygenase/dioxygenase:3; Transport/efflux:3; Accessory/other:1; Hypothetical/accessory:1
GROW_93_consensus_panelcluster_17920	GROW_93_consensus	multi_hit	1	1921677	1935067	13390	4	11	pqiA; pqiB; pqiC; ssuD	Alkanes; Transportation	Auxillary alkane pathway; Transportation	Accessory/other:4; Transport/efflux:4; Dehydrogenase/oxidoreductase:2; Oxygenase/dioxygenase:1
GROW_93_consensus_panelcluster_17931	GROW_93_consensus	multi_hit	1	2602432	2611952	9520	4	7	pcaG; pcaH; pnbA; xylB	Aromatics; Plastics; Protocatechuate	PET; Protocatechuate; Toluene	Dehydrogenase/oxidoreductase:2; Oxygenase/dioxygenase:2; Accessory/other:2; Regulator:1
GROW_93_consensus_panelcluster_17949	GROW_93_consensus	multi_hit	1	4097145	4100920	3775	4	4	mhbD; mhbH; mhbl; pcaK	Gentisate; Transportation	Gentisate; Transportation	Hydratase/dehydratase/isomerase:1; Hydrolase/decarboxylase/lyase:1; Oxygenase/dioxygenase:1; Transport/efflux:1
L3.medaka_panelcluster_17974	L3.medaka	multi_hit	contig_2	516158	529656	13498	4	9	abmG1; alkJ_adh; chcB2; hapE	Alkanes; Aromatics; Cyclohexanecarboxylate; Hydroquinone	Anthranilate; Auxillary alkane pathway; Cyclohexanecarboxylate; Hydroquinone	Accessory/other:4; Dehydrogenase/oxidoreductase:3; Hypothetical/accessory:1; Regulator:1
LMAZ01000003.1_panelcluster_18022	LMAZ01000003.1	multi_hit	c_000000000001	90232	106924	16692	4	16	PGRcl; aliA; est; opdK	Beta-oxidation; Plastics; Pyrogallol; Transportation	Beta-oxidation; PLA; Pyrogallol; Transportation	Hypothetical/accessory:9; Accessory/other:3; Dehydrogenase/oxidoreductase:1; Regulator:1; CoA ligase/synthetase:1; Transport/efflux:1
65.medaka_panelcluster_24	65.medaka	multi_hit	contig_18	2215568	2221274	5706	3	4	fadI; fadJ; fadL	Beta-oxidation; Catechol-ortho; Transportation	Beta-oxidation; Catechol-ortho; Transportation	Accessory/other:1; Thiolase/transferase:1; Hypothetical/accessory:1; Transport/efflux:1
66.medaka_panelcluster_97	66.medaka	multi_hit	contig_8	1260283	1265989	5706	3	4	fadI; fadJ; fadL	Beta-oxidation; Catechol-ortho; Transportation	Beta-oxidation; Catechol-ortho; Transportation	Transport/efflux:1; Hypothetical/accessory:1; Thiolase/transferase:1; Accessory/other:1
68A.medaka_panelcluster_161	68A.medaka	multi_hit	contig_1	4345555	4351261	5706	3	4	fadI; fadJ; fadL	Beta-oxidation; Catechol-ortho; Transportation	Beta-oxidation; Catechol-ortho; Transportation	Accessory/other:1; Thiolase/transferase:1; Hypothetical/accessory:1; Transport/efflux:1
CP010516.1_panelcluster_185	CP010516.1	multi_hit	c_000000000001	463420	471201	7781	3	6	acdB; fadA; paaG	Beta-oxidation; Phenylacetate	Beta-oxidation; Phenylacetate	Dehydrogenase/oxidoreductase:2; Hypothetical/accessory:1; Mobile/stress/accessory:1; Thiolase/transferase:1; Hydratase/dehydratase/isomerase:1
CP010516.1_panelcluster_186	CP010516.1	multi_hit	c_000000000001	515397	530631	15234	3	12	AAE3; catR; yfdE	Catechol-ortho; Oxalate	Catechol-ortho; Oxalate	Hypothetical/accessory:5; Regulator:2; Accessory/other:1; Thiolase/transferase:1; Hydrolase/decarboxylase/lyase:1; Hydratase/dehydratase/isomerase:1; CoA ligase/synthetase:1
CP010516.1_panelcluster_190	CP010516.1	multi_hit	c_000000000001	857903	869943	12040	3	11	acdB; badI; phaZ1	Beta-oxidation; Plastics	Beta-oxidation; PHA/PHB	Accessory/other:3; Electron transfer/redox:2; Dehydrogenase/oxidoreductase:2; Hypothetical/accessory:2; Hydratase/dehydratase/isomerase:1; Transport/efflux:1
CP010516.1_panelcluster_207	CP010516.1	multi_hit	c_000000000001	2149939	2159034	9095	3	5	abmA; abmG1; acsA	Aromatics; Beta-oxidation	Anthranilate; Beta-oxidation	Dehydrogenase/oxidoreductase:2; CoA ligase/synthetase:1; Hydratase/dehydratase/isomerase:1; Accessory/other:1
CP010516.1_panelcluster_222	CP010516.1	multi_hit	c_000000000001	3327132	3333186	6054	3	6	chqB; macA; pcaK	Hydroxyquinol; Transportation	Hydroxyquinol; Transportation	Oxygenase/dioxygenase:1; Dehydrogenase/oxidoreductase:1; Regulator:1; Hypothetical/accessory:1; Hydrolase/decarboxylase/lyase:1; Transport/efflux:1
CP010517.1_panelcluster_227	CP010517.1	multi_hit	c_000000000001	144561	154685	10124	3	9	catR; uctC; yfdE	Catechol-ortho; Oxalate	Catechol-ortho; Oxalate	Hypothetical/accessory:3; Thiolase/transferase:2; Oxygenase/dioxygenase:1; Hydratase/dehydratase/isomerase:1; Regulator:1; Accessory/other:1
CP010517.1_panelcluster_242	CP010517.1	multi_hit	c_000000000001	839794	847252	7458	3	8	aliB; catC; pcaD	Beta-oxidation; Catechol-ortho; Protocatechuate	Beta-oxidation; Catechol-ortho; Protocatechuate	Regulator:2; Dehydrogenase/oxidoreductase:1; Transport/efflux:1; Accessory/other:1; Hypothetical/accessory:1; Hydratase/dehydratase/isomerase:1; Hydrolase/decarboxylase/lyase:1
CP010517.1_panelcluster_259	CP010517.1	multi_hit	c_000000000001	1652551	1668132	15581	3	12	bphG; rdxR; sdgB	Alkanes; Aromatics	Biphenyl; Salicylate; Terminal/biterminal oxidation	Dehydrogenase/oxidoreductase:5; Hypothetical/accessory:5; Regulator:1; CoA ligase/synthetase:1
CP010517.1_panelcluster_262	CP010517.1	multi_hit	c_000000000001	1869599	1872260	2661	3	3	pcaF; pcaI; pcaJ	Catechol-ortho; Protocatechuate	Catechol-ortho; Protocatechuate	Thiolase/transferase:3
CP063454.1_panelcluster_274	CP063454.1	multi_hit	c_000000000001	512016	526654	14638	3	9	alkJ_adh; catR; mpdC	Alkanes; Alkenes; Catechol-ortho	2-methylpropene; Auxillary alkane pathway; Catechol-ortho	Accessory/other:5; Dehydrogenase/oxidoreductase:2; Regulator:1; Hypothetical/accessory:1
CP063454.1_panelcluster_281	CP063454.1	multi_hit	c_000000000001	1074277	1078789	4512	3	4	alkN_mcp; pcaG; pcaH	Alkanes; Protocatechuate	Hydrocarbon uptake; Protocatechuate	Oxygenase/dioxygenase:2; Accessory/other:1; Hypothetical/accessory:1
CP063454.1_panelcluster_302	CP063454.1	multi_hit	c_000000000001	2313476	2319504	6028	3	5	ahpC; ahpF; nagR	Alkanes; Naphthalene	Finnerty pathway; Naphthalene	Dehydrogenase/oxidoreductase:3; Accessory/other:2
CP063454.1_panelcluster_310	CP063454.1	multi_hit	c_000000000001	2794270	2806283	12013	3	8	acdB; nagF; pcaK	Beta-oxidation; Naphthalene; Transportation	Beta-oxidation; Naphthalene; Transportation	Dehydrogenase/oxidoreductase:2; Accessory/other:2; CoA ligase/synthetase:1; Thiolase/transferase:1; Hypothetical/accessory:1; Transport/efflux:1
CP063454.1_panelcluster_330	CP063454.1	multi_hit	c_000000000001	3699479	3711442	11963	3	11	atoB; opdK; paaH	Beta-oxidation; Phenylacetate; Transportation	Beta-oxidation; Phenylacetate; Transportation	Regulator:4; Accessory/other:3; Thiolase/transferase:1; Dehydrogenase/oxidoreductase:1; Hypothetical/accessory:1; Transport/efflux:1
CP063454.1_panelcluster_337	CP063454.1	multi_hit	c_000000000001	4419584	4424464	4880	3	3	fadD; plaM9	Beta-oxidation; Plastics	Beta-oxidation; PBS/PBSA/PCL/PES/PHA/PLA	CoA ligase/synthetase:2; Accessory/other:1
CP063454.1_panelcluster_343	CP063454.1	multi_hit	c_000000000001	4814346	4816437	2091	3	3	mlaD; mlaE; mlaF	Transportation	Transportation	Transport/efflux:3
CP063455.1_panelcluster_363	CP063455.1	multi_hit	c_000000000001	466665	470512	3847	3	3	dszC; ladA	Alkanes; Aromatics	Dibenzofuran; Terminal/biterminal oxidation	Accessory/other:2; Oxygenase/dioxygenase:1
CP063455.1_panelcluster_369	CP063455.1	multi_hit	c_000000000001	735865	744320	8455	3	6	acdB; alkN_mcp	Alkanes; Beta-oxidation	Beta-oxidation; Hydrocarbon uptake	Hypothetical/accessory:4; Accessory/other:1; Dehydrogenase/oxidoreductase:1
CP063455.1_panelcluster_373	CP063455.1	multi_hit	c_000000000001	1040951	1043874	2923	3	3	antA; antB; antC	Aromatics	Anthranilate	Oxygenase/dioxygenase:3
CP063455.1_panelcluster_377	CP063455.1	multi_hit	c_000000000001	1210825	1212898	2073	3	3	mlaD; mlaE; mlaF	Transportation	Transportation	Transport/efflux:3
CP063455.1_panelcluster_379	CP063455.1	multi_hit	c_000000000001	1255078	1259847	4769	3	4	galT; hmgA; mhbl	Aromatics; Gallate; Gentisate	Gallate; Gentisate; Homogentisate	Oxygenase/dioxygenase:1; Hypothetical/accessory:1; Hydratase/dehydratase/isomerase:1; Transport/efflux:1
CP063455.1_panelcluster_388	CP063455.1	multi_hit	c_000000000001	1851883	1860460	8577	3	8	benD; bphX3; xylQ	Aromatics; Benzoate; Catechol-meta	Benzoate; Biphenyl; Catechol-meta	Dehydrogenase/oxidoreductase:3; Hydrolase/decarboxylase/lyase:2; Accessory/other:2; Hydratase/dehydratase/isomerase:1
CP063455.1_panelcluster_399	CP063455.1	multi_hit	c_000000000001	2560804	2568547	7743	3	6	acdB; aliA; paaH	Beta-oxidation; Phenylacetate	Beta-oxidation; Phenylacetate	Dehydrogenase/oxidoreductase:2; CoA ligase/synthetase:1; Accessory/other:1; Regulator:1; Hypothetical/accessory:1
CP063455.1_panelcluster_406	CP063455.1	multi_hit	c_000000000001	2890795	2906455	15660	3	11	alkJ_adh; atdA1; hpcC	Alkanes; Aromatics	Aniline; Auxillary alkane pathway; Homoprotocatechuate	Dehydrogenase/oxidoreductase:4; Regulator:2; Accessory/other:2; Transport/efflux:1; Hypothetical/accessory:1; Hydratase/dehydratase/isomerase:1
CP063455.1_panelcluster_414	CP063455.1	multi_hit	c_000000000001	3345786	3368579	22793	3	15	mdlD; pueA; pueB	Aromatics; Plastics	PU; Toluene	Accessory/other:8; Hypothetical/accessory:5; Dehydrogenase/oxidoreductase:1; Regulator:1
CP063455.1_panelcluster_433	CP063455.1	multi_hit	c_000000000001	4667950	4681804	13854	3	11	BVMO; alkN_mcp	Alkanes	Hydrocarbon uptake; Subterminal oxidation	Hypothetical/accessory:5; Accessory/other:4; Dehydrogenase/oxidoreductase:1; Transport/efflux:1
CP063455.1_panelcluster_435	CP063455.1	multi_hit	c_000000000001	4857729	4864857	7128	3	8	dszC; ssuD	Alkanes; Aromatics	Auxillary alkane pathway; Dibenzofuran	Oxygenase/dioxygenase:3; Regulator:2; Hypothetical/accessory:2; Accessory/other:1
CP063455.1_panelcluster_441	CP063455.1	multi_hit	c_000000000001	5335491	5340365	4874	3	3	fadD; plaM9	Beta-oxidation; Plastics	Beta-oxidation; PBS/PBSA/PCL/PES/PHA/PLA	CoA ligase/synthetase:2; Accessory/other:1
CP063455.1_panelcluster_452	CP063455.1	multi_hit	c_000000000001	6058188	6065266	7078	3	7	alkN_mcp; pcaG; pcaH	Alkanes; Protocatechuate	Hydrocarbon uptake; Protocatechuate	Hypothetical/accessory:2; Oxygenase/dioxygenase:2; Transport/efflux:1; Dehydrogenase/oxidoreductase:1; Regulator:1
CP063455.1_panelcluster_457	CP063455.1	multi_hit	c_000000000001	6347232	6354403	7171	3	4	acdB	Beta-oxidation	Beta-oxidation	Dehydrogenase/oxidoreductase:3; Hypothetical/accessory:1
CP063455.1_panelcluster_461	CP063455.1	multi_hit	c_000000000001	6622681	6635599	12918	3	13	atdA1; galP; ssuD	Alkanes; Aromatics; Gallate	Aniline; Auxillary alkane pathway; Gallate	Accessory/other:6; Hypothetical/accessory:2; Transport/efflux:2; Hydrolase/decarboxylase/lyase:1; Oxygenase/dioxygenase:1; Dehydrogenase/oxidoreductase:1
Exp3_MAG_100_panelcluster_538	Exp3_MAG_100	multi_hit	MAGs/Exp3_MAG_100_c_000000000027	312	2557	2245	3	3	andAd; chcB2; xecE1	Alkenes; Aromatics; Cyclohexanecarboxylate	Anthranilate; Cyclohexanecarboxylate; Propene	Dehydrogenase/oxidoreductase:2; Oxygenase/dioxygenase:1
Exp3_MAG_100_panelcluster_557	Exp3_MAG_100	multi_hit	MAGs/Exp3_MAG_100_c_000000000163	934	3127	2193	3	3	andAc; andAd; carAc	Aromatics	Anthranilate; Carbazol	Oxygenase/dioxygenase:2; Electron transfer/redox:1
Exp3_MAG_101_panelcluster_564	Exp3_MAG_101	multi_hit	MAGs/Exp3_MAG_101_c_000000000038	6037	11648	5611	3	3	fadD; fadI; fadJ	Beta-oxidation; Catechol-ortho	Beta-oxidation; Catechol-ortho	Accessory/other:2; CoA ligase/synthetase:1
Exp3_MAG_102_panelcluster_602	Exp3_MAG_102	multi_hit	MAGs/Exp3_MAG_102_c_000000000134	1587	4329	2742	3	3	PGRcl; cmtB; est	Aromatics; Plastics; Pyrogallol	PBAT; Pyrogallol; p-Cumate	Dehydrogenase/oxidoreductase:2; Accessory/other:1
Exp3_MAG_102_panelcluster_603	Exp3_MAG_102	multi_hit	MAGs/Exp3_MAG_102_c_000000000137	2750	7298	4548	3	3	alkH_ald; atoB; fadD	Alkanes; Beta-oxidation	Auxillary alkane pathway; Beta-oxidation	Thiolase/transferase:1; CoA ligase/synthetase:1; Dehydrogenase/oxidoreductase:1
Exp3_MAG_102_panelcluster_627	Exp3_MAG_102	multi_hit	MAGs/Exp3_MAG_102_c_000000000333	2386	9119	6733	3	6	echA1; paaG; pegC	Beta-oxidation; Phenylacetate; Plastics	Beta-oxidation; PEG; Phenylacetate	Hydratase/dehydratase/isomerase:2; Dehydrogenase/oxidoreductase:2; Thiolase/transferase:1; CoA ligase/synthetase:1
Exp3_MAG_103_panelcluster_633	Exp3_MAG_103	multi_hit	MAGs/Exp3_MAG_103_c_000000000029	17544	34561	17017	3	11	aliB; alkB; alkH_ald	Alkanes; Beta-oxidation	Auxillary alkane pathway; Beta-oxidation; Terminal/biterminal oxidation	Accessory/other:5; Dehydrogenase/oxidoreductase:4; Hydrolase/decarboxylase/lyase:1; Oxygenase/dioxygenase:1
Exp3_MAG_104_panelcluster_660	Exp3_MAG_104	multi_hit	MAGs/Exp3_MAG_104_c_000000000003	1	7805	7804	3	10	badH; frc	Beta-oxidation; Oxalate	Beta-oxidation; Oxalate	Hypothetical/accessory:3; Thiolase/transferase:2; Accessory/other:2; Dehydrogenase/oxidoreductase:2; Regulator:1
Exp3_MAG_104_panelcluster_662	Exp3_MAG_104	multi_hit	MAGs/Exp3_MAG_104_c_000000000013	34182	37969	3787	3	3	alkL; chcAb; pchA	Alkanes; Aromatics; Cyclohexanecarboxylate	Cyclohexanecarboxylate; Hydrocarbon uptake; Toluene	Electron transfer/redox:1; Hypothetical/accessory:1; Dehydrogenase/oxidoreductase:1
Exp3_MAG_104_panelcluster_664	Exp3_MAG_104	multi_hit	MAGs/Exp3_MAG_104_c_000000000013	119797	125667	5870	3	6	echA1; nagR; pobA	Aromatics; Beta-oxidation; Naphthalene	Beta-oxidation; Naphthalene; Toluene	Accessory/other:2; Hydratase/dehydratase/isomerase:1; Regulator:1; Hypothetical/accessory:1; Oxygenase/dioxygenase:1
Exp3_MAG_104_panelcluster_689	Exp3_MAG_104	multi_hit	MAGs/Exp3_MAG_104_c_000000000043	16429	29336	12907	3	14	hbd; pcaG; pcaH	Plastics; Protocatechuate	P3HV/PHA/PHBV; Protocatechuate	Hypothetical/accessory:7; Oxygenase/dioxygenase:2; Accessory/other:2; Hydrolase/decarboxylase/lyase:1; Regulator:1; Dehydrogenase/oxidoreductase:1
Exp3_MAG_104_panelcluster_705	Exp3_MAG_104	multi_hit	MAGs/Exp3_MAG_104_c_000000000066	12695	21347	8652	3	9	chcAa; cmtB; fadD	Aromatics; Beta-oxidation; Cyclohexanecarboxylate	Beta-oxidation; Cyclohexanecarboxylate; p-Cumate	Hypothetical/accessory:4; Accessory/other:3; CoA ligase/synthetase:1; Dehydrogenase/oxidoreductase:1
Exp3_MAG_104_panelcluster_710	Exp3_MAG_104	multi_hit	MAGs/Exp3_MAG_104_c_000000000075	27748	40152	12404	3	9	pegC; yfdE	Oxalate; Plastics	Oxalate; PEG	Dehydrogenase/oxidoreductase:4; Thiolase/transferase:2; Accessory/other:2; Hydrolase/decarboxylase/lyase:1
Exp3_MAG_104_panelcluster_711	Exp3_MAG_104	multi_hit	MAGs/Exp3_MAG_104_c_000000000076	10224	25881	15657	3	13	ABO_2449; atdA1; hapE	Aromatics; Hydroquinone; Plastics	Aniline; Hydroquinone; PBSA/PCL/PES/PHA/PHBV/PLA	Accessory/other:7; Hypothetical/accessory:3; Transport/efflux:2; Dehydrogenase/oxidoreductase:1
Exp3_MAG_104_panelcluster_724	Exp3_MAG_104	multi_hit	MAGs/Exp3_MAG_104_c_000000000104	1078	5609	4531	3	5	acdB; fadA; hbd	Beta-oxidation; Plastics	Beta-oxidation; P3HV/PHA/PHBV	Hypothetical/accessory:2; Dehydrogenase/oxidoreductase:2; Thiolase/transferase:1
Exp3_MAG_104_panelcluster_727	Exp3_MAG_104	multi_hit	MAGs/Exp3_MAG_104_c_000000000116	2069	4237	2168	3	3	mlaD; mlaE; mlaF	Transportation	Transportation	Transport/efflux:3
Exp3_MAG_105_panelcluster_781	Exp3_MAG_105	multi_hit	MAGs/Exp3_MAG_105_c_000000000230	4343	8586	4243	3	3	fadB; fadD; xylB	Aromatics; Beta-oxidation	Beta-oxidation; Toluene	Dehydrogenase/oxidoreductase:1; CoA ligase/synthetase:1; Hydratase/dehydratase/isomerase:1
Exp3_MAG_105_panelcluster_799	Exp3_MAG_105	multi_hit	MAGs/Exp3_MAG_105_c_000000000338	7567	9689	2122	3	3	mlaD; mlaE; mlaF	Transportation	Transportation	Transport/efflux:3
Exp3_MAG_105_panelcluster_801	Exp3_MAG_105	multi_hit	MAGs/Exp3_MAG_105_c_000000000340	16213	20436	4223	3	4	aabB; pcaF; sdgA	Aromatics; Catechol-ortho; Cyclohexanecarboxylate; Protocatechuate	Cyclohexanecarboxylate; Protocatechuate; Salicylate	Hydratase/dehydratase/isomerase:1; Thiolase/transferase:1; Hypothetical/accessory:1; Accessory/other:1
Exp3_MAG_105_panelcluster_804	Exp3_MAG_105	multi_hit	MAGs/Exp3_MAG_105_c_000000000382	134	2598	2464	3	3	paaC; paaD; paaE	Phenylacetate	Phenylacetate	Accessory/other:3
Exp3_MAG_106_panelcluster_850	Exp3_MAG_106	multi_hit	MAGs/Exp3_MAG_106_c_000000000479	10714	22206	11492	3	6	nylA	Plastics	Nylon	Accessory/other:5; Hypothetical/accessory:1
Exp3_MAG_108_panelcluster_919	Exp3_MAG_108	multi_hit	MAGs/Exp3_MAG_108_c_000000000337	21224	35016	13792	3	13	chcB2; mlaE; mlaF	Cyclohexanecarboxylate; Transportation	Cyclohexanecarboxylate; Transportation	Hypothetical/accessory:6; Transport/efflux:3; Accessory/other:2; Dehydrogenase/oxidoreductase:1; Regulator:1
Exp3_MAG_110_panelcluster_1022	Exp3_MAG_110	multi_hit	MAGs/Exp3_MAG_110_c_000000000267	719	3325	2606	3	3	pcaF; pcaI; pcaJ	Catechol-ortho; Protocatechuate	Catechol-ortho; Protocatechuate	Thiolase/transferase:3
Exp3_MAG_110_panelcluster_1039	Exp3_MAG_110	multi_hit	MAGs/Exp3_MAG_110_c_000000000419	4316	7222	2906	3	4	DPGC; PGRcl; paaH	Phenylacetate; Pyrogallol	Phenylacetate; Pyrogallol	Dehydrogenase/oxidoreductase:2; Accessory/other:1; Hypothetical/accessory:1
Exp3_MAG_110_panelcluster_1061	Exp3_MAG_110	multi_hit	MAGs/Exp3_MAG_110_c_000000000598	1873	13015	11142	3	10	aliB; fadB; yfdE	Beta-oxidation; Oxalate	Beta-oxidation; Oxalate	Hypothetical/accessory:3; Transport/efflux:2; Thiolase/transferase:1; Accessory/other:1; Hydratase/dehydratase/isomerase:1; Regulator:1; Dehydrogenase/oxidoreductase:1
Exp3_MAG_111_panelcluster_1078	Exp3_MAG_111	multi_hit	MAGs/Exp3_MAG_111_c_000000000062	3371	5443	2072	3	3	mlaD; mlaE; mlaF	Transportation	Transportation	Transport/efflux:3
Exp3_MAG_112_panelcluster_1127	Exp3_MAG_112	multi_hit	MAGs/Exp3_MAG_112_c_000000000006	95241	101243	6002	3	5	atoA; atoD; estA	Cyclohexylacetate; Plastics	Cyclohexylacetate; PBAT	Thiolase/transferase:2; Accessory/other:1; Hypothetical/accessory:1; Dehydrogenase/oxidoreductase:1
Exp3_MAG_112_panelcluster_1134	Exp3_MAG_112	multi_hit	MAGs/Exp3_MAG_112_c_000000000026	58506	71004	12498	3	13	atoA; atoD; benD	Benzoate; Cyclohexylacetate	Benzoate; Cyclohexylacetate	Accessory/other:4; Hypothetical/accessory:4; Thiolase/transferase:2; Regulator:2; Dehydrogenase/oxidoreductase:1
Exp3_MAG_113_panelcluster_1164	Exp3_MAG_113	multi_hit	MAGs/Exp3_MAG_113_c_000000000136	14653	20547	5894	3	4	acdB; fadA; fadJ	Beta-oxidation	Beta-oxidation	Dehydrogenase/oxidoreductase:1; Hypothetical/accessory:1; Accessory/other:1; Thiolase/transferase:1
Exp3_MAG_114_panelcluster_1224	Exp3_MAG_114	multi_hit	MAGs/Exp3_MAG_114_c_000000000315	5436	7502	2066	3	3	mlaD; mlaE; mlaF	Transportation	Transportation	Transport/efflux:3
Exp3_MAG_114_panelcluster_1236	Exp3_MAG_114	multi_hit	MAGs/Exp3_MAG_114_c_000000000447	310	3394	3084	3	3	hpcB; hpcC; hpcE	Aromatics	Homoprotocatechuate	Oxygenase/dioxygenase:1; Dehydrogenase/oxidoreductase:1; Carboxylase:1
Exp3_MAG_116_panelcluster_1286	Exp3_MAG_116	multi_hit	MAGs/Exp3_MAG_116_c_000000000007	71303	73413	2110	3	3	mlaD; mlaE; mlaF	Transportation	Transportation	Transport/efflux:3
Exp3_MAG_117_panelcluster_1337	Exp3_MAG_117	multi_hit	MAGs/Exp3_MAG_117_c_000000000116	52775	56623	3848	3	5	mlaE; mlaF	Transportation	Transportation	Transport/efflux:3; Hypothetical/accessory:2
Exp3_MAG_119_panelcluster_1363	Exp3_MAG_119	multi_hit	MAGs/Exp3_MAG_119_c_000000000004	3802	16839	13037	3	12	blc; hmgL; uctC	Alkanes; Cyclohexylacetate; Oxalate	Cyclohexylacetate; Hydrocarbon uptake; Oxalate	Transport/efflux:4; Hypothetical/accessory:3; Dehydrogenase/oxidoreductase:1; Accessory/other:1; Regulator:1; Hydrolase/decarboxylase/lyase:1; Thiolase/transferase:1
Exp3_MAG_119_panelcluster_1377	Exp3_MAG_119	multi_hit	MAGs/Exp3_MAG_119_c_000000000095	1025	3469	2444	3	3	mhbD; mhbH; mhbl	Gentisate	Gentisate	Hydratase/dehydratase/isomerase:1; Hypothetical/accessory:1; Oxygenase/dioxygenase:1
Exp3_MAG_119_panelcluster_1414	Exp3_MAG_119	multi_hit	MAGs/Exp3_MAG_119_c_000000000294	1088	5741	4653	3	4	dszC; ladA	Alkanes; Aromatics	Dibenzofuran; Terminal/biterminal oxidation	Accessory/other:3; Oxygenase/dioxygenase:1
Exp3_MAG_119_panelcluster_1415	Exp3_MAG_119	multi_hit	MAGs/Exp3_MAG_119_c_000000000296	1181	3329	2148	3	3	mlaD; mlaE; mlaF	Transportation	Transportation	Transport/efflux:3
Exp3_MAG_119_panelcluster_1419	Exp3_MAG_119	multi_hit	MAGs/Exp3_MAG_119_c_000000000325	1016	7079	6063	3	6	atoB; cmtB; mhbl	Aromatics; Beta-oxidation; Gentisate	Beta-oxidation; Gentisate; p-Cumate	Accessory/other:3; Dehydrogenase/oxidoreductase:1; Hypothetical/accessory:1; Hydratase/dehydratase/isomerase:1
Exp3_MAG_121_panelcluster_1546	Exp3_MAG_121	multi_hit	MAGs/Exp3_MAG_121_c_000000000026	23916	31751	7835	3	6	aliA; pnbA	Beta-oxidation; Plastics	Beta-oxidation; PET	Accessory/other:2; CoA ligase/synthetase:1; Transport/efflux:1; Hypothetical/accessory:1; Dehydrogenase/oxidoreductase:1
Exp3_MAG_121_panelcluster_1547	Exp3_MAG_121	multi_hit	MAGs/Exp3_MAG_121_c_000000000026	99547	104015	4468	3	4	catR; nagR; pegC	Catechol-ortho; Naphthalene; Plastics	Catechol-ortho; Naphthalene; PEG	Regulator:3; Dehydrogenase/oxidoreductase:1
Exp3_MAG_121_panelcluster_1552	Exp3_MAG_121	multi_hit	MAGs/Exp3_MAG_121_c_000000000029	123049	135340	12291	3	12	chnD; echA1; pegA	Alkanes; Beta-oxidation; Plastics	Beta-oxidation; PEG; Terminal/biterminal oxidation	Hypothetical/accessory:6; Dehydrogenase/oxidoreductase:3; Accessory/other:2; Hydratase/dehydratase/isomerase:1
Exp3_MAG_121_panelcluster_1579	Exp3_MAG_121	multi_hit	MAGs/Exp3_MAG_121_c_000000000089	79610	88559	8949	3	6	acdB; fadA; fadD	Beta-oxidation	Beta-oxidation	Dehydrogenase/oxidoreductase:2; CoA ligase/synthetase:1; Accessory/other:1; Hypothetical/accessory:1; Thiolase/transferase:1
Exp3_MAG_121_panelcluster_1591	Exp3_MAG_121	multi_hit	MAGs/Exp3_MAG_121_c_000000000116	10298	18605	8307	3	8	CYP153; pimC/aabA; xylB	Alkanes; Aromatics; Cyclohexanecarboxylate	Cyclohexanecarboxylate; Terminal/biterminal oxidation; Toluene	Dehydrogenase/oxidoreductase:2; Hypothetical/accessory:2; Regulator:2; Accessory/other:1; Oxygenase/dioxygenase:1
Exp3_MAG_122_panelcluster_1622	Exp3_MAG_122	multi_hit	MAGs/Exp3_MAG_122_c_000000000130	4288	8640	4352	3	3	chnE; pcaF; pcaK	Alkanes; Catechol-ortho; Protocatechuate; Transportation	Protocatechuate; Terminal/biterminal oxidation; Transportation	Thiolase/transferase:1; Dehydrogenase/oxidoreductase:1; Transport/efflux:1
Exp3_MAG_122_panelcluster_1642	Exp3_MAG_122	multi_hit	MAGs/Exp3_MAG_122_c_000000000344	4329	6901	2572	3	3	pcaF; pcaI; pcaJ	Catechol-ortho; Protocatechuate	Catechol-ortho; Protocatechuate	Thiolase/transferase:3
Exp3_MAG_122_panelcluster_1663	Exp3_MAG_122	multi_hit	MAGs/Exp3_MAG_122_c_000000000493	1196	3384	2188	3	3	mlaD; mlaE; mlaF	Transportation	Transportation	Transport/efflux:3
Exp3_MAG_122_panelcluster_1666	Exp3_MAG_122	multi_hit	MAGs/Exp3_MAG_122_c_000000000512	1539	4046	2507	3	3	badH; catR; xecD	Alkenes; Beta-oxidation; Catechol-ortho	Beta-oxidation; Catechol-ortho; Propene	Dehydrogenase/oxidoreductase:2; Regulator:1
Exp3_MAG_122_panelcluster_1673	Exp3_MAG_122	multi_hit	MAGs/Exp3_MAG_122_c_000000000560	1154	7898	6744	3	8	hpcC; nahW; pobB	Aromatics; Protocatechuate	Homoprotocatechuate; Protocatechuate; Salicylate	Hypothetical/accessory:5; Oxygenase/dioxygenase:2; Dehydrogenase/oxidoreductase:1
Exp3_MAG_123_panelcluster_1682	Exp3_MAG_123	multi_hit	MAGs/Exp3_MAG_123_c_000000000005	7104	11602	4498	3	4	ladA; pimC/aabA; pimD	Alkanes; Cyclohexanecarboxylate	Cyclohexanecarboxylate; Terminal/biterminal oxidation	Dehydrogenase/oxidoreductase:2; Oxygenase/dioxygenase:1; Regulator:1
Exp3_MAG_123_panelcluster_1701	Exp3_MAG_123	multi_hit	MAGs/Exp3_MAG_123_c_000000000101	2905	10988	8083	3	7	BVMO; est; hpcH	Alkanes; Aromatics; Plastics	Homoprotocatechuate; PLA; Subterminal oxidation	Hypothetical/accessory:3; Hydrolase/decarboxylase/lyase:1; CoA ligase/synthetase:1; Dehydrogenase/oxidoreductase:1; Oxygenase/dioxygenase:1
Exp3_MAG_123_panelcluster_1714	Exp3_MAG_123	multi_hit	MAGs/Exp3_MAG_123_c_000000000204	1090	6733	5643	3	4	GI:23664434; boxB; boxC	Aromatics	Benzene	Oxygenase/dioxygenase:1; Hydrolase/decarboxylase/lyase:1; Accessory/other:1; CoA ligase/synthetase:1
Exp3_MAG_123_panelcluster_1729	Exp3_MAG_123	multi_hit	MAGs/Exp3_MAG_123_c_000000000296	3212	6830	3618	3	3	pimC/aabA; pimD	Cyclohexanecarboxylate	Cyclohexanecarboxylate	Dehydrogenase/oxidoreductase:3
Exp3_MAG_123_panelcluster_1734	Exp3_MAG_123	multi_hit	MAGs/Exp3_MAG_123_c_000000000330	2130	8998	6868	3	4	BVMO; est	Alkanes; Plastics	PLA; Subterminal oxidation	Accessory/other:2; Hypothetical/accessory:1; Oxygenase/dioxygenase:1
Exp3_MAG_123_panelcluster_1744	Exp3_MAG_123	multi_hit	MAGs/Exp3_MAG_123_c_000000000353	1236	4602	3366	3	3	fadB2; pimC/aabA; pimD	Beta-oxidation; Cyclohexanecarboxylate	Beta-oxidation; Cyclohexanecarboxylate	Dehydrogenase/oxidoreductase:2; Hydratase/dehydratase/isomerase:1
Exp3_MAG_123_panelcluster_1796	Exp3_MAG_123	multi_hit	MAGs/Exp3_MAG_123_c_000000000559	2185	5716	3531	3	3	pht3; pht4; pht5	Aromatics	Phthalate	Dehydrogenase/oxidoreductase:1; Hypothetical/accessory:1; Oxygenase/dioxygenase:1
Exp3_MAG_124_panelcluster_1811	Exp3_MAG_124	multi_hit	MAGs/Exp3_MAG_124_c_000000000023	23907	27229	3322	3	4	atoA; atoB; atoD	Beta-oxidation; Cyclohexylacetate	Beta-oxidation; Cyclohexylacetate	Thiolase/transferase:3; Carboxylase:1
Exp3_MAG_129_panelcluster_1928	Exp3_MAG_129	multi_hit	MAGs/Exp3_MAG_129_c_000000000107	2217	11265	9048	3	9	aabC; pimC/aabA; pimD	Cyclohexanecarboxylate	Cyclohexanecarboxylate	Dehydrogenase/oxidoreductase:4; Hypothetical/accessory:2; Hydratase/dehydratase/isomerase:2; Accessory/other:1
Exp3_MAG_129_panelcluster_1930	Exp3_MAG_129	multi_hit	MAGs/Exp3_MAG_129_c_000000000115	12548	32625	20077	3	13	alkJ_adh; hapE; rdxR	Alkanes; Hydroquinone	Auxillary alkane pathway; Hydroquinone; Terminal/biterminal oxidation	Dehydrogenase/oxidoreductase:6; Transport/efflux:2; Hypothetical/accessory:2; Accessory/other:1; Hydratase/dehydratase/isomerase:1; Regulator:1
Exp3_MAG_129_panelcluster_1931	Exp3_MAG_129	multi_hit	MAGs/Exp3_MAG_129_c_000000000124	9512	14063	4551	3	3	fadJ; pimC/aabA; pimD	Beta-oxidation; Cyclohexanecarboxylate	Beta-oxidation; Cyclohexanecarboxylate	Dehydrogenase/oxidoreductase:2; Accessory/other:1
Exp3_MAG_129_panelcluster_1934	Exp3_MAG_129	multi_hit	MAGs/Exp3_MAG_129_c_000000000137	15504	21887	6383	3	5	abmG2; atoB; pobA	Aromatics; Beta-oxidation	Anthranilate; Beta-oxidation; Toluene	Accessory/other:2; Oxygenase/dioxygenase:1; Regulator:1; Dehydrogenase/oxidoreductase:1
Exp3_MAG_129_panelcluster_1935	Exp3_MAG_129	multi_hit	MAGs/Exp3_MAG_129_c_000000000138	43565	48330	4765	3	4	ahpC; ahpF; alkB	Alkanes	Finnerty pathway; Terminal/biterminal oxidation	Dehydrogenase/oxidoreductase:2; Oxygenase/dioxygenase:1; Hypothetical/accessory:1
Exp3_MAG_129_panelcluster_1949	Exp3_MAG_129	multi_hit	MAGs/Exp3_MAG_129_c_000000000216	13	4082	4069	3	3	boxA; boxB; boxC	Aromatics	Benzene	Oxygenase/dioxygenase:2; Hydrolase/decarboxylase/lyase:1
Exp3_MAG_129_panelcluster_1956	Exp3_MAG_129	multi_hit	MAGs/Exp3_MAG_129_c_000000000231	9014	12791	3777	3	3	pht3; pobB; salA	Aromatics; Protocatechuate	Phthalate; Protocatechuate; Salicylate	Oxygenase/dioxygenase:3
Exp3_MAG_129_panelcluster_2000	Exp3_MAG_129	multi_hit	MAGs/Exp3_MAG_129_c_000000000466	18362	26700	8338	3	8	abmA; abmG1; paaG	Aromatics; Phenylacetate	Anthranilate; Phenylacetate	Dehydrogenase/oxidoreductase:3; Hypothetical/accessory:2; Hydratase/dehydratase/isomerase:1; Hydrolase/decarboxylase/lyase:1; CoA ligase/synthetase:1
Exp3_MAG_129_panelcluster_2023	Exp3_MAG_129	multi_hit	MAGs/Exp3_MAG_129_c_000000000576	2905	11739	8834	3	10	benD; galT	Benzoate; Gallate	Benzoate; Gallate	Hypothetical/accessory:4; Dehydrogenase/oxidoreductase:2; Regulator:1; Oxygenase/dioxygenase:1; Accessory/other:1; Transport/efflux:1
Exp3_MAG_129_panelcluster_2031	Exp3_MAG_129	multi_hit	MAGs/Exp3_MAG_129_c_000000000612	11623	13838	2215	3	3	mlaD; mlaE; mlaF	Transportation	Transportation	Transport/efflux:3
Exp3_MAG_129_panelcluster_2040	Exp3_MAG_129	multi_hit	MAGs/Exp3_MAG_129_c_000000000650	3079	5621	2542	3	3	pcaI; pcaJ; phaY2	Catechol-ortho; Plastics	Catechol-ortho; PHA/PHB	Thiolase/transferase:2; Hydrolase/decarboxylase/lyase:1
Exp3_MAG_129_panelcluster_2051	Exp3_MAG_129	multi_hit	MAGs/Exp3_MAG_129_c_000000000698	653	9435	8782	3	8	frc; hapE; oxlT	Hydroquinone; Oxalate	Hydroquinone; Oxalate	Hypothetical/accessory:3; Regulator:2; Thiolase/transferase:1; Accessory/other:1; Dehydrogenase/oxidoreductase:1
Exp3_MAG_13_panelcluster_2057	Exp3_MAG_13	multi_hit	MAGs/Exp3_MAG_13_c_000000000004	17198	37972	20774	3	14	ahpC; ahpF; pnbA	Alkanes; Plastics	Finnerty pathway; PET	Hypothetical/accessory:4; Accessory/other:4; Dehydrogenase/oxidoreductase:3; Regulator:2; Transport/efflux:1
Exp3_MAG_13_panelcluster_2070	Exp3_MAG_13	multi_hit	MAGs/Exp3_MAG_13_c_000000000017	20346	30932	10586	3	10	athL; bthL; pchF	Aromatics; Pyrogallol	Pyrogallol; Toluene	Hypothetical/accessory:7; Accessory/other:2; Dehydrogenase/oxidoreductase:1
Exp3_MAG_13_panelcluster_2122	Exp3_MAG_13	multi_hit	MAGs/Exp3_MAG_13_c_000000000097	40357	44176	3819	3	4	chcB2; nagR; pchF	Aromatics; Cyclohexanecarboxylate; Naphthalene	Cyclohexanecarboxylate; Naphthalene; Toluene	Dehydrogenase/oxidoreductase:2; Accessory/other:1; Hypothetical/accessory:1
Exp3_MAG_130_panelcluster_2146	Exp3_MAG_130	multi_hit	MAGs/Exp3_MAG_130_c_000000000075	517	5656	5139	3	3	alkJ_adh; fadJ; paaG	Alkanes; Beta-oxidation; Phenylacetate	Auxillary alkane pathway; Beta-oxidation; Phenylacetate	Accessory/other:1; Hydratase/dehydratase/isomerase:1; Dehydrogenase/oxidoreductase:1
Exp3_MAG_130_panelcluster_2166	Exp3_MAG_130	multi_hit	MAGs/Exp3_MAG_130_c_000000000231	5772	11658	5886	3	4	acdB; catE; fadJ	Beta-oxidation; Catechol-meta	Beta-oxidation; Catechol-meta	Oxygenase/dioxygenase:1; Accessory/other:1; Thiolase/transferase:1; Dehydrogenase/oxidoreductase:1
Exp3_MAG_131_panelcluster_2248	Exp3_MAG_131	multi_hit	MAGs/Exp3_MAG_131_c_000000000001	312409	323622	11213	3	8	alkJ_adh; echA1; hapE	Alkanes; Beta-oxidation; Hydroquinone	Auxillary alkane pathway; Beta-oxidation; Hydroquinone	Dehydrogenase/oxidoreductase:3; Hydratase/dehydratase/isomerase:1; CoA ligase/synthetase:1; Accessory/other:1; Transport/efflux:1; Hypothetical/accessory:1
Exp3_MAG_131_panelcluster_2250	Exp3_MAG_131	multi_hit	MAGs/Exp3_MAG_131_c_000000000001	463731	465853	2122	3	3	mlaD; mlaE; mlaF	Transportation	Transportation	Transport/efflux:3
Exp3_MAG_131_panelcluster_2266	Exp3_MAG_131	multi_hit	MAGs/Exp3_MAG_131_c_000000000006	4875	14029	9154	3	9	chcB1; nylC	Cyclohexanecarboxylate; Plastics	Cyclohexanecarboxylate; Nylon	Hypothetical/accessory:5; Dehydrogenase/oxidoreductase:3; Oxygenase/dioxygenase:1
Exp3_MAG_131_panelcluster_2267	Exp3_MAG_131	multi_hit	MAGs/Exp3_MAG_131_c_000000000006	129616	152192	22576	3	19	badH; pvaA; xylB	Aromatics; Beta-oxidation; Plastics	Beta-oxidation; PVA; Toluene	Dehydrogenase/oxidoreductase:6; Hypothetical/accessory:5; Hydrolase/decarboxylase/lyase:3; Transport/efflux:2; Accessory/other:2; Oxygenase/dioxygenase:1
Exp3_MAG_131_panelcluster_2273	Exp3_MAG_131	multi_hit	MAGs/Exp3_MAG_131_c_000000000007	119171	125116	5945	3	6	chcB1; hapE; pimC/aabA	Cyclohexanecarboxylate; Hydroquinone	Cyclohexanecarboxylate; Hydroquinone	Dehydrogenase/oxidoreductase:3; Hypothetical/accessory:2; Accessory/other:1
Exp3_MAG_131_panelcluster_2275	Exp3_MAG_131	multi_hit	MAGs/Exp3_MAG_131_c_000000000007	228585	236986	8401	3	8	CYP450; echA1; pimC/aabA	Alkanes; Beta-oxidation; Cyclohexanecarboxylate	Beta-oxidation; Cyclohexanecarboxylate; Terminal/biterminal oxidation	Dehydrogenase/oxidoreductase:4; Hypothetical/accessory:1; Hydratase/dehydratase/isomerase:1; Oxygenase/dioxygenase:1; Accessory/other:1
Exp3_MAG_131_panelcluster_2290	Exp3_MAG_131	multi_hit	MAGs/Exp3_MAG_131_c_000000000015	39	6832	6793	3	7	aliA; pimC/aabA; pimD	Beta-oxidation; Cyclohexanecarboxylate	Beta-oxidation; Cyclohexanecarboxylate	Hypothetical/accessory:4; Dehydrogenase/oxidoreductase:2; CoA ligase/synthetase:1
Exp3_MAG_131_panelcluster_2291	Exp3_MAG_131	multi_hit	MAGs/Exp3_MAG_131_c_000000000016	16520	32226	15706	3	12	crt; hpaH; pimC/aabA	Aromatics; Beta-oxidation; Cyclohexanecarboxylate	Anthranilate; Beta-oxidation; Cyclohexanecarboxylate	Hypothetical/accessory:4; Accessory/other:2; Oxygenase/dioxygenase:2; Dehydrogenase/oxidoreductase:1; Hydratase/dehydratase/isomerase:1; Regulator:1; Mobile/stress/accessory:1
Exp3_MAG_131_panelcluster_2296	Exp3_MAG_131	multi_hit	MAGs/Exp3_MAG_131_c_000000000020	91528	110813	19285	3	18	fadJ; paaG; xecD	Alkenes; Beta-oxidation; Phenylacetate	Beta-oxidation; Phenylacetate; Propene	Hypothetical/accessory:7; Dehydrogenase/oxidoreductase:4; Accessory/other:3; Oxygenase/dioxygenase:2; Hydratase/dehydratase/isomerase:1; CoA ligase/synthetase:1
Exp3_MAG_131_panelcluster_2302	Exp3_MAG_131	multi_hit	MAGs/Exp3_MAG_131_c_000000000022	18036	31931	13895	3	9	chcAb; chnE; fadI	Alkanes; Catechol-ortho; Cyclohexanecarboxylate	Catechol-ortho; Cyclohexanecarboxylate; Terminal/biterminal oxidation	Dehydrogenase/oxidoreductase:3; Hypothetical/accessory:2; Accessory/other:2; Thiolase/transferase:1; Carboxylase:1
Exp3_MAG_131_panelcluster_2310	Exp3_MAG_131	multi_hit	MAGs/Exp3_MAG_131_c_000000000034	15927	29590	13663	3	13	AAE3; acsA; xecD	Alkenes; Beta-oxidation; Oxalate	Beta-oxidation; Oxalate; Propene	Hypothetical/accessory:5; Accessory/other:4; Dehydrogenase/oxidoreductase:3; CoA ligase/synthetase:1
Exp3_MAG_132_panelcluster_2321	Exp3_MAG_132	multi_hit	MAGs/Exp3_MAG_132_c_000000000012	40224	47800	7576	3	5	acdB; fadA; fadD	Beta-oxidation	Beta-oxidation	Dehydrogenase/oxidoreductase:2; Thiolase/transferase:1; Hypothetical/accessory:1; CoA ligase/synthetase:1
Exp3_MAG_132_panelcluster_2344	Exp3_MAG_132	multi_hit	MAGs/Exp3_MAG_132_c_000000000033	39742	45531	5789	3	7	ahpF; mlaE; mlaF	Alkanes; Transportation	Finnerty pathway; Transportation	Hypothetical/accessory:3; Transport/efflux:2; Accessory/other:1; Dehydrogenase/oxidoreductase:1
Exp3_MAG_132_panelcluster_2345	Exp3_MAG_132	multi_hit	MAGs/Exp3_MAG_132_c_000000000035	23369	38783	15414	3	13	aliA; alkJ_adh; uctC	Alkanes; Beta-oxidation; Oxalate	Auxillary alkane pathway; Beta-oxidation; Oxalate	Hypothetical/accessory:4; Dehydrogenase/oxidoreductase:2; Accessory/other:2; Hydratase/dehydratase/isomerase:1; Transport/efflux:1; Regulator:1; Thiolase/transferase:1; CoA ligase/synthetase:1
Exp3_MAG_135_panelcluster_2427	Exp3_MAG_135	multi_hit	MAGs/Exp3_MAG_135_c_000000000047	95355	107434	12079	3	10	ahpC; fadA; fadB	Alkanes; Beta-oxidation; Catechol-ortho	Beta-oxidation; Catechol-ortho; Finnerty pathway	Hypothetical/accessory:5; Accessory/other:2; Thiolase/transferase:1; Hydratase/dehydratase/isomerase:1; Dehydrogenase/oxidoreductase:1
Exp3_MAG_136_panelcluster_2454	Exp3_MAG_136	multi_hit	MAGs/Exp3_MAG_136_c_000000000075	84	11614	11530	3	10	hmgL; xecE1; yfdE	Alkenes; Cyclohexylacetate; Oxalate	Cyclohexylacetate; Oxalate; Propene	Hypothetical/accessory:3; Accessory/other:3; Hydrolase/decarboxylase/lyase:2; Dehydrogenase/oxidoreductase:1; Thiolase/transferase:1
Exp3_MAG_136_panelcluster_2460	Exp3_MAG_136	multi_hit	MAGs/Exp3_MAG_136_c_000000000155	7204	9340	2136	3	3	mlaD; mlaE; mlaF	Transportation	Transportation	Transport/efflux:3
Exp3_MAG_136_panelcluster_2477	Exp3_MAG_136	multi_hit	MAGs/Exp3_MAG_136_c_000000000285	12108	23950	11842	3	9	alkJ_adh; dszC; ladA	Alkanes; Aromatics	Auxillary alkane pathway; Dibenzofuran; Terminal/biterminal oxidation	Accessory/other:3; Oxygenase/dioxygenase:2; Transport/efflux:1; Mobile/stress/accessory:1; Hypothetical/accessory:1; Dehydrogenase/oxidoreductase:1
Exp3_MAG_136_panelcluster_2485	Exp3_MAG_136	multi_hit	MAGs/Exp3_MAG_136_c_000000000317	421	4770	4349	3	3	boxA; boxB; boxC	Aromatics	Benzene	Oxygenase/dioxygenase:2; Hydrolase/decarboxylase/lyase:1
Exp3_MAG_136_panelcluster_2486	Exp3_MAG_136	multi_hit	MAGs/Exp3_MAG_136_c_000000000327	1056	8945	7889	3	7	PGRcl; pcaI; pcaJ	Catechol-ortho; Pyrogallol	Catechol-ortho; Pyrogallol	Hypothetical/accessory:3; Thiolase/transferase:2; Dehydrogenase/oxidoreductase:1; Accessory/other:1
Exp3_MAG_136_panelcluster_2504	Exp3_MAG_136	multi_hit	MAGs/Exp3_MAG_136_c_000000000442	2441	10451	8010	3	7	phaY2; phaZ; phaZCac	Plastics	P3HP/P4HB/PEA/PES/PHA/PHB; PHA/PHB	Hypothetical/accessory:2; Transport/efflux:2; Hydrolase/decarboxylase/lyase:2; Accessory/other:1
Exp3_MAG_137_panelcluster_2520	Exp3_MAG_137	multi_hit	MAGs/Exp3_MAG_137_c_000000000022	91885	100757	8872	3	7	phaZ1; pnbA; xecD	Alkenes; Plastics	PET; PHA/PHB; Propene	Accessory/other:3; Dehydrogenase/oxidoreductase:2; Transport/efflux:1; Hypothetical/accessory:1
Exp3_MAG_137_panelcluster_2532	Exp3_MAG_137	multi_hit	MAGs/Exp3_MAG_137_c_000000000088	3930	18812	14882	3	14	chnE; fadJ; hapE	Alkanes; Beta-oxidation; Hydroquinone	Beta-oxidation; Hydroquinone; Terminal/biterminal oxidation	Hypothetical/accessory:6; Accessory/other:3; Dehydrogenase/oxidoreductase:3; Hydrolase/decarboxylase/lyase:1; Regulator:1
Exp3_MAG_137_panelcluster_2534	Exp3_MAG_137	multi_hit	MAGs/Exp3_MAG_137_c_000000000128	1359	8420	7061	3	9	acdA; est; hmgL	Beta-oxidation; Cyclohexylacetate; Plastics	Beta-oxidation; Cyclohexylacetate; PBAT	Hypothetical/accessory:5; Accessory/other:2; Hydrolase/decarboxylase/lyase:1; Dehydrogenase/oxidoreductase:1
Exp3_MAG_137_panelcluster_2542	Exp3_MAG_137	multi_hit	MAGs/Exp3_MAG_137_c_000000000197	1864	4580	2716	3	3	atoA; chcAb; pcaI	Catechol-ortho; Cyclohexanecarboxylate; Cyclohexylacetate; Protocatechuate	Catechol-ortho; Protocatechuate; Cyclohexanecarboxylate; Cyclohexylacetate	Thiolase/transferase:2; Dehydrogenase/oxidoreductase:1
Exp3_MAG_138_panelcluster_2557	Exp3_MAG_138	multi_hit	MAGs/Exp3_MAG_138_c_000000000167	2344	4823	2479	3	4	tmoA; tmoC; tmoD	Aromatics	Toluene	Oxygenase/dioxygenase:3; Electron transfer/redox:1
Exp3_MAG_138_panelcluster_2581	Exp3_MAG_138	multi_hit	MAGs/Exp3_MAG_138_c_000000000442	194	2940	2746	3	3	bphF; mhpD; mhpF	Aromatics; Catechol-meta	Biphenyl; Catechol-meta	Dehydrogenase/oxidoreductase:2; Hydrolase/decarboxylase/lyase:1
Exp3_MAG_138_panelcluster_2589	Exp3_MAG_138	multi_hit	MAGs/Exp3_MAG_138_c_000000000492	640	3412	2772	3	4	bphJ; xylI; xylJ	Aromatics; Catechol-meta	Biphenyl; Catechol-meta	Hydratase/dehydratase/isomerase:2; Dehydrogenase/oxidoreductase:1; Hypothetical/accessory:1
Exp3_MAG_139_panelcluster_2639	Exp3_MAG_139	multi_hit	MAGs/Exp3_MAG_139_c_000000000504	733	3279	2546	3	3	pcaF; pcaG; pcaH	Catechol-ortho; Protocatechuate	Protocatechuate	Oxygenase/dioxygenase:2; Thiolase/transferase:1
Exp3_MAG_139_panelcluster_2660	Exp3_MAG_139	multi_hit	MAGs/Exp3_MAG_139_c_000000000693	6	7564	7558	3	8	hpaH; ssuD; ubiX	Alkanes; Aromatics; Tannin	Anthranilate; Auxillary alkane pathway; Tannin	Hypothetical/accessory:3; Oxygenase/dioxygenase:2; Accessory/other:2; Carboxylase:1
Exp3_MAG_14_panelcluster_2674	Exp3_MAG_14	multi_hit	MAGs/Exp3_MAG_14_c_000000000008	20343	22490	2147	3	3	mlaD; mlaE; mlaF	Transportation	Transportation	Transport/efflux:3
Exp3_MAG_140_panelcluster_2693	Exp3_MAG_140	multi_hit	MAGs/Exp3_MAG_140_c_000000000003	66599	82722	16123	3	14	benD-xylL; chcB2; galT	Benzoate; Cyclohexanecarboxylate; Gallate	Benzoate; Cyclohexanecarboxylate; Gallate	Accessory/other:5; Hypothetical/accessory:4; Dehydrogenase/oxidoreductase:2; Transport/efflux:2; Regulator:1
Exp3_MAG_140_panelcluster_2696	Exp3_MAG_140	multi_hit	MAGs/Exp3_MAG_140_c_000000000008	13227	25528	12301	3	10	alkJ_adh; hapE; pegC	Alkanes; Hydroquinone; Plastics	Auxillary alkane pathway; Hydroquinone; PEG	Dehydrogenase/oxidoreductase:4; Transport/efflux:3; Oxygenase/dioxygenase:1; Hypothetical/accessory:1; Regulator:1
Exp3_MAG_140_panelcluster_2697	Exp3_MAG_140	multi_hit	MAGs/Exp3_MAG_140_c_000000000014	5206	7323	2117	3	3	mlaD; mlaE; mlaF	Transportation	Transportation	Transport/efflux:3
Exp3_MAG_140_panelcluster_2700	Exp3_MAG_140	multi_hit	MAGs/Exp3_MAG_140_c_000000000017	3048	11419	8371	3	7	amdA; phaZ; phaZ2	Plastics	PHA; PHA/PHB/PPL; PU	Hypothetical/accessory:3; Hydrolase/decarboxylase/lyase:2; Accessory/other:1; Dehydrogenase/oxidoreductase:1
Exp3_MAG_140_panelcluster_2701	Exp3_MAG_140	multi_hit	MAGs/Exp3_MAG_140_c_000000000018	19800	38989	19189	3	15	est; fadD; fadE	Beta-oxidation; Plastics	Beta-oxidation; PBAT	Accessory/other:6; Hypothetical/accessory:5; CoA ligase/synthetase:1; Transport/efflux:1; Regulator:1; Dehydrogenase/oxidoreductase:1
Exp3_MAG_140_panelcluster_2703	Exp3_MAG_140	multi_hit	MAGs/Exp3_MAG_140_c_000000000019	9799	15889	6090	3	3	acdB; athL; bthL	Beta-oxidation; Pyrogallol	Beta-oxidation; Pyrogallol	Accessory/other:2; Dehydrogenase/oxidoreductase:1
Exp3_MAG_140_panelcluster_2704	Exp3_MAG_140	multi_hit	MAGs/Exp3_MAG_140_c_000000000019	56242	71077	14835	3	12	NFA_28320; hmgL; uctC	Cyclohexylacetate; Oxalate; Plastics	Cyclohexylacetate; Nylon; Oxalate	Dehydrogenase/oxidoreductase:3; Hydrolase/decarboxylase/lyase:2; Hypothetical/accessory:2; Carboxylase:2; Accessory/other:1; Regulator:1; Thiolase/transferase:1
Exp3_MAG_140_panelcluster_2727	Exp3_MAG_140	multi_hit	MAGs/Exp3_MAG_140_c_000000000067	4149	9666	5517	3	5	echA1; est; hapE	Beta-oxidation; Hydroquinone; Plastics	Beta-oxidation; Hydroquinone; PLA	Hydratase/dehydratase/isomerase:2; Hydrolase/decarboxylase/lyase:1; Accessory/other:1; Dehydrogenase/oxidoreductase:1
Exp3_MAG_140_panelcluster_2736	Exp3_MAG_140	multi_hit	MAGs/Exp3_MAG_140_c_000000000090	10965	23349	12384	3	8	GI:23664434; acsA; fadK	Aromatics; Beta-oxidation	Benzene; Beta-oxidation	Regulator:2; Hypothetical/accessory:2; Accessory/other:2; CoA ligase/synthetase:1; Transport/efflux:1
Exp3_MAG_141_panelcluster_2753	Exp3_MAG_141	multi_hit	MAGs/Exp3_MAG_141_c_000000000011	34061	38555	4494	3	3	fadJ; pimC/aabA; pimD	Beta-oxidation; Cyclohexanecarboxylate	Beta-oxidation; Cyclohexanecarboxylate	Dehydrogenase/oxidoreductase:2; Accessory/other:1
Exp3_MAG_141_panelcluster_2760	Exp3_MAG_141	multi_hit	MAGs/Exp3_MAG_141_c_000000000015	63536	71220	7684	3	7	acdA; atoB	Beta-oxidation	Beta-oxidation	Dehydrogenase/oxidoreductase:3; Hypothetical/accessory:2; Hydratase/dehydratase/isomerase:1; Thiolase/transferase:1
Exp3_MAG_141_panelcluster_2769	Exp3_MAG_141	multi_hit	MAGs/Exp3_MAG_141_c_000000000021	172980	185365	12385	3	9	acdB; fadA; oxlT	Beta-oxidation; Oxalate	Beta-oxidation; Oxalate	Dehydrogenase/oxidoreductase:2; Hypothetical/accessory:2; Thiolase/transferase:1; Hydratase/dehydratase/isomerase:1; Regulator:1; Hydrolase/decarboxylase/lyase:1; Accessory/other:1
Exp3_MAG_141_panelcluster_2776	Exp3_MAG_141	multi_hit	MAGs/Exp3_MAG_141_c_000000000027	79141	88453	9312	3	10	paaG; pimC/aabA; pimD	Cyclohexanecarboxylate; Phenylacetate	Cyclohexanecarboxylate; Phenylacetate	Dehydrogenase/oxidoreductase:4; Hypothetical/accessory:3; Hydratase/dehydratase/isomerase:2; Hydrolase/decarboxylase/lyase:1
Exp3_MAG_141_panelcluster_2801	Exp3_MAG_141	multi_hit	MAGs/Exp3_MAG_141_c_000000000075	10533	29696	19163	3	18	chnD; chnE	Alkanes	Terminal/biterminal oxidation	Hypothetical/accessory:9; Accessory/other:5; Dehydrogenase/oxidoreductase:4
Exp3_MAG_141_panelcluster_2811	Exp3_MAG_141	multi_hit	MAGs/Exp3_MAG_141_c_000000000113	3089	5259	2170	3	3	mlaD; mlaE; mlaF	Transportation	Transportation	Transport/efflux:3
Exp3_MAG_142_panelcluster_2817	Exp3_MAG_142	multi_hit	MAGs/Exp3_MAG_142_c_000000000009	1903	8190	6287	3	7	mhbD; nagAc; nagC	Gentisate; Naphthalene	Gentisate; Naphthalene	Oxygenase/dioxygenase:6; Hypothetical/accessory:1
Exp3_MAG_142_panelcluster_2853	Exp3_MAG_142	multi_hit	MAGs/Exp3_MAG_142_c_000000000371	1726	4740	3014	3	3	galC; galD; galR	Gallate	Gallate	Hypothetical/accessory:1; Hydrolase/decarboxylase/lyase:1; Hydratase/dehydratase/isomerase:1
Exp3_MAG_142_panelcluster_2861	Exp3_MAG_142	multi_hit	MAGs/Exp3_MAG_142_c_000000000422	638	3376	2738	3	3	badH; crt; uctC	Beta-oxidation; Oxalate	Beta-oxidation; Oxalate	Thiolase/transferase:1; Hydratase/dehydratase/isomerase:1; Dehydrogenase/oxidoreductase:1
Exp3_MAG_146_panelcluster_2969	Exp3_MAG_146	multi_hit	MAGs/Exp3_MAG_146_c_000000000022	70547	83449	12902	3	10	BVMO; hpaH; mpdB	Alkanes; Alkenes; Aromatics	2-methylpropene; Anthranilate; Subterminal oxidation	Dehydrogenase/oxidoreductase:3; Hypothetical/accessory:2; Accessory/other:2; Oxygenase/dioxygenase:2; Hydrolase/decarboxylase/lyase:1
Exp3_MAG_146_panelcluster_2972	Exp3_MAG_146	multi_hit	MAGs/Exp3_MAG_146_c_000000000028	13841	17709	3868	3	3	pcaB; pcaF; pcaL	Catechol-ortho; Protocatechuate	Catechol-ortho; Protocatechuate	Thiolase/transferase:1; Hydratase/dehydratase/isomerase:1; Hydrolase/decarboxylase/lyase:1
Exp3_MAG_146_panelcluster_2987	Exp3_MAG_146	multi_hit	MAGs/Exp3_MAG_146_c_000000000045	9465	24171	14706	3	14	ABO_2449; acsA; aliA	Beta-oxidation; Plastics	Beta-oxidation; PBSA/PCL/PES/PHA/PHBV/PLA	Hypothetical/accessory:7; Accessory/other:6; CoA ligase/synthetase:1
Exp3_MAG_146_panelcluster_3008	Exp3_MAG_146	multi_hit	MAGs/Exp3_MAG_146_c_000000000073	30892	52437	21545	3	17	alkJ_adh; pchA; yfdE	Alkanes; Aromatics; Oxalate	Auxillary alkane pathway; Oxalate; Toluene	Hypothetical/accessory:5; Dehydrogenase/oxidoreductase:4; Accessory/other:4; Thiolase/transferase:1; Regulator:1; Transport/efflux:1; Hydratase/dehydratase/isomerase:1
Exp3_MAG_147_panelcluster_3032	Exp3_MAG_147	multi_hit	MAGs/Exp3_MAG_147_c_000000000001	6011	28516	22505	3	19	benD; fadD; xylC	Aromatics; Benzoate; Beta-oxidation	Benzoate; Beta-oxidation; Toluene	Dehydrogenase/oxidoreductase:7; Hypothetical/accessory:6; Accessory/other:4; CoA ligase/synthetase:1; Hydratase/dehydratase/isomerase:1
Exp3_MAG_147_panelcluster_3036	Exp3_MAG_147	multi_hit	MAGs/Exp3_MAG_147_c_000000000002	17307	28734	11427	3	9	acdA; atoB	Beta-oxidation	Beta-oxidation	Hypothetical/accessory:4; Dehydrogenase/oxidoreductase:2; Accessory/other:2; Thiolase/transferase:1
Exp3_MAG_147_panelcluster_3041	Exp3_MAG_147	multi_hit	MAGs/Exp3_MAG_147_c_000000000004	248917	251031	2114	3	3	mlaD; mlaE; mlaF	Transportation	Transportation	Transport/efflux:3
Exp3_MAG_147_panelcluster_3042	Exp3_MAG_147	multi_hit	MAGs/Exp3_MAG_147_c_000000000005	84138	100049	15911	3	12	ahpC; ahpF; nagR	Alkanes; Naphthalene	Finnerty pathway; Naphthalene	Accessory/other:6; Dehydrogenase/oxidoreductase:3; Hypothetical/accessory:3
Exp3_MAG_147_panelcluster_3047	Exp3_MAG_147	multi_hit	MAGs/Exp3_MAG_147_c_000000000007	66490	81307	14817	3	13	ISF6_0224; acdB	Beta-oxidation; Plastics	Beta-oxidation; PET	Hypothetical/accessory:5; Accessory/other:5; Dehydrogenase/oxidoreductase:2; Hydrolase/decarboxylase/lyase:1
Exp3_MAG_147_panelcluster_3055	Exp3_MAG_147	multi_hit	MAGs/Exp3_MAG_147_c_000000000012	5954	8090	2136	3	3	andAb; andAc; andAd	Aromatics	Anthranilate	Oxygenase/dioxygenase:2; Electron transfer/redox:1
Exp3_MAG_147_panelcluster_3083	Exp3_MAG_147	multi_hit	MAGs/Exp3_MAG_147_c_000000000029	12915	29664	16749	3	17	alkJ_adh; chcB2; mlaF	Alkanes; Cyclohexanecarboxylate; Transportation	Auxillary alkane pathway; Cyclohexanecarboxylate; Transportation	Hypothetical/accessory:7; Dehydrogenase/oxidoreductase:3; Accessory/other:3; Hydrolase/decarboxylase/lyase:1; Transport/efflux:1; Hydratase/dehydratase/isomerase:1; Regulator:1
Exp3_MAG_148_panelcluster_3144	Exp3_MAG_148	multi_hit	MAGs/Exp3_MAG_148_c_000000000459	1063	4044	2981	3	3	acdA; atoB; isoH	Alkenes; Beta-oxidation	Beta-oxidation; Isoprene	Thiolase/transferase:1; Hypothetical/accessory:1; Dehydrogenase/oxidoreductase:1
Exp3_MAG_148_panelcluster_3145	Exp3_MAG_148	multi_hit	MAGs/Exp3_MAG_148_c_000000000460	38	1984	1946	3	3	mlaD; mlaE; mlaF	Transportation	Transportation	Transport/efflux:3
Exp3_MAG_148_panelcluster_3155	Exp3_MAG_148	multi_hit	MAGs/Exp3_MAG_148_c_000000000547	1093	7391	6298	3	5	boxB; boxC; paaZ	Aromatics; Phenylacetate	Benzene; Phenylacetate	Dehydrogenase/oxidoreductase:1; Hypothetical/accessory:1; Accessory/other:1; Hydrolase/decarboxylase/lyase:1; Oxygenase/dioxygenase:1
Exp3_MAG_149_panelcluster_3184	Exp3_MAG_149	multi_hit	MAGs/Exp3_MAG_149_c_000000000033	397	7435	7038	3	8	DPGC; bthL	Pyrogallol	Pyrogallol	Accessory/other:3; Hypothetical/accessory:3; Transport/efflux:2
Exp3_MAG_149_panelcluster_3198	Exp3_MAG_149	multi_hit	MAGs/Exp3_MAG_149_c_000000000149	657	7975	7318	3	9	acdA; mlaE; mlaF	Beta-oxidation; Transportation	Beta-oxidation; Transportation	Hypothetical/accessory:3; Transport/efflux:3; Dehydrogenase/oxidoreductase:1; Accessory/other:1; Thiolase/transferase:1
Exp3_MAG_150_panelcluster_3274	Exp3_MAG_150	multi_hit	MAGs/Exp3_MAG_150_c_000000000229	3937	6003	2066	3	3	mlaD; mlaE; mlaF	Transportation	Transportation	Transport/efflux:3
Exp3_MAG_150_panelcluster_3281	Exp3_MAG_150	multi_hit	MAGs/Exp3_MAG_150_c_000000000272	243	2650	2407	3	3	paaC; paaD; paaE	Phenylacetate	Phenylacetate	Accessory/other:3
Exp3_MAG_151_panelcluster_3318	Exp3_MAG_151	multi_hit	MAGs/Exp3_MAG_151_c_000000000013	26	15779	15753	3	14	NFA_28320; acsA; xecE1	Alkenes; Beta-oxidation; Plastics	Beta-oxidation; Nylon; Propene	Hypothetical/accessory:7; Dehydrogenase/oxidoreductase:2; Hydrolase/decarboxylase/lyase:2; Accessory/other:2; Carboxylase:1
Exp3_MAG_151_panelcluster_3324	Exp3_MAG_151	multi_hit	MAGs/Exp3_MAG_151_c_000000000019	812	15442	14630	3	10	BVMO; CYP153; chcAa	Alkanes; Cyclohexanecarboxylate	Cyclohexanecarboxylate; Subterminal oxidation; Terminal/biterminal oxidation	Accessory/other:5; Dehydrogenase/oxidoreductase:2; Oxygenase/dioxygenase:2; Hypothetical/accessory:1
Exp3_MAG_151_panelcluster_3336	Exp3_MAG_151	multi_hit	MAGs/Exp3_MAG_151_c_000000000035	50407	59708	9301	3	9	CYP450; fadD; pegC	Alkanes; Beta-oxidation; Plastics	Beta-oxidation; PEG; Terminal/biterminal oxidation	Hypothetical/accessory:5; Dehydrogenase/oxidoreductase:2; CoA ligase/synthetase:1; Accessory/other:1
Exp3_MAG_151_panelcluster_3356	Exp3_MAG_151	multi_hit	MAGs/Exp3_MAG_151_c_000000000069	1206	14723	13517	3	14	pegC; pimC/aabA; xylB	Aromatics; Cyclohexanecarboxylate; Plastics	Cyclohexanecarboxylate; PEG; Toluene	Hypothetical/accessory:7; Dehydrogenase/oxidoreductase:6; Accessory/other:1
Exp3_MAG_151_panelcluster_3375	Exp3_MAG_151	multi_hit	MAGs/Exp3_MAG_151_c_000000000104	2670	12207	9537	3	8	BVMO; badH; benD	Alkanes; Benzoate; Beta-oxidation	Benzoate; Beta-oxidation; Subterminal oxidation	Hypothetical/accessory:5; Dehydrogenase/oxidoreductase:2; Accessory/other:1
Exp3_MAG_151_panelcluster_3377	Exp3_MAG_151	multi_hit	MAGs/Exp3_MAG_151_c_000000000112	6888	12147	5259	3	4	CYP450; nylA; pnbA	Alkanes; Plastics	Nylon; PET; Terminal/biterminal oxidation	Accessory/other:1; Hypothetical/accessory:1; Hydrolase/decarboxylase/lyase:1; Oxygenase/dioxygenase:1
Exp3_MAG_151_panelcluster_3378	Exp3_MAG_151	multi_hit	MAGs/Exp3_MAG_151_c_000000000114	3694	11805	8111	3	9	badH; pimC/aabA; xylB	Aromatics; Beta-oxidation; Cyclohexanecarboxylate	Beta-oxidation; Cyclohexanecarboxylate; Toluene	Dehydrogenase/oxidoreductase:5; Hydratase/dehydratase/isomerase:2; Regulator:1; Hypothetical/accessory:1
Exp3_MAG_151_panelcluster_3392	Exp3_MAG_151	multi_hit	MAGs/Exp3_MAG_151_c_000000000146	20599	27567	6968	3	6	BVMO; CYP153; est	Alkanes; Plastics	PBAT; Subterminal oxidation; Terminal/biterminal oxidation	Oxygenase/dioxygenase:4; Hypothetical/accessory:2
Exp3_MAG_152_panelcluster_3422	Exp3_MAG_152	multi_hit	MAGs/Exp3_MAG_152_c_000000000079	4968	7182	2214	3	3	mlaD; mlaE; mlaF	Transportation	Transportation	Transport/efflux:3
Exp3_MAG_152_panelcluster_3429	Exp3_MAG_152	multi_hit	MAGs/Exp3_MAG_152_c_000000000114	12711	15290	2579	3	3	mhbD; mhbH; mhbl	Gentisate	Gentisate	Oxygenase/dioxygenase:1; Hydrolase/decarboxylase/lyase:1; Hydratase/dehydratase/isomerase:1
Exp3_MAG_152_panelcluster_3446	Exp3_MAG_152	multi_hit	MAGs/Exp3_MAG_152_c_000000000224	5474	8119	2645	3	3	paaJ; pcaI; pcaJ	Catechol-ortho; Phenylacetate	Catechol-ortho; Phenylacetate	Thiolase/transferase:3
Exp3_MAG_152_panelcluster_3488	Exp3_MAG_152	multi_hit	MAGs/Exp3_MAG_152_c_000000000521	2285	7144	4859	3	5	PGRcl; acdB; fadA	Beta-oxidation; Pyrogallol	Beta-oxidation; Pyrogallol	Dehydrogenase/oxidoreductase:2; Hypothetical/accessory:2; Thiolase/transferase:1
Exp3_MAG_152_panelcluster_3489	Exp3_MAG_152	multi_hit	MAGs/Exp3_MAG_152_c_000000000535	694	7438	6744	3	5	GI:23664434; boxC; paaZ	Aromatics; Phenylacetate	Benzene; Phenylacetate	Hydrolase/decarboxylase/lyase:1; Accessory/other:1; Hypothetical/accessory:1; Dehydrogenase/oxidoreductase:1; CoA ligase/synthetase:1
Exp3_MAG_154_panelcluster_3532	Exp3_MAG_154	multi_hit	MAGs/Exp3_MAG_154_c_000000000090	6814	10722	3908	3	3	PGRcl; acdB; fadA	Beta-oxidation; Pyrogallol	Beta-oxidation; Pyrogallol	Dehydrogenase/oxidoreductase:2; Thiolase/transferase:1
Exp3_MAG_154_panelcluster_3536	Exp3_MAG_154	multi_hit	MAGs/Exp3_MAG_154_c_000000000100	8265	10401	2136	3	3	mlaD; mlaE; mlaF	Transportation	Transportation	Transport/efflux:3
Exp3_MAG_154_panelcluster_3539	Exp3_MAG_154	multi_hit	MAGs/Exp3_MAG_154_c_000000000102	42553	53067	10514	3	9	AAE3; catR; chi25	Catechol-ortho; Oxalate; Plastics	Catechol-ortho; Oxalate; PCL	Hypothetical/accessory:3; Accessory/other:2; Hydratase/dehydratase/isomerase:2; Regulator:1; CoA ligase/synthetase:1
Exp3_MAG_154_panelcluster_3549	Exp3_MAG_154	multi_hit	MAGs/Exp3_MAG_154_c_000000000135	7953	12391	4438	3	3	fadJ; pimC/aabA; pimD	Beta-oxidation; Cyclohexanecarboxylate	Beta-oxidation; Cyclohexanecarboxylate	Dehydrogenase/oxidoreductase:2; Accessory/other:1
Exp3_MAG_154_panelcluster_3566	Exp3_MAG_154	multi_hit	MAGs/Exp3_MAG_154_c_000000000212	8084	13522	5438	3	4	abmA; abmG2; paaG	Aromatics; Phenylacetate	Anthranilate; Phenylacetate	Hydratase/dehydratase/isomerase:1; Hypothetical/accessory:1; Dehydrogenase/oxidoreductase:1; CoA ligase/synthetase:1
Exp3_MAG_154_panelcluster_3570	Exp3_MAG_154	multi_hit	MAGs/Exp3_MAG_154_c_000000000229	18553	20795	2242	3	3	PGRcl; pcaI; pcaJ	Catechol-ortho; Pyrogallol	Catechol-ortho; Pyrogallol	Thiolase/transferase:2; Dehydrogenase/oxidoreductase:1
Exp3_MAG_155_panelcluster_3586	Exp3_MAG_155	multi_hit	MAGs/Exp3_MAG_155_c_000000000002	327992	340689	12697	3	11	atoB; catR; rdxR	Alkanes; Beta-oxidation; Catechol-ortho	Beta-oxidation; Catechol-ortho; Terminal/biterminal oxidation	Dehydrogenase/oxidoreductase:2; Hypothetical/accessory:2; Regulator:2; Accessory/other:2; Oxygenase/dioxygenase:1; Electron transfer/redox:1; Thiolase/transferase:1
Exp3_MAG_157_panelcluster_3637	Exp3_MAG_157	multi_hit	MAGs/Exp3_MAG_157_c_000000000005	248983	251102	2119	3	3	mlaD; mlaE; mlaF	Transportation	Transportation	Transport/efflux:3
Exp3_MAG_157_panelcluster_3646	Exp3_MAG_157	multi_hit	MAGs/Exp3_MAG_157_c_000000000007	509291	514943	5652	3	6	atoB; cmtB; mhbl	Aromatics; Beta-oxidation; Gentisate	Beta-oxidation; Gentisate; p-Cumate	Accessory/other:3; Dehydrogenase/oxidoreductase:1; Hypothetical/accessory:1; Hydratase/dehydratase/isomerase:1
Exp3_MAG_157_panelcluster_3668	Exp3_MAG_157	multi_hit	MAGs/Exp3_MAG_157_c_000000000032	48773	66496	17723	3	16	GI:23664434; galD; yfdE	Aromatics; Gallate; Oxalate	Benzene; Gallate; Oxalate	Hypothetical/accessory:7; Accessory/other:3; Regulator:2; Dehydrogenase/oxidoreductase:1; Transport/efflux:1; Hydratase/dehydratase/isomerase:1; Thiolase/transferase:1
Exp3_MAG_157_panelcluster_3672	Exp3_MAG_157	multi_hit	MAGs/Exp3_MAG_157_c_000000000036	94385	107075	12690	3	13	abmA; abmG2; alkB	Alkanes; Aromatics	Anthranilate; Terminal/biterminal oxidation	Hypothetical/accessory:4; Dehydrogenase/oxidoreductase:3; CoA ligase/synthetase:1; Hydratase/dehydratase/isomerase:1; Accessory/other:1; Hydrolase/decarboxylase/lyase:1; Regulator:1; Oxygenase/dioxygenase:1
Exp3_MAG_157_panelcluster_3683	Exp3_MAG_157	multi_hit	MAGs/Exp3_MAG_157_c_000000000066	11956	23997	12041	3	12	blc; phaY2; phaZ	Alkanes; Plastics	Hydrocarbon uptake; PHA/PHB	Hypothetical/accessory:7; Hydrolase/decarboxylase/lyase:3; Accessory/other:2
Exp3_MAG_161_panelcluster_3785	Exp3_MAG_161	multi_hit	MAGs/Exp3_MAG_161_c_000000000046	7857	26085	18228	3	16	chcB2; chcC2; hpcE	Aromatics; Cyclohexanecarboxylate	Cyclohexanecarboxylate; Homoprotocatechuate	Accessory/other:5; Hypothetical/accessory:5; Dehydrogenase/oxidoreductase:4; Hydratase/dehydratase/isomerase:1; Transport/efflux:1
Exp3_MAG_161_panelcluster_3796	Exp3_MAG_161	multi_hit	MAGs/Exp3_MAG_161_c_000000000069	46	29700	29654	3	23	alkJ_adh; andAc; est	Alkanes; Aromatics; Plastics	Anthranilate; Auxillary alkane pathway; PBAT	Accessory/other:10; Hypothetical/accessory:6; Oxygenase/dioxygenase:2; Transport/efflux:2; Dehydrogenase/oxidoreductase:1; Regulator:1; Hydrolase/decarboxylase/lyase:1
Exp3_MAG_161_panelcluster_3802	Exp3_MAG_161	multi_hit	MAGs/Exp3_MAG_161_c_000000000101	7501	15077	7576	3	5	acsA; chcB1; fadJ	Beta-oxidation; Cyclohexanecarboxylate	Beta-oxidation; Cyclohexanecarboxylate	Accessory/other:2; Thiolase/transferase:2; Dehydrogenase/oxidoreductase:1
Exp3_MAG_161_panelcluster_3806	Exp3_MAG_161	multi_hit	MAGs/Exp3_MAG_161_c_000000000110	3688	13537	9849	3	12	atoA; chnE; pcaI	Alkanes; Catechol-ortho; Cyclohexylacetate; Protocatechuate	Catechol-ortho; Protocatechuate; Cyclohexylacetate; Terminal/biterminal oxidation	Hypothetical/accessory:5; Accessory/other:3; Thiolase/transferase:2; Hydrolase/decarboxylase/lyase:1; Dehydrogenase/oxidoreductase:1
Exp3_MAG_162_panelcluster_3848	Exp3_MAG_162	multi_hit	MAGs/Exp3_MAG_162_c_000000000019	32647	46001	13354	3	10	fadK; pobB; xylC	Aromatics; Beta-oxidation; Protocatechuate	Beta-oxidation; Protocatechuate; Toluene	Regulator:3; Accessory/other:2; CoA ligase/synthetase:1; Hypothetical/accessory:1; Electron transfer/redox:1; Oxygenase/dioxygenase:1; Dehydrogenase/oxidoreductase:1
Exp3_MAG_162_panelcluster_3849	Exp3_MAG_162	multi_hit	MAGs/Exp3_MAG_162_c_000000000020	14344	18726	4382	3	4	paaF; pimC/aabA; yfdE	Cyclohexanecarboxylate; Oxalate; Phenylacetate	Cyclohexanecarboxylate; Oxalate; Phenylacetate	Dehydrogenase/oxidoreductase:2; Thiolase/transferase:1; Hydratase/dehydratase/isomerase:1
Exp3_MAG_162_panelcluster_3852	Exp3_MAG_162	multi_hit	MAGs/Exp3_MAG_162_c_000000000022	54134	59686	5552	3	3	athL; bthL; nagF	Naphthalene; Pyrogallol	Naphthalene; Pyrogallol	Accessory/other:2; Dehydrogenase/oxidoreductase:1
Exp3_MAG_162_panelcluster_3853	Exp3_MAG_162	multi_hit	MAGs/Exp3_MAG_162_c_000000000022	108299	126848	18549	3	16	galC; hapE; yfdE	Gallate; Hydroquinone; Oxalate	Gallate; Hydroquinone; Oxalate	Hypothetical/accessory:4; Dehydrogenase/oxidoreductase:3; Hydrolase/decarboxylase/lyase:2; Electron transfer/redox:2; Accessory/other:1; Carboxylase:1; Thiolase/transferase:1; Hydratase/dehydratase/isomerase:1; Regulator:1
Exp3_MAG_162_panelcluster_3860	Exp3_MAG_162	multi_hit	MAGs/Exp3_MAG_162_c_000000000027	17022	35153	18131	3	17	ladA; ssuD	Alkanes	Auxillary alkane pathway; Terminal/biterminal oxidation	Hypothetical/accessory:5; Oxygenase/dioxygenase:4; Accessory/other:4; Dehydrogenase/oxidoreductase:2; Regulator:1; Carboxylase:1
Exp3_MAG_162_panelcluster_3861	Exp3_MAG_162	multi_hit	MAGs/Exp3_MAG_162_c_000000000029	7728	16629	8901	3	7	acdB; fadA; paaG	Beta-oxidation; Phenylacetate	Beta-oxidation; Phenylacetate	Hypothetical/accessory:3; Dehydrogenase/oxidoreductase:2; Hydratase/dehydratase/isomerase:1; Thiolase/transferase:1
Exp3_MAG_162_panelcluster_3867	Exp3_MAG_162	multi_hit	MAGs/Exp3_MAG_162_c_000000000033	159695	163722	4027	3	5	benA; hpaC; pobB	Aromatics; Benzoate; Protocatechuate	4-Hydroxyphenylacetate; Benzene; Protocatechuate	Oxygenase/dioxygenase:2; Dehydrogenase/oxidoreductase:2; Hypothetical/accessory:1
Exp3_MAG_162_panelcluster_3871	Exp3_MAG_162	multi_hit	MAGs/Exp3_MAG_162_c_000000000038	11945	25752	13807	3	14	ahpF; pimC/aabA; pimD	Alkanes; Cyclohexanecarboxylate	Cyclohexanecarboxylate; Finnerty pathway	Accessory/other:6; Hypothetical/accessory:4; Dehydrogenase/oxidoreductase:3; Regulator:1
Exp3_MAG_162_panelcluster_3880	Exp3_MAG_162	multi_hit	MAGs/Exp3_MAG_162_c_000000000045	27394	32452	5058	3	4	ABO_2449; echA1; paaH	Beta-oxidation; Phenylacetate; Plastics	Beta-oxidation; PBSA/PCL/PES/PHA/PHBV/PLA; Phenylacetate	Accessory/other:1; Hypothetical/accessory:1; Dehydrogenase/oxidoreductase:1; Hydratase/dehydratase/isomerase:1
Exp3_MAG_162_panelcluster_3884	Exp3_MAG_162	multi_hit	MAGs/Exp3_MAG_162_c_000000000052	25327	27769	2442	3	3	mhbD; mhbH; mhbl	Gentisate	Gentisate	Oxygenase/dioxygenase:1; Hydrolase/decarboxylase/lyase:1; Hydratase/dehydratase/isomerase:1
Exp3_MAG_162_panelcluster_3887	Exp3_MAG_162	multi_hit	MAGs/Exp3_MAG_162_c_000000000053	62771	64917	2146	3	3	mlaD; mlaE; mlaF	Transportation	Transportation	Transport/efflux:3
Exp3_MAG_162_panelcluster_3918	Exp3_MAG_162	multi_hit	MAGs/Exp3_MAG_162_c_000000000096	5132	15639	10507	3	8	echA1; fadD; pegC	Beta-oxidation; Plastics	Beta-oxidation; PEG	Accessory/other:4; Hydratase/dehydratase/isomerase:1; CoA ligase/synthetase:1; Hypothetical/accessory:1; Dehydrogenase/oxidoreductase:1
Exp3_MAG_162_panelcluster_3926	Exp3_MAG_162	multi_hit	MAGs/Exp3_MAG_162_c_000000000107	5382	10628	5246	3	5	nagR; phaZ7; pobB	Naphthalene; Plastics; Protocatechuate	Naphthalene; PHA/PHB; Protocatechuate	Hypothetical/accessory:2; Accessory/other:1; Electron transfer/redox:1; Oxygenase/dioxygenase:1
Exp3_MAG_163_panelcluster_3941	Exp3_MAG_163	multi_hit	MAGs/Exp3_MAG_163_c_000000000074	6698	12834	6136	3	5	hapE; pegC	Hydroquinone; Plastics	Hydroquinone; PEG	Dehydrogenase/oxidoreductase:3; Hypothetical/accessory:1; Accessory/other:1
Exp3_MAG_163_panelcluster_3963	Exp3_MAG_163	multi_hit	MAGs/Exp3_MAG_163_c_000000000276	2545	17524	14979	3	14	crt; hapE; uctC	Beta-oxidation; Hydroquinone; Oxalate	Beta-oxidation; Hydroquinone; Oxalate	Dehydrogenase/oxidoreductase:3; Accessory/other:3; Transport/efflux:2; Hydratase/dehydratase/isomerase:1; Regulator:1; Hypothetical/accessory:1; CoA ligase/synthetase:1; Hydrolase/decarboxylase/lyase:1; Thiolase/transferase:1
Exp3_MAG_164_panelcluster_3994	Exp3_MAG_164	multi_hit	MAGs/Exp3_MAG_164_c_000000000059	13674	21656	7982	3	6	mhbH; mhbl; yfdE	Gentisate; Oxalate	Gentisate; Oxalate	Hypothetical/accessory:3; Thiolase/transferase:1; Accessory/other:1; Hydratase/dehydratase/isomerase:1
Exp3_MAG_164_panelcluster_4025	Exp3_MAG_164	multi_hit	MAGs/Exp3_MAG_164_c_000000000325	8412	14093	5681	3	4	atdA1; hapE; hpcC	Aromatics; Hydroquinone	Aniline; Homoprotocatechuate; Hydroquinone	Accessory/other:2; Dehydrogenase/oxidoreductase:2
Exp3_MAG_164_panelcluster_4037	Exp3_MAG_164	multi_hit	MAGs/Exp3_MAG_164_c_000000000409	3197	10903	7706	3	5	fadD; fadE; fadI	Beta-oxidation; Catechol-ortho	Beta-oxidation; Catechol-ortho	Hypothetical/accessory:2; Dehydrogenase/oxidoreductase:1; Thiolase/transferase:1; CoA ligase/synthetase:1
Exp3_MAG_165_panelcluster_4063	Exp3_MAG_165	multi_hit	MAGs/Exp3_MAG_165_c_000000000046	13528	20351	6823	3	6	CYP153; echA1; pegC	Alkanes; Beta-oxidation; Plastics	Beta-oxidation; PEG; Terminal/biterminal oxidation	Hydratase/dehydratase/isomerase:1; Accessory/other:1; Hypothetical/accessory:1; Dehydrogenase/oxidoreductase:1; CoA ligase/synthetase:1; Oxygenase/dioxygenase:1
Exp3_MAG_165_panelcluster_4089	Exp3_MAG_165	multi_hit	MAGs/Exp3_MAG_165_c_000000000131	3919	13445	9526	3	9	ahpC; ahpF; almA	Alkanes	Finnerty pathway; Terminal/biterminal oxidation	Hypothetical/accessory:4; Dehydrogenase/oxidoreductase:3; Oxygenase/dioxygenase:1; Accessory/other:1
Exp3_MAG_165_panelcluster_4126	Exp3_MAG_165	multi_hit	MAGs/Exp3_MAG_165_c_000000000272	32936	38141	5205	3	5	paaG; pimC/aabA; pimD	Cyclohexanecarboxylate; Phenylacetate	Cyclohexanecarboxylate; Phenylacetate	Dehydrogenase/oxidoreductase:2; Hydratase/dehydratase/isomerase:2; Thiolase/transferase:1
Exp3_MAG_166_panelcluster_4161	Exp3_MAG_166	multi_hit	MAGs/Exp3_MAG_166_c_000000000445	14464	16554	2090	3	3	mlaD; mlaE; mlaF	Transportation	Transportation	Transport/efflux:3
Exp3_MAG_169_panelcluster_4231	Exp3_MAG_169	multi_hit	MAGs/Exp3_MAG_169_c_000000000050	1945	5712	3767	3	3	hapE; hmgL; yfdE	Cyclohexylacetate; Hydroquinone; Oxalate	Cyclohexylacetate; Hydroquinone; Oxalate	Thiolase/transferase:1; Dehydrogenase/oxidoreductase:1; Hydrolase/decarboxylase/lyase:1
Exp3_MAG_169_panelcluster_4247	Exp3_MAG_169	multi_hit	MAGs/Exp3_MAG_169_c_000000000131	1391	13969	12578	3	12	chcB1; chnE; xylE	Alkanes; Catechol-meta; Cyclohexanecarboxylate	Catechol-meta; Cyclohexanecarboxylate; Terminal/biterminal oxidation	Hypothetical/accessory:4; Oxygenase/dioxygenase:2; Accessory/other:2; Dehydrogenase/oxidoreductase:2; Hydratase/dehydratase/isomerase:1; Regulator:1
Exp3_MAG_170_panelcluster_4287	Exp3_MAG_170	multi_hit	MAGs/Exp3_MAG_170_c_000000000001	24533	29579	5046	3	5	CYP450; chcAb; xylB	Alkanes; Aromatics; Cyclohexanecarboxylate	Cyclohexanecarboxylate; Terminal/biterminal oxidation; Toluene	Dehydrogenase/oxidoreductase:2; Accessory/other:1; Oxygenase/dioxygenase:1; Hypothetical/accessory:1
Exp3_MAG_170_panelcluster_4288	Exp3_MAG_170	multi_hit	MAGs/Exp3_MAG_170_c_000000000001	59806	63473	3667	3	4	crt; echA1; uctC	Beta-oxidation; Oxalate	Beta-oxidation; Oxalate	Hydratase/dehydratase/isomerase:2; Accessory/other:1; Thiolase/transferase:1
Exp3_MAG_170_panelcluster_4296	Exp3_MAG_170	multi_hit	MAGs/Exp3_MAG_170_c_000000000013	38073	43029	4956	3	5	acdA; badH; badI	Beta-oxidation	Beta-oxidation	Dehydrogenase/oxidoreductase:2; Hydratase/dehydratase/isomerase:1; Hypothetical/accessory:1; Accessory/other:1
Exp3_MAG_170_panelcluster_4297	Exp3_MAG_170	multi_hit	MAGs/Exp3_MAG_170_c_000000000017	5483	11121	5638	3	3	fadE; fadI; fadJ	Beta-oxidation; Catechol-ortho	Beta-oxidation; Catechol-ortho	Dehydrogenase/oxidoreductase:1; Thiolase/transferase:1; Accessory/other:1
Exp3_MAG_170_panelcluster_4299	Exp3_MAG_170	multi_hit	MAGs/Exp3_MAG_170_c_000000000033	16746	19288	2542	3	3	pcaB; pcaC; pcaD	Catechol-ortho; Protocatechuate	Protocatechuate	Hydratase/dehydratase/isomerase:1; Hydrolase/decarboxylase/lyase:1; Hypothetical/accessory:1
Exp3_MAG_170_panelcluster_4301	Exp3_MAG_170	multi_hit	MAGs/Exp3_MAG_170_c_000000000037	3598	14821	11223	3	10	ahpF; atoA; pcaI	Alkanes; Catechol-ortho; Cyclohexylacetate	Catechol-ortho; Cyclohexylacetate; Finnerty pathway	Regulator:3; Hypothetical/accessory:3; Thiolase/transferase:2; Dehydrogenase/oxidoreductase:1; Accessory/other:1
Exp3_MAG_170_panelcluster_4303	Exp3_MAG_170	multi_hit	MAGs/Exp3_MAG_170_c_000000000042	18442	38553	20111	3	16	badH; hpcH; oxlT	Aromatics; Beta-oxidation; Oxalate	Beta-oxidation; Homoprotocatechuate; Oxalate	Dehydrogenase/oxidoreductase:3; Transport/efflux:3; Hydratase/dehydratase/isomerase:3; Accessory/other:2; Hydrolase/decarboxylase/lyase:2; Hypothetical/accessory:2; Regulator:1
Exp3_MAG_170_panelcluster_4304	Exp3_MAG_170	multi_hit	MAGs/Exp3_MAG_170_c_000000000042	59387	73173	13786	3	9	ABO_2449; NFA_28320; chnD	Alkanes; Plastics	Nylon; PBSA/PCL/PES/PHA/PHBV/PLA; Terminal/biterminal oxidation	Accessory/other:3; Dehydrogenase/oxidoreductase:2; Hypothetical/accessory:2; Hydrolase/decarboxylase/lyase:1; Thiolase/transferase:1
Exp3_MAG_170_panelcluster_4310	Exp3_MAG_170	multi_hit	MAGs/Exp3_MAG_170_c_000000000053	27040	53661	26621	3	19	SUBS_LEDLE; badK; pegA	Cyclohexanecarboxylate; Plastics	Cyclohexanecarboxylate; PEG; PLA	Accessory/other:8; Hypothetical/accessory:6; Hydratase/dehydratase/isomerase:1; Transport/efflux:1; Thiolase/transferase:1; Hydrolase/decarboxylase/lyase:1; Dehydrogenase/oxidoreductase:1
Exp3_MAG_170_panelcluster_4311	Exp3_MAG_170	multi_hit	MAGs/Exp3_MAG_170_c_000000000056	87	9880	9793	3	10	chnD; hbd; tphB	Alkanes; Aromatics; Plastics	P3HV/PHA/PHBV; Terephthalate; Terminal/biterminal oxidation	Accessory/other:5; Dehydrogenase/oxidoreductase:3; Hypothetical/accessory:2
Exp3_MAG_170_panelcluster_4320	Exp3_MAG_170	multi_hit	MAGs/Exp3_MAG_170_c_000000000076	19023	22398	3375	3	3	badH; mpdC; yfdE	Alkenes; Beta-oxidation; Oxalate	2-methylpropene; Beta-oxidation; Oxalate	Dehydrogenase/oxidoreductase:2; Thiolase/transferase:1
Exp3_MAG_170_panelcluster_4322	Exp3_MAG_170	multi_hit	MAGs/Exp3_MAG_170_c_000000000082	13920	19850	5930	3	5	CYP450; acdA; pimC/aabA	Alkanes; Beta-oxidation; Cyclohexanecarboxylate	Beta-oxidation; Cyclohexanecarboxylate; Terminal/biterminal oxidation	Dehydrogenase/oxidoreductase:2; Hypothetical/accessory:1; Oxygenase/dioxygenase:1; Accessory/other:1
Exp3_MAG_170_panelcluster_4337	Exp3_MAG_170	multi_hit	MAGs/Exp3_MAG_170_c_000000000136	9767	22625	12858	3	16	paaH; pcaC; xecD	Alkenes; Phenylacetate; Protocatechuate	Phenylacetate; Propene; Protocatechuate	Hypothetical/accessory:8; Accessory/other:4; Dehydrogenase/oxidoreductase:2; Carboxylase:1; Hydrolase/decarboxylase/lyase:1
Exp3_MAG_170_panelcluster_4338	Exp3_MAG_170	multi_hit	MAGs/Exp3_MAG_170_c_000000000140	306	17495	17189	3	16	aliB; atoB; uctC	Beta-oxidation; Oxalate	Beta-oxidation; Oxalate	Hypothetical/accessory:5; Dehydrogenase/oxidoreductase:3; Hydratase/dehydratase/isomerase:2; Thiolase/transferase:2; Accessory/other:2; Regulator:1; CoA ligase/synthetase:1
Exp3_MAG_171_panelcluster_4360	Exp3_MAG_171	multi_hit	MAGs/Exp3_MAG_171_c_000000000007	105689	109146	3457	3	4	PGRcl; linE	Hydroquinone; Pyrogallol	Hydroquinone; Pyrogallol	Oxygenase/dioxygenase:2; Hypothetical/accessory:1; Dehydrogenase/oxidoreductase:1
Exp3_MAG_173_panelcluster_4403	Exp3_MAG_173	multi_hit	MAGs/Exp3_MAG_173_c_000000000012	22292	28880	6588	3	4	est; pvaA	Plastics	PBAT; PVA	Dehydrogenase/oxidoreductase:2; Accessory/other:1; Hydratase/dehydratase/isomerase:1
Exp3_MAG_173_panelcluster_4422	Exp3_MAG_173	multi_hit	MAGs/Exp3_MAG_173_c_000000000030	40856	54031	13175	3	11	BVMO; est; pnbA	Alkanes; Plastics	PET; PLA; Subterminal oxidation	Hypothetical/accessory:6; Dehydrogenase/oxidoreductase:2; Accessory/other:2; Oxygenase/dioxygenase:1
Exp3_MAG_173_panelcluster_4437	Exp3_MAG_173	multi_hit	MAGs/Exp3_MAG_173_c_000000000054	6530	12595	6065	3	3	pvaA	Plastics	PVA	Dehydrogenase/oxidoreductase:3
Exp3_MAG_173_panelcluster_4440	Exp3_MAG_173	multi_hit	MAGs/Exp3_MAG_173_c_000000000060	21127	36156	15029	3	16	chcB1; pimC/aabA; pnbA	Cyclohexanecarboxylate; Plastics	Cyclohexanecarboxylate; PET	Hypothetical/accessory:10; Accessory/other:3; Dehydrogenase/oxidoreductase:3
Exp3_MAG_173_panelcluster_4450	Exp3_MAG_173	multi_hit	MAGs/Exp3_MAG_173_c_000000000070	41455	57097	15642	3	19	est; nagR; phaZ2	Naphthalene; Plastics	Naphthalene; PHA/PHB; PLA	Hypothetical/accessory:13; Accessory/other:2; Dehydrogenase/oxidoreductase:2; Regulator:1; Hydratase/dehydratase/isomerase:1
Exp3_MAG_174_panelcluster_4504	Exp3_MAG_174	multi_hit	MAGs/Exp3_MAG_174_c_000000000297	2844	7221	4377	3	4	mhbH; mhbl; uctC	Gentisate; Oxalate	Gentisate; Oxalate	Thiolase/transferase:1; Hydrolase/decarboxylase/lyase:1; Hypothetical/accessory:1; Hydratase/dehydratase/isomerase:1
Exp3_MAG_175_panelcluster_4549	Exp3_MAG_175	multi_hit	MAGs/Exp3_MAG_175_c_000000000109	1434	4072	2638	3	4	paaA; paaC; paaD	Phenylacetate	Phenylacetate	Accessory/other:3; Hypothetical/accessory:1
Exp3_MAG_176_panelcluster_4603	Exp3_MAG_176	multi_hit	MAGs/Exp3_MAG_176_c_000000000010	23054	25060	2006	3	3	paaA; paaB; paaC	Phenylacetate	Phenylacetate	Accessory/other:3
Exp3_MAG_177_panelcluster_4628	Exp3_MAG_177	multi_hit	MAGs/Exp3_MAG_177_c_000000000185	9889	16764	6875	3	7	crt; pimC/aabA; pimD	Beta-oxidation; Cyclohexanecarboxylate	Beta-oxidation; Cyclohexanecarboxylate	Hypothetical/accessory:3; Dehydrogenase/oxidoreductase:3; Hydratase/dehydratase/isomerase:1
Exp3_MAG_177_panelcluster_4632	Exp3_MAG_177	multi_hit	MAGs/Exp3_MAG_177_c_000000000221	3697	22382	18685	3	12	ISF6_0224; est; pnbA	Plastics	PBAT; PET	Hypothetical/accessory:5; Dehydrogenase/oxidoreductase:2; Regulator:2; Accessory/other:1; Hydrolase/decarboxylase/lyase:1; Electron transfer/redox:1
Exp3_MAG_18_panelcluster_4725	Exp3_MAG_18	multi_hit	MAGs/Exp3_MAG_18_c_000000000008	21104	23308	2204	3	3	mlaD; mlaE; mlaF	Transportation	Transportation	Transport/efflux:3
Exp3_MAG_181_panelcluster_4765	Exp3_MAG_181	multi_hit	MAGs/Exp3_MAG_181_c_000000000013	200656	205974	5318	3	6	amnC; amnD; paaY	Aromatics; Phenylacetate	2-Aminophenol; Phenylacetate	Dehydrogenase/oxidoreductase:2; Accessory/other:1; Regulator:1; Hypothetical/accessory:1; Oxygenase/dioxygenase:1
Exp3_MAG_182_panelcluster_4789	Exp3_MAG_182	multi_hit	MAGs/Exp3_MAG_182_c_000000000007	41708	44181	2473	3	3	chqB; hpcG; hpcH	Aromatics; Hydroxyquinol	Homoprotocatechuate; Hydroxyquinol	Hydrolase/decarboxylase/lyase:1; Hydratase/dehydratase/isomerase:1; Oxygenase/dioxygenase:1
Exp3_MAG_183_panelcluster_4893	Exp3_MAG_183	multi_hit	MAGs/Exp3_MAG_183_c_000000000068	2455	6926	4471	3	6	hpcH; mlaE; mlaF	Aromatics; Transportation	Homoprotocatechuate; Transportation	Transport/efflux:2; Hypothetical/accessory:2; Accessory/other:1; Hydrolase/decarboxylase/lyase:1
Exp3_MAG_185_panelcluster_4928	Exp3_MAG_185	multi_hit	MAGs/Exp3_MAG_185_c_000000000021	7955	35377	27422	3	20	PROK; ahpF; fadD	Alkanes; Beta-oxidation; Plastics	Beta-oxidation; Finnerty pathway; PLA	Accessory/other:8; Hypothetical/accessory:5; Dehydrogenase/oxidoreductase:4; Regulator:2; CoA ligase/synthetase:1
Exp3_MAG_186_panelcluster_4957	Exp3_MAG_186	multi_hit	MAGs/Exp3_MAG_186_c_000000000141	1053	7586	6533	3	5	amnA; amnB; amnC	Aromatics	2-Aminophenol	Dehydrogenase/oxidoreductase:2; Hypothetical/accessory:2; Oxygenase/dioxygenase:1
Exp3_MAG_187_panelcluster_4996	Exp3_MAG_187	multi_hit	MAGs/Exp3_MAG_187_c_000000000222	5891	8445	2554	3	3	atoA; atoB; atoD	Beta-oxidation; Cyclohexylacetate	Beta-oxidation; Cyclohexylacetate	Thiolase/transferase:3
Exp3_MAG_189_panelcluster_5017	Exp3_MAG_189	multi_hit	MAGs/Exp3_MAG_189_c_000000000001	117403	126847	9444	3	8	catR; chqB; uctC	Catechol-ortho; Hydroxyquinol; Oxalate	Catechol-ortho; Hydroxyquinol; Oxalate	Regulator:1; Hydrolase/decarboxylase/lyase:1; Accessory/other:1; Hydratase/dehydratase/isomerase:1; Oxygenase/dioxygenase:1; Hypothetical/accessory:1; Transport/efflux:1; Thiolase/transferase:1
Exp3_MAG_189_panelcluster_5023	Exp3_MAG_189	multi_hit	MAGs/Exp3_MAG_189_c_000000000010	16841	27749	10908	3	7	GI:23664434; fadD; hapE	Aromatics; Beta-oxidation; Hydroquinone	Benzene; Beta-oxidation; Hydroquinone	Regulator:2; CoA ligase/synthetase:1; Transport/efflux:1; Hypothetical/accessory:1; Accessory/other:1; Dehydrogenase/oxidoreductase:1
Exp3_MAG_189_panelcluster_5044	Exp3_MAG_189	multi_hit	MAGs/Exp3_MAG_189_c_000000000058	9262	14975	5713	3	6	galA; galC; galD	Gallate	Gallate	Hydrolase/decarboxylase/lyase:1; Accessory/other:1; Transport/efflux:1; Hydratase/dehydratase/isomerase:1; Dehydrogenase/oxidoreductase:1; Oxygenase/dioxygenase:1
Exp3_MAG_189_panelcluster_5049	Exp3_MAG_189	multi_hit	MAGs/Exp3_MAG_189_c_000000000076	30007	34377	4370	3	4	abmA; paaG; xecE1	Alkenes; Aromatics; Phenylacetate	Anthranilate; Phenylacetate; Propene	Dehydrogenase/oxidoreductase:2; Hydratase/dehydratase/isomerase:1; Hypothetical/accessory:1
Exp3_MAG_190_panelcluster_5111	Exp3_MAG_190	multi_hit	MAGs/Exp3_MAG_190_c_000000000116	443	29041	28598	3	25	ahpF; bedA; rdxR	Alkanes; Aromatics	Benzene; Finnerty pathway; Terminal/biterminal oxidation	Hypothetical/accessory:9; Accessory/other:8; Dehydrogenase/oxidoreductase:3; Transport/efflux:3; Electron transfer/redox:1; Regulator:1
Exp3_MAG_192_panelcluster_5132	Exp3_MAG_192	multi_hit	MAGs/Exp3_MAG_192_c_000000000007	28976	35649	6673	3	6	est; hbd; phaY2	Plastics	P3HV/PHA/PHBV; PBAT; PHA/PHB	Accessory/other:2; Hypothetical/accessory:2; Dehydrogenase/oxidoreductase:1; Hydrolase/decarboxylase/lyase:1
Exp3_MAG_192_panelcluster_5137	Exp3_MAG_192	multi_hit	MAGs/Exp3_MAG_192_c_000000000013	9759	13894	4135	3	3	alkB; dmpP	Alkanes; Aromatics	Phenol; Terminal/biterminal oxidation	Oxygenase/dioxygenase:2; Hypothetical/accessory:1
Exp3_MAG_192_panelcluster_5150	Exp3_MAG_192	multi_hit	MAGs/Exp3_MAG_192_c_000000000032	112805	129287	16482	3	15	aliA; alkH_ald; tphA1I	Alkanes; Aromatics; Beta-oxidation	Auxillary alkane pathway; Beta-oxidation; Terephthalate	Hypothetical/accessory:6; Accessory/other:3; Dehydrogenase/oxidoreductase:2; Transport/efflux:2; CoA ligase/synthetase:2
Exp3_MAG_192_panelcluster_5157	Exp3_MAG_192	multi_hit	MAGs/Exp3_MAG_192_c_000000000040	2173	11440	9267	3	6	acdB; fadA; paaF	Beta-oxidation; Phenylacetate	Beta-oxidation; Phenylacetate	Dehydrogenase/oxidoreductase:2; Hypothetical/accessory:2; Thiolase/transferase:1; Hydratase/dehydratase/isomerase:1
Exp3_MAG_192_panelcluster_5162	Exp3_MAG_192	multi_hit	MAGs/Exp3_MAG_192_c_000000000057	10705	16718	6013	3	6	est; fadA; fadB	Beta-oxidation; Plastics	Beta-oxidation; PET	Hypothetical/accessory:2; Accessory/other:1; Regulator:1; Hydratase/dehydratase/isomerase:1; Thiolase/transferase:1
Exp3_MAG_192_panelcluster_5185	Exp3_MAG_192	multi_hit	MAGs/Exp3_MAG_192_c_000000000094	12492	15462	2970	3	4	PGRcl; pcaI; pcaJ	Catechol-ortho; Pyrogallol	Catechol-ortho; Pyrogallol	Thiolase/transferase:2; Hypothetical/accessory:1; Dehydrogenase/oxidoreductase:1
Exp3_MAG_192_panelcluster_5188	Exp3_MAG_192	multi_hit	MAGs/Exp3_MAG_192_c_000000000102	12781	17840	5059	3	5	BVMO; alkB; est	Alkanes; Plastics	PBAT; Subterminal oxidation; Terminal/biterminal oxidation	Oxygenase/dioxygenase:2; Hypothetical/accessory:2; Hydrolase/decarboxylase/lyase:1
Exp3_MAG_193_panelcluster_5203	Exp3_MAG_193	multi_hit	MAGs/Exp3_MAG_193_c_000000000005	94659	112091	17432	3	15	alkJ_adh; andAa; atdA1	Alkanes; Aromatics	Aniline; Anthranilate; Auxillary alkane pathway	Hypothetical/accessory:6; Accessory/other:4; Dehydrogenase/oxidoreductase:2; Electron transfer/redox:1; Transport/efflux:1; Hydratase/dehydratase/isomerase:1
Exp3_MAG_193_panelcluster_5204	Exp3_MAG_193	multi_hit	MAGs/Exp3_MAG_193_c_000000000006	36247	43640	7393	3	5	acdB; fadA; fadD	Beta-oxidation	Beta-oxidation	Dehydrogenase/oxidoreductase:2; CoA ligase/synthetase:1; Hypothetical/accessory:1; Thiolase/transferase:1
Exp3_MAG_193_panelcluster_5216	Exp3_MAG_193	multi_hit	MAGs/Exp3_MAG_193_c_000000000011	63180	69842	6662	3	5	amnC; pegC	Aromatics; Plastics	2-Aminophenol; PEG	Dehydrogenase/oxidoreductase:3; Hypothetical/accessory:2
Exp3_MAG_193_panelcluster_5221	Exp3_MAG_193	multi_hit	MAGs/Exp3_MAG_193_c_000000000014	27091	35541	8450	3	13	PGRcl; est	Plastics; Pyrogallol	PBAT; Pyrogallol	Hypothetical/accessory:8; Accessory/other:4; Dehydrogenase/oxidoreductase:1
Exp3_MAG_194_panelcluster_5263	Exp3_MAG_194	multi_hit	MAGs/Exp3_MAG_194_c_000000000012	108591	118787	10196	3	9	benD; etnE; hpaC	Alkenes; Aromatics; Benzoate	4-Hydroxyphenylacetate; Benzoate; Ethene/chloroethene	Hypothetical/accessory:4; Dehydrogenase/oxidoreductase:3; Accessory/other:1; Hydrolase/decarboxylase/lyase:1
Exp3_MAG_195_panelcluster_5266	Exp3_MAG_195	multi_hit	MAGs/Exp3_MAG_195_c_000000000002	28118	32422	4304	3	3	galA; galT; tanL	Gallate; Tannin	Gallate; Tannin	Transport/efflux:1; Oxygenase/dioxygenase:1; Hypothetical/accessory:1
Exp3_MAG_195_panelcluster_5305	Exp3_MAG_195	multi_hit	MAGs/Exp3_MAG_195_c_000000000037	2151	16573	14422	3	6	alkJ_adh; alkN_mcp; hpcC	Alkanes; Aromatics	Auxillary alkane pathway; Homoprotocatechuate; Hydrocarbon uptake	Dehydrogenase/oxidoreductase:2; Hypothetical/accessory:1; Regulator:1; Hydrolase/decarboxylase/lyase:1; Hydratase/dehydratase/isomerase:1
Exp3_MAG_195_panelcluster_5308	Exp3_MAG_195	multi_hit	MAGs/Exp3_MAG_195_c_000000000037	237693	243033	5340	3	5	dszC; ladA; ssuD	Alkanes; Aromatics	Auxillary alkane pathway; Dibenzofuran; Terminal/biterminal oxidation	Oxygenase/dioxygenase:3; Dehydrogenase/oxidoreductase:1; Hypothetical/accessory:1
Exp3_MAG_195_panelcluster_5318	Exp3_MAG_195	multi_hit	MAGs/Exp3_MAG_195_c_000000000043	55921	69104	13183	3	9	acdB; galT; xylC	Aromatics; Beta-oxidation; Gallate	Beta-oxidation; Gallate; Toluene	Dehydrogenase/oxidoreductase:3; Regulator:1; Thiolase/transferase:1; Hydratase/dehydratase/isomerase:1; CoA ligase/synthetase:1; Hypothetical/accessory:1; Transport/efflux:1
Exp3_MAG_195_panelcluster_5322	Exp3_MAG_195	multi_hit	MAGs/Exp3_MAG_195_c_000000000049	21752	40784	19032	3	18	chnE; fadD; nylA	Alkanes; Beta-oxidation; Plastics	Beta-oxidation; Nylon; Terminal/biterminal oxidation	Hypothetical/accessory:5; Accessory/other:4; Hydrolase/decarboxylase/lyase:4; Dehydrogenase/oxidoreductase:2; Regulator:2; CoA ligase/synthetase:1
Exp3_MAG_195_panelcluster_5323	Exp3_MAG_195	multi_hit	MAGs/Exp3_MAG_195_c_000000000049	84126	99448	15322	3	15	chnD; hmgL; rdxR	Alkanes; Cyclohexylacetate	Cyclohexylacetate; Terminal/biterminal oxidation	Hypothetical/accessory:6; Dehydrogenase/oxidoreductase:2; Transport/efflux:2; Accessory/other:2; Hydratase/dehydratase/isomerase:1; Hydrolase/decarboxylase/lyase:1; Electron transfer/redox:1
Exp3_MAG_195_panelcluster_5325	Exp3_MAG_195	multi_hit	MAGs/Exp3_MAG_195_c_000000000053	17755	19886	2131	3	3	mlaD; mlaE; mlaF	Transportation	Transportation	Transport/efflux:3
Exp3_MAG_195_panelcluster_5336	Exp3_MAG_195	multi_hit	MAGs/Exp3_MAG_195_c_000000000066	15251	19152	3901	3	3	dszC; ssuD	Alkanes; Aromatics	Auxillary alkane pathway; Dibenzofuran	Oxygenase/dioxygenase:3
Exp3_MAG_195_panelcluster_5342	Exp3_MAG_195	multi_hit	MAGs/Exp3_MAG_195_c_000000000072	5789	16112	10323	3	12	chnE; nagR; uctC	Alkanes; Naphthalene; Oxalate	Naphthalene; Oxalate; Terminal/biterminal oxidation	Dehydrogenase/oxidoreductase:3; Transport/efflux:3; Accessory/other:2; Hydratase/dehydratase/isomerase:1; Thiolase/transferase:1; Hydrolase/decarboxylase/lyase:1; Hypothetical/accessory:1
Exp3_MAG_196_panelcluster_5345	Exp3_MAG_196	multi_hit	MAGs/Exp3_MAG_196_c_000000000001	150531	160068	9537	3	7	fadE; xylB; xylC	Aromatics; Beta-oxidation	Beta-oxidation; Toluene	Hypothetical/accessory:4; Dehydrogenase/oxidoreductase:3
Exp3_MAG_196_panelcluster_5358	Exp3_MAG_196	multi_hit	MAGs/Exp3_MAG_196_c_000000000005	32361	34755	2394	3	3	atoA; pcaI; pht2	Aromatics; Catechol-ortho; Cyclohexylacetate; Protocatechuate	Catechol-ortho; Protocatechuate; Cyclohexylacetate; Phthalate	Thiolase/transferase:2; Oxygenase/dioxygenase:1
Exp3_MAG_196_panelcluster_5364	Exp3_MAG_196	multi_hit	MAGs/Exp3_MAG_196_c_000000000007	114979	123935	8956	3	7	ISF6_0224; galR; pudA	Gallate; Plastics	Gallate; PET; PU	Hydrolase/decarboxylase/lyase:2; Accessory/other:2; Oxygenase/dioxygenase:1; Regulator:1; Hypothetical/accessory:1
Exp3_MAG_196_panelcluster_5383	Exp3_MAG_196	multi_hit	MAGs/Exp3_MAG_196_c_000000000021	24005	40299	16294	3	14	chqB; macA; nagF	Hydroxyquinol; Naphthalene	Hydroxyquinol; Naphthalene	Hypothetical/accessory:5; Dehydrogenase/oxidoreductase:3; Accessory/other:2; Oxygenase/dioxygenase:1; Regulator:1; CoA ligase/synthetase:1; Hydratase/dehydratase/isomerase:1
Exp3_MAG_196_panelcluster_5385	Exp3_MAG_196	multi_hit	MAGs/Exp3_MAG_196_c_000000000023	196805	205395	8590	3	9	atoB; pcaD; pcaF	Beta-oxidation; Catechol-ortho; Protocatechuate	Beta-oxidation; Protocatechuate	Thiolase/transferase:4; Accessory/other:2; Hydrolase/decarboxylase/lyase:1; Hypothetical/accessory:1; Electron transfer/redox:1
Exp3_MAG_197_panelcluster_5388	Exp3_MAG_197	multi_hit	MAGs/Exp3_MAG_197_c_000000000004	71643	84270	12627	3	14	fadA; hbd; pcaK	Beta-oxidation; Plastics; Transportation	Beta-oxidation; P3HV/PHA/PHBV; Transportation	Accessory/other:5; Hypothetical/accessory:4; Transport/efflux:2; Dehydrogenase/oxidoreductase:2; Thiolase/transferase:1
Exp3_MAG_197_panelcluster_5397	Exp3_MAG_197	multi_hit	MAGs/Exp3_MAG_197_c_000000000016	68	6546	6478	3	3	acsA	Beta-oxidation	Beta-oxidation	Accessory/other:3
Exp3_MAG_197_panelcluster_5401	Exp3_MAG_197	multi_hit	MAGs/Exp3_MAG_197_c_000000000020	15987	19918	3931	3	5	acdA; ahpF; ubiX	Alkanes; Beta-oxidation; Tannin	Beta-oxidation; Finnerty pathway; Tannin	Dehydrogenase/oxidoreductase:2; Hypothetical/accessory:2; Accessory/other:1
Exp3_MAG_197_panelcluster_5418	Exp3_MAG_197	multi_hit	MAGs/Exp3_MAG_197_c_000000000053	32	20328	20296	3	18	paaY; subC; yfdE	Oxalate; Phenylacetate; Plastics	Oxalate; PLA; Phenylacetate	Hypothetical/accessory:9; Accessory/other:4; Hydrolase/decarboxylase/lyase:2; Regulator:1; Transport/efflux:1; Thiolase/transferase:1
Exp3_MAG_198_panelcluster_5425	Exp3_MAG_198	multi_hit	MAGs/Exp3_MAG_198_c_000000000233	330	2436	2106	3	3	atoA; atoD; badH	Beta-oxidation; Cyclohexylacetate	Beta-oxidation; Cyclohexylacetate	Thiolase/transferase:2; Dehydrogenase/oxidoreductase:1
Exp3_MAG_199_panelcluster_5446	Exp3_MAG_199	multi_hit	MAGs/Exp3_MAG_199_c_000000000153	54	3224	3170	3	4	chcB1	Cyclohexanecarboxylate	Cyclohexanecarboxylate	Dehydrogenase/oxidoreductase:3; Hypothetical/accessory:1
Exp3_MAG_199_panelcluster_5457	Exp3_MAG_199	multi_hit	MAGs/Exp3_MAG_199_c_000000000267	192	2287	2095	3	3	mlaD; mlaE; mlaF	Transportation	Transportation	Transport/efflux:3
Exp3_MAG_20_panelcluster_5470	Exp3_MAG_20	multi_hit	MAGs/Exp3_MAG_20_c_000000000087	1590	8603	7013	3	7	paaG; pimC/aabA; pimD	Cyclohexanecarboxylate; Phenylacetate	Cyclohexanecarboxylate; Phenylacetate	Dehydrogenase/oxidoreductase:2; Accessory/other:2; Hypothetical/accessory:1; Transport/efflux:1; Hydratase/dehydratase/isomerase:1
Exp3_MAG_20_panelcluster_5473	Exp3_MAG_20	multi_hit	MAGs/Exp3_MAG_20_c_000000000097	5114	15423	10309	3	7	CYP450; aliA; badH	Alkanes; Beta-oxidation	Beta-oxidation; Terminal/biterminal oxidation	Oxygenase/dioxygenase:2; Hypothetical/accessory:2; Dehydrogenase/oxidoreductase:2; CoA ligase/synthetase:1
Exp3_MAG_20_panelcluster_5484	Exp3_MAG_20	multi_hit	MAGs/Exp3_MAG_20_c_000000000196	3912	8792	4880	3	4	chcAa; echA1; sdgB	Aromatics; Beta-oxidation; Cyclohexanecarboxylate	Beta-oxidation; Cyclohexanecarboxylate; Salicylate	CoA ligase/synthetase:1; Hydratase/dehydratase/isomerase:1; Hypothetical/accessory:1; Accessory/other:1
Exp3_MAG_20_panelcluster_5491	Exp3_MAG_20	multi_hit	MAGs/Exp3_MAG_20_c_000000000233	220	7319	7099	3	6	BVMO; chnA; pimC/aabA	Alkanes; Cyclohexanecarboxylate	Cyclohexanecarboxylate; Subterminal oxidation; Terminal/biterminal oxidation	Dehydrogenase/oxidoreductase:4; Hypothetical/accessory:1; Accessory/other:1
Exp3_MAG_20_panelcluster_5492	Exp3_MAG_20	multi_hit	MAGs/Exp3_MAG_20_c_000000000237	109	6460	6351	3	5	boxB; boxC; fadA	Aromatics; Catechol-ortho	Benzene; Catechol-ortho	Hydrolase/decarboxylase/lyase:2; Oxygenase/dioxygenase:1; Electron transfer/redox:1; Thiolase/transferase:1
Exp3_MAG_20_panelcluster_5502	Exp3_MAG_20	multi_hit	MAGs/Exp3_MAG_20_c_000000000314	3345	6095	2750	3	3	badH; badI; xylB	Aromatics; Beta-oxidation	Beta-oxidation; Toluene	Dehydrogenase/oxidoreductase:2; Hydratase/dehydratase/isomerase:1
Exp3_MAG_20_panelcluster_5543	Exp3_MAG_20	multi_hit	MAGs/Exp3_MAG_20_c_000000000529	1970	6237	4267	3	4	aabB; fadA; pimC/aabA	Beta-oxidation; Cyclohexanecarboxylate	Beta-oxidation; Cyclohexanecarboxylate	Dehydrogenase/oxidoreductase:2; Hydratase/dehydratase/isomerase:1; Thiolase/transferase:1
Exp3_MAG_20_panelcluster_5556	Exp3_MAG_20	multi_hit	MAGs/Exp3_MAG_20_c_000000000610	9188	12131	2943	3	3	crt; hmgL; yfdE	Beta-oxidation; Cyclohexylacetate; Oxalate	Beta-oxidation; Cyclohexylacetate; Oxalate	Thiolase/transferase:1; Hydratase/dehydratase/isomerase:1; Hydrolase/decarboxylase/lyase:1
Exp3_MAG_20_panelcluster_5567	Exp3_MAG_20	multi_hit	MAGs/Exp3_MAG_20_c_000000000667	535	2605	2070	3	3	paaA; paaB; paaC	Phenylacetate	Phenylacetate	Accessory/other:3
Exp3_MAG_201_panelcluster_5592	Exp3_MAG_201	multi_hit	MAGs/Exp3_MAG_201_c_000000000019	8	4430	4422	3	3	acdB; fadA; fadB	Beta-oxidation	Beta-oxidation	Hydratase/dehydratase/isomerase:1; Thiolase/transferase:1; Dehydrogenase/oxidoreductase:1
Exp3_MAG_201_panelcluster_5627	Exp3_MAG_201	multi_hit	MAGs/Exp3_MAG_201_c_000000000300	85	10315	10230	3	10	dszC; ladA; pqiB	Alkanes; Aromatics; Transportation	Dibenzofuran; Terminal/biterminal oxidation; Transportation	Transport/efflux:3; Accessory/other:3; Hypothetical/accessory:2; Oxygenase/dioxygenase:2
Exp3_MAG_201_panelcluster_5640	Exp3_MAG_201	multi_hit	MAGs/Exp3_MAG_201_c_000000000435	4114	6247	2133	3	3	mlaD; mlaE; mlaF	Transportation	Transportation	Transport/efflux:3
Exp3_MAG_202_panelcluster_5656	Exp3_MAG_202	multi_hit	MAGs/Exp3_MAG_202_c_000000000005	856942	881186	24244	3	20	ahpF; alkH_ald; pcaI	Alkanes; Catechol-ortho	Auxillary alkane pathway; Catechol-ortho; Finnerty pathway	Accessory/other:9; Hypothetical/accessory:4; Dehydrogenase/oxidoreductase:3; Regulator:2; Thiolase/transferase:1; Transport/efflux:1
Exp3_MAG_202_panelcluster_5665	Exp3_MAG_202	multi_hit	MAGs/Exp3_MAG_202_c_000000000012	116501	130268	13767	3	14	hmgL; paaH; uctC	Cyclohexylacetate; Oxalate; Phenylacetate	Cyclohexylacetate; Oxalate; Phenylacetate	Hypothetical/accessory:5; Accessory/other:3; Hydratase/dehydratase/isomerase:2; Dehydrogenase/oxidoreductase:1; Regulator:1; Thiolase/transferase:1; Hydrolase/decarboxylase/lyase:1
Exp3_MAG_202_panelcluster_5670	Exp3_MAG_202	multi_hit	MAGs/Exp3_MAG_202_c_000000000017	63356	82646	19290	3	15	acdA; crt; paaH	Beta-oxidation; Phenylacetate	Beta-oxidation; Phenylacetate	Hypothetical/accessory:8; Accessory/other:3; Dehydrogenase/oxidoreductase:2; Transport/efflux:1; Hydratase/dehydratase/isomerase:1
Exp3_MAG_202_panelcluster_5675	Exp3_MAG_202	multi_hit	MAGs/Exp3_MAG_202_c_000000000020	51133	57615	6482	3	5	galD; pcaB; yfdE	Gallate; Oxalate; Protocatechuate	Gallate; Oxalate; Protocatechuate	Hydratase/dehydratase/isomerase:2; Hydrolase/decarboxylase/lyase:1; Thiolase/transferase:1; Hypothetical/accessory:1
Exp3_MAG_204_panelcluster_5689	Exp3_MAG_204	multi_hit	MAGs/Exp3_MAG_204_c_000000000016	2688	4929	2241	3	3	mlaD; mlaE; mlaF	Transportation	Transportation	Transport/efflux:3
Exp3_MAG_204_panelcluster_5710	Exp3_MAG_204	multi_hit	MAGs/Exp3_MAG_204_c_000000000091	13178	19924	6746	3	5	acdB; fadA; paaF	Beta-oxidation; Phenylacetate	Beta-oxidation; Phenylacetate	Dehydrogenase/oxidoreductase:2; Hydratase/dehydratase/isomerase:1; Thiolase/transferase:1; Hypothetical/accessory:1
Exp3_MAG_204_panelcluster_5721	Exp3_MAG_204	multi_hit	MAGs/Exp3_MAG_204_c_000000000141	11127	18800	7673	3	6	frc; oxlT; sdgB	Aromatics; Oxalate	Oxalate; Salicylate	Hypothetical/accessory:2; Accessory/other:2; Thiolase/transferase:1; Regulator:1
Exp3_MAG_205_panelcluster_5737	Exp3_MAG_205	multi_hit	MAGs/Exp3_MAG_205_c_000000000038	15688	17800	2112	3	3	mlaD; mlaE; mlaF	Transportation	Transportation	Transport/efflux:3
Exp3_MAG_207_panelcluster_5785	Exp3_MAG_207	multi_hit	MAGs/Exp3_MAG_207_c_000000000044	66836	81614	14778	3	16	paaH; pcaJ; pnbA	Catechol-ortho; Phenylacetate; Plastics	Catechol-ortho; PET; Phenylacetate	Hypothetical/accessory:8; Accessory/other:3; Dehydrogenase/oxidoreductase:1; Electron transfer/redox:1; Mobile/stress/accessory:1; Carboxylase:1; Thiolase/transferase:1
Exp3_MAG_21_panelcluster_5860	Exp3_MAG_21	multi_hit	MAGs/Exp3_MAG_21_c_000000000529	914	4583	3669	3	4	hpaC; hpcH; pcaB	Aromatics; Protocatechuate	4-Hydroxyphenylacetate; Homoprotocatechuate; Protocatechuate	Hydrolase/decarboxylase/lyase:2; Hypothetical/accessory:1; Dehydrogenase/oxidoreductase:1
Exp3_MAG_210_panelcluster_5889	Exp3_MAG_210	multi_hit	MAGs/Exp3_MAG_210_c_000000000052	18041	33354	15313	3	15	ahpF; alkL; mhbl	Alkanes; Gentisate	Finnerty pathway; Gentisate; Hydrocarbon uptake	Hypothetical/accessory:6; Accessory/other:2; Hydratase/dehydratase/isomerase:1; Regulator:1; Thiolase/transferase:1; Hydrolase/decarboxylase/lyase:1; Dehydrogenase/oxidoreductase:1; CoA ligase/synthetase:1; Carboxylase:1
Exp3_MAG_213_panelcluster_5944	Exp3_MAG_213	multi_hit	MAGs/Exp3_MAG_213_c_000000000013	14236	23750	9514	3	8	AAE3; GI:23664434; xecD	Alkenes; Aromatics; Oxalate	Benzene; Oxalate; Propene	Hypothetical/accessory:3; Accessory/other:2; Dehydrogenase/oxidoreductase:1; Transport/efflux:1; CoA ligase/synthetase:1
Exp3_MAG_213_panelcluster_5951	Exp3_MAG_213	multi_hit	MAGs/Exp3_MAG_213_c_000000000029	14967	21438	6471	3	6	ladA; ssuD	Alkanes	Auxillary alkane pathway; Terminal/biterminal oxidation	Oxygenase/dioxygenase:3; Hypothetical/accessory:1; Dehydrogenase/oxidoreductase:1; Accessory/other:1
Exp3_MAG_213_panelcluster_5974	Exp3_MAG_213	multi_hit	MAGs/Exp3_MAG_213_c_000000000071	268	3986	3718	3	3	pimC/aabA; uctC; xylB	Aromatics; Cyclohexanecarboxylate; Oxalate	Cyclohexanecarboxylate; Oxalate; Toluene	Dehydrogenase/oxidoreductase:2; Thiolase/transferase:1
Exp3_MAG_213_panelcluster_5978	Exp3_MAG_213	multi_hit	MAGs/Exp3_MAG_213_c_000000000074	77260	95525	18265	3	16	chnD; chnE; mlaF	Alkanes; Transportation	Terminal/biterminal oxidation; Transportation	Hypothetical/accessory:7; Accessory/other:5; Dehydrogenase/oxidoreductase:3; Transport/efflux:1
Exp3_MAG_213_panelcluster_5997	Exp3_MAG_213	multi_hit	MAGs/Exp3_MAG_213_c_000000000162	3369	9552	6183	3	5	pchA; phaZ2; pobA	Aromatics; Plastics	PHA/PHB; Toluene	Hypothetical/accessory:3; Dehydrogenase/oxidoreductase:1; Oxygenase/dioxygenase:1
Exp3_MAG_216_panelcluster_6044	Exp3_MAG_216	multi_hit	MAGs/Exp3_MAG_216_c_000000000246	250	2940	2690	3	3	paaA; paaB; paaE	Phenylacetate	Phenylacetate	Accessory/other:3
Exp3_MAG_218_panelcluster_6090	Exp3_MAG_218	multi_hit	MAGs/Exp3_MAG_218_c_000000000016	739	4508	3769	3	3	hapE; hmgL; uctC	Cyclohexylacetate; Hydroquinone; Oxalate	Cyclohexylacetate; Hydroquinone; Oxalate	Thiolase/transferase:1; Dehydrogenase/oxidoreductase:1; Hydrolase/decarboxylase/lyase:1
Exp3_MAG_218_panelcluster_6103	Exp3_MAG_218	multi_hit	MAGs/Exp3_MAG_218_c_000000000242	2051	11463	9412	3	9	CYP450; chcAb; pegC	Alkanes; Cyclohexanecarboxylate; Plastics	Cyclohexanecarboxylate; PEG; Terminal/biterminal oxidation	Accessory/other:4; Dehydrogenase/oxidoreductase:3; Hypothetical/accessory:2
Exp3_MAG_218_panelcluster_6108	Exp3_MAG_218	multi_hit	MAGs/Exp3_MAG_218_c_000000000306	9262	13940	4678	3	5	galC; galD; pobA	Aromatics; Gallate	Gallate; Toluene	Regulator:2; Oxygenase/dioxygenase:1; Hydrolase/decarboxylase/lyase:1; Hydratase/dehydratase/isomerase:1
Exp3_MAG_218_panelcluster_6109	Exp3_MAG_218	multi_hit	MAGs/Exp3_MAG_218_c_000000000313	693	5363	4670	3	5	hpcC; hpcE; padAd1	Aromatics	Homoprotocatechuate; Phthalate	Hypothetical/accessory:3; Dehydrogenase/oxidoreductase:2
Exp3_MAG_218_panelcluster_6111	Exp3_MAG_218	multi_hit	MAGs/Exp3_MAG_218_c_000000000323	15640	19485	3845	3	3	acdA; chnE; yfdE	Alkanes; Beta-oxidation; Oxalate	Beta-oxidation; Oxalate; Terminal/biterminal oxidation	Dehydrogenase/oxidoreductase:2; Thiolase/transferase:1
Exp3_MAG_219_panelcluster_6124	Exp3_MAG_219	multi_hit	MAGs/Exp3_MAG_219_c_000000000103	334	3476	3142	3	3	atoA; pcaC; pobA	Aromatics; Cyclohexylacetate; Protocatechuate	Cyclohexylacetate; Protocatechuate; Toluene	Accessory/other:1; Oxygenase/dioxygenase:1; Hypothetical/accessory:1
Exp3_MAG_219_panelcluster_6128	Exp3_MAG_219	multi_hit	MAGs/Exp3_MAG_219_c_000000000133	462	3014	2552	3	3	pcaB; pcaG; pcaH	Protocatechuate	Protocatechuate	Oxygenase/dioxygenase:2; Hydratase/dehydratase/isomerase:1
Exp3_MAG_224_panelcluster_6277	Exp3_MAG_224	multi_hit	MAGs/Exp3_MAG_224_c_000000000056	12741	15839	3098	3	3	galC; galD; galR	Gallate	Gallate	Regulator:1; Hydrolase/decarboxylase/lyase:1; Hydratase/dehydratase/isomerase:1
Exp3_MAG_224_panelcluster_6282	Exp3_MAG_224	multi_hit	MAGs/Exp3_MAG_224_c_000000000101	13112	15815	2703	3	3	atoA; chcAb; pcaI	Catechol-ortho; Cyclohexanecarboxylate; Cyclohexylacetate; Protocatechuate	Catechol-ortho; Protocatechuate; Cyclohexanecarboxylate; Cyclohexylacetate	Thiolase/transferase:2; Dehydrogenase/oxidoreductase:1
Exp3_MAG_224_panelcluster_6287	Exp3_MAG_224	multi_hit	MAGs/Exp3_MAG_224_c_000000000122	9543	12205	2662	3	3	atoA; chcAb; pcaI	Catechol-ortho; Cyclohexanecarboxylate; Cyclohexylacetate	Catechol-ortho; Cyclohexanecarboxylate; Cyclohexylacetate	Thiolase/transferase:2; Dehydrogenase/oxidoreductase:1
Exp3_MAG_224_panelcluster_6299	Exp3_MAG_224	multi_hit	MAGs/Exp3_MAG_224_c_000000000243	1151	8062	6911	3	8	acdA; est; hmgL	Beta-oxidation; Cyclohexylacetate; Plastics	Beta-oxidation; Cyclohexylacetate; PBAT	Hypothetical/accessory:5; Dehydrogenase/oxidoreductase:1; Hydrolase/decarboxylase/lyase:1; Accessory/other:1
Exp3_MAG_224_panelcluster_6313	Exp3_MAG_224	multi_hit	MAGs/Exp3_MAG_224_c_000000000333	2458	15459	13001	3	10	chnE; nylC; xecA	Alkanes; Alkenes; Plastics	Nylon; Propene; Terminal/biterminal oxidation	Dehydrogenase/oxidoreductase:2; Accessory/other:2; Hypothetical/accessory:2; Transport/efflux:2; Hydrolase/decarboxylase/lyase:1; Regulator:1
Exp3_MAG_226_panelcluster_6359	Exp3_MAG_226	multi_hit	MAGs/Exp3_MAG_226_c_000000000164	924	5215	4291	3	5	hpcG; xylE	Aromatics; Catechol-meta	Catechol-meta; Homoprotocatechuate	Accessory/other:2; Hydratase/dehydratase/isomerase:1; Regulator:1; Hypothetical/accessory:1
Exp3_MAG_227_panelcluster_6437	Exp3_MAG_227	multi_hit	MAGs/Exp3_MAG_227_c_000000000154	31827	38084	6257	3	7	mlaE; mlaF	Transportation	Transportation	Transport/efflux:4; Hypothetical/accessory:3
Exp3_MAG_228_panelcluster_6453	Exp3_MAG_228	multi_hit	MAGs/Exp3_MAG_228_c_000000000018	20993	23164	2171	3	3	mlaD; mlaE; mlaF	Transportation	Transportation	Transport/efflux:3
Exp3_MAG_229_panelcluster_6481	Exp3_MAG_229	multi_hit	MAGs/Exp3_MAG_229_c_000000000262	30552	36006	5454	3	3	fadD; fadI; fadJ	Beta-oxidation; Catechol-ortho	Beta-oxidation; Catechol-ortho	Accessory/other:1; Thiolase/transferase:1; CoA ligase/synthetase:1
Exp3_MAG_23_panelcluster_6500	Exp3_MAG_23	multi_hit	MAGs/Exp3_MAG_23_c_000000000177	31	5981	5950	3	8	alkJ_adh; echA1; xylB	Alkanes; Aromatics; Beta-oxidation	Auxillary alkane pathway; Beta-oxidation; Toluene	Hypothetical/accessory:4; Dehydrogenase/oxidoreductase:2; Accessory/other:1; Hydratase/dehydratase/isomerase:1
Exp3_MAG_23_panelcluster_6510	Exp3_MAG_23	multi_hit	MAGs/Exp3_MAG_23_c_000000000280	462	9763	9301	3	8	acdA; alkJ_adh; crt	Alkanes; Beta-oxidation	Auxillary alkane pathway; Beta-oxidation	Dehydrogenase/oxidoreductase:5; Hypothetical/accessory:1; Hydratase/dehydratase/isomerase:1; Thiolase/transferase:1
Exp3_MAG_23_panelcluster_6529	Exp3_MAG_23	multi_hit	MAGs/Exp3_MAG_23_c_000000000462	6864	11768	4904	3	5	hmgA; mhbl; pcaF	Aromatics; Catechol-ortho; Gentisate; Protocatechuate	Gentisate; Homogentisate; Protocatechuate	Hypothetical/accessory:2; Oxygenase/dioxygenase:1; Hydratase/dehydratase/isomerase:1; Thiolase/transferase:1
Exp3_MAG_230_panelcluster_6545	Exp3_MAG_230	multi_hit	MAGs/Exp3_MAG_230_c_000000000211	16832	27633	10801	3	11	acdA; est; fadK	Beta-oxidation; Plastics	Beta-oxidation; PBAT	Hypothetical/accessory:4; Dehydrogenase/oxidoreductase:3; Accessory/other:2; CoA ligase/synthetase:1; Regulator:1
Exp3_MAG_230_panelcluster_6548	Exp3_MAG_230	multi_hit	MAGs/Exp3_MAG_230_c_000000000284	3223	6516	3293	3	4	atoA; atoB; atoD	Beta-oxidation; Cyclohexylacetate	Beta-oxidation; Cyclohexylacetate	Thiolase/transferase:3; Carboxylase:1
Exp3_MAG_231_panelcluster_6553	Exp3_MAG_231	multi_hit	MAGs/Exp3_MAG_231_c_000000000030	16009	33094	17085	3	11	fadD; pimC/aabA; pimD	Beta-oxidation; Cyclohexanecarboxylate	Beta-oxidation; Cyclohexanecarboxylate	Hypothetical/accessory:5; Dehydrogenase/oxidoreductase:3; Regulator:2; CoA ligase/synthetase:1
Exp3_MAG_231_panelcluster_6560	Exp3_MAG_231	multi_hit	MAGs/Exp3_MAG_231_c_000000000074	13909	16871	2962	3	4	hbd; pcaI; pcaJ	Catechol-ortho; Plastics	Catechol-ortho; P3HV/PHA/PHBV	Thiolase/transferase:2; Carboxylase:1; Dehydrogenase/oxidoreductase:1
Exp3_MAG_231_panelcluster_6566	Exp3_MAG_231	multi_hit	MAGs/Exp3_MAG_231_c_000000000111	8759	18626	9867	3	11	badH; chnD; sdgB	Alkanes; Aromatics; Beta-oxidation	Beta-oxidation; Salicylate; Terminal/biterminal oxidation	Hypothetical/accessory:7; Dehydrogenase/oxidoreductase:2; Accessory/other:2
Exp3_MAG_231_panelcluster_6570	Exp3_MAG_231	multi_hit	MAGs/Exp3_MAG_231_c_000000000127	1066	3165	2099	3	3	paaG; paaI; paaY	Phenylacetate	Phenylacetate	Hydrolase/decarboxylase/lyase:1; Hydratase/dehydratase/isomerase:1; Accessory/other:1
Exp3_MAG_231_panelcluster_6581	Exp3_MAG_231	multi_hit	MAGs/Exp3_MAG_231_c_000000000187	3039	18287	15248	3	11	ABO_1197; ABO_2449; atdA1	Aromatics; Plastics	Aniline; PBSA/PCL/PES/PHA/PHBV/PLA; PBSA/PCL/PLA	Accessory/other:5; Hypothetical/accessory:4; Dehydrogenase/oxidoreductase:1; Regulator:1
Exp3_MAG_231_panelcluster_6600	Exp3_MAG_231	multi_hit	MAGs/Exp3_MAG_231_c_000000000249	8880	14525	5645	3	6	atoB; mhbH; mhbl	Beta-oxidation; Gentisate	Beta-oxidation; Gentisate	Accessory/other:4; Hydratase/dehydratase/isomerase:1; Hypothetical/accessory:1
Exp3_MAG_231_panelcluster_6608	Exp3_MAG_231	multi_hit	MAGs/Exp3_MAG_231_c_000000000278	3814	5975	2161	3	3	mlaD; mlaE; mlaF	Transportation	Transportation	Transport/efflux:3
Exp3_MAG_232_panelcluster_6630	Exp3_MAG_232	multi_hit	MAGs/Exp3_MAG_232_c_000000000004	32074	35977	3903	3	4	catE; pimC/aabA; pimD	Catechol-meta; Cyclohexanecarboxylate	Catechol-meta; Cyclohexanecarboxylate	Dehydrogenase/oxidoreductase:2; Oxygenase/dioxygenase:1; Hypothetical/accessory:1
Exp3_MAG_232_panelcluster_6642	Exp3_MAG_232	multi_hit	MAGs/Exp3_MAG_232_c_000000000031	6603	31829	25226	3	24	chnA; ladA	Alkanes	Terminal/biterminal oxidation	Hypothetical/accessory:9; Transport/efflux:5; Accessory/other:4; Oxygenase/dioxygenase:3; Dehydrogenase/oxidoreductase:2; Hydrolase/decarboxylase/lyase:1
Exp3_MAG_232_panelcluster_6659	Exp3_MAG_232	multi_hit	MAGs/Exp3_MAG_232_c_000000000078	8842	13396	4554	3	4	echA1; est; pchA	Aromatics; Beta-oxidation; Plastics	Beta-oxidation; PBAT; Toluene	Accessory/other:1; Hypothetical/accessory:1; Dehydrogenase/oxidoreductase:1; Hydratase/dehydratase/isomerase:1
Exp3_MAG_232_panelcluster_6667	Exp3_MAG_232	multi_hit	MAGs/Exp3_MAG_232_c_000000000093	5532	16597	11065	3	8	abmA; atoB; hbd	Aromatics; Beta-oxidation; Plastics	Anthranilate; Beta-oxidation; P3HV/PHA/PHBV	Thiolase/transferase:2; Hydratase/dehydratase/isomerase:2; Dehydrogenase/oxidoreductase:2; Accessory/other:1; Hypothetical/accessory:1
Exp3_MAG_232_panelcluster_6668	Exp3_MAG_232	multi_hit	MAGs/Exp3_MAG_232_c_000000000095	39945	44722	4777	3	4	hbd; ladA; pcaC	Alkanes; Plastics; Protocatechuate	P3HV/PHA/PHBV; Protocatechuate; Terminal/biterminal oxidation	Hypothetical/accessory:1; Dehydrogenase/oxidoreductase:1; Accessory/other:1; Oxygenase/dioxygenase:1
Exp3_MAG_232_panelcluster_6684	Exp3_MAG_232	multi_hit	MAGs/Exp3_MAG_232_c_000000000118	1374	20279	18905	3	18	est; paaG; paaY	Phenylacetate; Plastics	PBAT; Phenylacetate	Hypothetical/accessory:15; Accessory/other:1; Hydrolase/decarboxylase/lyase:1; Hydratase/dehydratase/isomerase:1
Exp3_MAG_232_panelcluster_6693	Exp3_MAG_232	multi_hit	MAGs/Exp3_MAG_232_c_000000000145	19923	27440	7517	3	7	chqB; est; rdxR	Alkanes; Hydroxyquinol; Plastics	Hydroxyquinol; PBAT; Terminal/biterminal oxidation	Accessory/other:3; Transport/efflux:2; Dehydrogenase/oxidoreductase:1; Oxygenase/dioxygenase:1
Exp3_MAG_232_panelcluster_6700	Exp3_MAG_232	multi_hit	MAGs/Exp3_MAG_232_c_000000000159	43890	53974	10084	3	10	hpcG; nbaA; xecD	Alkenes; Aromatics	2-Nitrobenzoate; Homoprotocatechuate; Propene	Hypothetical/accessory:5; Accessory/other:2; Hydratase/dehydratase/isomerase:1; Hydrolase/decarboxylase/lyase:1; Dehydrogenase/oxidoreductase:1
Exp3_MAG_232_panelcluster_6709	Exp3_MAG_232	multi_hit	MAGs/Exp3_MAG_232_c_000000000193	664	15599	14935	3	12	fadA; pimD; xylB	Aromatics; Catechol-ortho; Cyclohexanecarboxylate	Catechol-ortho; Cyclohexanecarboxylate; Toluene	Dehydrogenase/oxidoreductase:3; Hypothetical/accessory:3; CoA ligase/synthetase:2; Hydratase/dehydratase/isomerase:1; Thiolase/transferase:1; Hydrolase/decarboxylase/lyase:1; Accessory/other:1
Exp3_MAG_232_panelcluster_6710	Exp3_MAG_232	multi_hit	MAGs/Exp3_MAG_232_c_000000000195	30416	35963	5547	3	6	hpcC; hpcG; hpcH	Aromatics	Homoprotocatechuate	Dehydrogenase/oxidoreductase:2; Hydratase/dehydratase/isomerase:2; Hydrolase/decarboxylase/lyase:1; Hypothetical/accessory:1
Exp3_MAG_232_panelcluster_6722	Exp3_MAG_232	multi_hit	MAGs/Exp3_MAG_232_c_000000000235	6794	13546	6752	3	5	BVMO; paaG	Alkanes; Phenylacetate	Phenylacetate; Subterminal oxidation	Hypothetical/accessory:2; Accessory/other:1; Oxygenase/dioxygenase:1; Hydratase/dehydratase/isomerase:1
Exp3_MAG_232_panelcluster_6743	Exp3_MAG_232	multi_hit	MAGs/Exp3_MAG_232_c_000000000296	4945	8764	3819	3	4	benD-xylL; chcB2; est	Benzoate; Cyclohexanecarboxylate; Plastics	Benzoate; Cyclohexanecarboxylate; PLA	Dehydrogenase/oxidoreductase:2; Hypothetical/accessory:1; Accessory/other:1
Exp3_MAG_232_panelcluster_6744	Exp3_MAG_232	multi_hit	MAGs/Exp3_MAG_232_c_000000000300	44588	48562	3974	3	3	CYP450; acdA	Alkanes; Beta-oxidation	Beta-oxidation; Terminal/biterminal oxidation	Oxygenase/dioxygenase:2; Dehydrogenase/oxidoreductase:1
Exp3_MAG_232_panelcluster_6759	Exp3_MAG_232	multi_hit	MAGs/Exp3_MAG_232_c_000000000333	2441	5165	2724	3	3	pcaF; pcaG; pcaH	Catechol-ortho; Protocatechuate	Protocatechuate	Oxygenase/dioxygenase:2; Thiolase/transferase:1
Exp3_MAG_232_panelcluster_6764	Exp3_MAG_232	multi_hit	MAGs/Exp3_MAG_232_c_000000000366	17204	21957	4753	3	3	BVMO; CYP450; mpdB	Alkanes; Alkenes	2-methylpropene; Subterminal oxidation; Terminal/biterminal oxidation	Oxygenase/dioxygenase:2; Dehydrogenase/oxidoreductase:1
Exp3_MAG_232_panelcluster_6765	Exp3_MAG_232	multi_hit	MAGs/Exp3_MAG_232_c_000000000368	831	4708	3877	3	3	pimC/aabA; pimD	Cyclohexanecarboxylate	Cyclohexanecarboxylate	Dehydrogenase/oxidoreductase:3
Exp3_MAG_234_panelcluster_6860	Exp3_MAG_234	multi_hit	MAGs/Exp3_MAG_234_c_000000000034	112185	123160	10975	3	10	chnE; hpcH; nagR	Alkanes; Aromatics; Naphthalene	Homoprotocatechuate; Naphthalene; Terminal/biterminal oxidation	Accessory/other:4; Dehydrogenase/oxidoreductase:2; Hypothetical/accessory:2; Hydrolase/decarboxylase/lyase:1; Transport/efflux:1
Exp3_MAG_234_panelcluster_6864	Exp3_MAG_234	multi_hit	MAGs/Exp3_MAG_234_c_000000000043	50	17261	17211	3	15	atdA1; galC; hmgA	Aromatics; Gallate	Aniline; Gallate; Homogentisate	Hypothetical/accessory:7; Accessory/other:3; Regulator:2; Dehydrogenase/oxidoreductase:1; Hydrolase/decarboxylase/lyase:1; Oxygenase/dioxygenase:1
Exp3_MAG_234_panelcluster_6865	Exp3_MAG_234	multi_hit	MAGs/Exp3_MAG_234_c_000000000050	29015	35086	6071	3	4	acdB; fadA; fadB	Beta-oxidation	Beta-oxidation	Hydratase/dehydratase/isomerase:1; Thiolase/transferase:1; Hypothetical/accessory:1; Dehydrogenase/oxidoreductase:1
Exp3_MAG_234_panelcluster_6875	Exp3_MAG_234	multi_hit	MAGs/Exp3_MAG_234_c_000000000065	6036	19741	13705	3	13	acsA; catR	Beta-oxidation; Catechol-ortho	Beta-oxidation; Catechol-ortho	Accessory/other:4; Hypothetical/accessory:4; Hydratase/dehydratase/isomerase:2; Regulator:2; Dehydrogenase/oxidoreductase:1
Exp3_MAG_234_panelcluster_6879	Exp3_MAG_234	multi_hit	MAGs/Exp3_MAG_234_c_000000000072	5811	18774	12963	3	13	dszC; ladA; ssuD	Alkanes; Aromatics	Auxillary alkane pathway; Dibenzofuran; Terminal/biterminal oxidation	Accessory/other:5; Oxygenase/dioxygenase:3; Transport/efflux:2; Hypothetical/accessory:2; Dehydrogenase/oxidoreductase:1
Exp3_MAG_234_panelcluster_6881	Exp3_MAG_234	multi_hit	MAGs/Exp3_MAG_234_c_000000000074	36300	51831	15531	3	14	acdA; crt; galD	Beta-oxidation; Gallate	Beta-oxidation; Gallate	Hypothetical/accessory:6; Hydratase/dehydratase/isomerase:2; Dehydrogenase/oxidoreductase:2; Accessory/other:2; Regulator:1; Hydrolase/decarboxylase/lyase:1
Exp3_MAG_234_panelcluster_6890	Exp3_MAG_234	multi_hit	MAGs/Exp3_MAG_234_c_000000000096	22342	24511	2169	3	3	mlaD; mlaE; mlaF	Transportation	Transportation	Transport/efflux:3
Exp3_MAG_234_panelcluster_6901	Exp3_MAG_234	multi_hit	MAGs/Exp3_MAG_234_c_000000000132	21869	27583	5714	3	6	atoB; cmtB; mhbl	Aromatics; Beta-oxidation; Gentisate	Beta-oxidation; Gentisate; p-Cumate	Accessory/other:3; Dehydrogenase/oxidoreductase:1; Hypothetical/accessory:1; Hydratase/dehydratase/isomerase:1
Exp3_MAG_236_panelcluster_6944	Exp3_MAG_236	multi_hit	MAGs/Exp3_MAG_236_c_000000000455	556	2634	2078	3	3	mlaD; mlaE; mlaF	Transportation	Transportation	Transport/efflux:3
Exp3_MAG_237_panelcluster_6975	Exp3_MAG_237	multi_hit	MAGs/Exp3_MAG_237_c_000000000016	66596	71614	5018	3	6	atoA; est; pcaI	Catechol-ortho; Cyclohexylacetate; Plastics; Protocatechuate	Catechol-ortho; Protocatechuate; Cyclohexylacetate; PBAT	Hypothetical/accessory:3; Thiolase/transferase:2; Dehydrogenase/oxidoreductase:1
Exp3_MAG_237_panelcluster_6997	Exp3_MAG_237	multi_hit	MAGs/Exp3_MAG_237_c_000000000050	24847	36294	11447	3	8	acdA; atoB; badK	Beta-oxidation; Cyclohexanecarboxylate	Beta-oxidation; Cyclohexanecarboxylate	Accessory/other:2; Transport/efflux:2; Dehydrogenase/oxidoreductase:2; Hydratase/dehydratase/isomerase:2
Exp3_MAG_237_panelcluster_6998	Exp3_MAG_237	multi_hit	MAGs/Exp3_MAG_237_c_000000000054	103660	122103	18443	3	15	est; hmgL; hpcC	Aromatics; Cyclohexylacetate; Plastics	Cyclohexylacetate; Homoprotocatechuate; PBAT	Hypothetical/accessory:5; Accessory/other:3; Hydratase/dehydratase/isomerase:2; Dehydrogenase/oxidoreductase:1; Hydrolase/decarboxylase/lyase:1; Thiolase/transferase:1; Regulator:1; Transport/efflux:1
Exp3_MAG_237_panelcluster_7004	Exp3_MAG_237	multi_hit	MAGs/Exp3_MAG_237_c_000000000059	5871	15077	9206	3	7	aabD; pegA; uctC	Cyclohexanecarboxylate; Oxalate; Plastics	Cyclohexanecarboxylate; Oxalate; PEG	Dehydrogenase/oxidoreductase:2; Hydratase/dehydratase/isomerase:1; Hypothetical/accessory:1; Regulator:1; Thiolase/transferase:1; Accessory/other:1
Exp3_MAG_237_panelcluster_7011	Exp3_MAG_237	multi_hit	MAGs/Exp3_MAG_237_c_000000000070	42079	56245	14166	3	8	aabC; pnbA; pudA	Cyclohexanecarboxylate; Plastics	Cyclohexanecarboxylate; PET; PU	Accessory/other:3; Transport/efflux:2; Dehydrogenase/oxidoreductase:1; CoA ligase/synthetase:1; Hypothetical/accessory:1
Exp3_MAG_239_panelcluster_7049	Exp3_MAG_239	multi_hit	MAGs/Exp3_MAG_239_c_000000000015	6472	11380	4908	3	3	fadD; plaM9	Beta-oxidation; Plastics	Beta-oxidation; PBS/PBSA/PCL/PES/PHA/PLA	CoA ligase/synthetase:2; Accessory/other:1
Exp3_MAG_239_panelcluster_7081	Exp3_MAG_239	multi_hit	MAGs/Exp3_MAG_239_c_000000000154	159	2742	2583	3	3	atoA; atoB; pcaI	Beta-oxidation; Catechol-ortho; Cyclohexylacetate	Beta-oxidation; Catechol-ortho; Cyclohexylacetate	Thiolase/transferase:3
Exp3_MAG_239_panelcluster_7105	Exp3_MAG_239	multi_hit	MAGs/Exp3_MAG_239_c_000000000232	534	11760	11226	3	9	nylA; pcaC; pchA	Aromatics; Plastics; Protocatechuate	Nylon; Protocatechuate; Toluene	Accessory/other:4; Hypothetical/accessory:2; Hydratase/dehydratase/isomerase:1; Transport/efflux:1; Dehydrogenase/oxidoreductase:1
Exp3_MAG_239_panelcluster_7123	Exp3_MAG_239	multi_hit	MAGs/Exp3_MAG_239_c_000000000301	18862	28458	9596	3	5	acdB	Beta-oxidation	Beta-oxidation	Dehydrogenase/oxidoreductase:3; Hypothetical/accessory:2
Exp3_MAG_239_panelcluster_7125	Exp3_MAG_239	multi_hit	MAGs/Exp3_MAG_239_c_000000000307	13179	20269	7090	3	6	opdK; ssuD	Alkanes; Transportation	Auxillary alkane pathway; Transportation	Transport/efflux:2; Accessory/other:2; Dehydrogenase/oxidoreductase:1; Oxygenase/dioxygenase:1
Exp3_MAG_239_panelcluster_7128	Exp3_MAG_239	multi_hit	MAGs/Exp3_MAG_239_c_000000000323	6955	11657	4702	3	4	galT; hmgA; mhbl	Aromatics; Gallate; Gentisate	Gallate; Gentisate; Homogentisate	Transport/efflux:1; Hydratase/dehydratase/isomerase:1; Hypothetical/accessory:1; Oxygenase/dioxygenase:1
Exp3_MAG_239_panelcluster_7137	Exp3_MAG_239	multi_hit	MAGs/Exp3_MAG_239_c_000000000364	5552	7625	2073	3	3	mlaD; mlaE; mlaF	Transportation	Transportation	Transport/efflux:3
Exp3_MAG_24_panelcluster_7162	Exp3_MAG_24	multi_hit	MAGs/Exp3_MAG_24_c_000000000022	53902	56336	2434	3	5	paaG; paaI; paaY	Phenylacetate	Phenylacetate	Accessory/other:1; Oxygenase/dioxygenase:1; Hypothetical/accessory:1; Hydrolase/decarboxylase/lyase:1; Hydratase/dehydratase/isomerase:1
Exp3_MAG_240_panelcluster_7182	Exp3_MAG_240	multi_hit	MAGs/Exp3_MAG_240_c_000000000089	2695	5221	2526	3	3	paaC; paaD; paaE	Phenylacetate	Phenylacetate	Accessory/other:3
Exp3_MAG_240_panelcluster_7190	Exp3_MAG_240	multi_hit	MAGs/Exp3_MAG_240_c_000000000229	3376	5155	1779	3	3	pcaC; pcaG; pcaH	Protocatechuate	Protocatechuate	Oxygenase/dioxygenase:2; Hypothetical/accessory:1
Exp3_MAG_240_panelcluster_7253	Exp3_MAG_240	multi_hit	MAGs/Exp3_MAG_240_c_000000000833	1982	5068	3086	3	3	hapE; pcaC; uctC	Hydroquinone; Oxalate; Protocatechuate	Hydroquinone; Oxalate; Protocatechuate	Thiolase/transferase:1; Dehydrogenase/oxidoreductase:1; Hypothetical/accessory:1
Exp3_MAG_241_panelcluster_7260	Exp3_MAG_241	multi_hit	MAGs/Exp3_MAG_241_c_000000000005	2778	24747	21969	3	17	est; hapE; linE	Hydroquinone; Plastics	Hydroquinone; PBAT	Hypothetical/accessory:10; Accessory/other:4; Oxygenase/dioxygenase:1; Transport/efflux:1; Dehydrogenase/oxidoreductase:1
Exp3_MAG_241_panelcluster_7283	Exp3_MAG_241	multi_hit	MAGs/Exp3_MAG_241_c_000000000222	7793	17907	10114	3	12	hbd; pcaC	Plastics; Protocatechuate	P3HV/PHA/PHBV; Protocatechuate	Hypothetical/accessory:6; Dehydrogenase/oxidoreductase:3; Hydratase/dehydratase/isomerase:1; Accessory/other:1; Regulator:1
Exp3_MAG_241_panelcluster_7305	Exp3_MAG_241	multi_hit	MAGs/Exp3_MAG_241_c_000000000423	9716	11859	2143	3	3	mlaD; mlaE; mlaF	Transportation	Transportation	Transport/efflux:3
Exp3_MAG_241_panelcluster_7307	Exp3_MAG_241	multi_hit	MAGs/Exp3_MAG_241_c_000000000438	5922	12342	6420	3	4	ISF6_0224; fadB	Beta-oxidation; Plastics	Beta-oxidation; PET	Hydrolase/decarboxylase/lyase:2; Hypothetical/accessory:1; Hydratase/dehydratase/isomerase:1
Exp3_MAG_243_panelcluster_7364	Exp3_MAG_243	multi_hit	MAGs/Exp3_MAG_243_c_000000000140	35535	45098	9563	3	7	paaI; paaK; paaZ	Phenylacetate	Phenylacetate	Hydrolase/decarboxylase/lyase:2; Hypothetical/accessory:2; Dehydrogenase/oxidoreductase:1; Accessory/other:1; CoA ligase/synthetase:1
Exp3_MAG_243_panelcluster_7386	Exp3_MAG_243	multi_hit	MAGs/Exp3_MAG_243_c_000000000260	28901	45238	16337	3	13	ISF6_0224; alkJ_adh; xylG	Alkanes; Catechol-meta; Plastics	Auxillary alkane pathway; Catechol-meta; PET	Hypothetical/accessory:6; Dehydrogenase/oxidoreductase:3; Hydrolase/decarboxylase/lyase:2; Accessory/other:2
Exp3_MAG_243_panelcluster_7404	Exp3_MAG_243	multi_hit	MAGs/Exp3_MAG_243_c_000000000372	12314	25966	13652	3	13	alkJ_adh; amdA; crt	Alkanes; Beta-oxidation; Plastics	Auxillary alkane pathway; Beta-oxidation; PU	Accessory/other:5; Dehydrogenase/oxidoreductase:4; Transport/efflux:2; Hydratase/dehydratase/isomerase:1; Hypothetical/accessory:1
Exp3_MAG_244_panelcluster_7431	Exp3_MAG_244	multi_hit	MAGs/Exp3_MAG_244_c_000000000027	9725	14233	4508	3	4	alkJ_adh; hapE; padAd1	Alkanes; Aromatics; Hydroquinone	Auxillary alkane pathway; Hydroquinone; Phthalate	Dehydrogenase/oxidoreductase:3; Electron transfer/redox:1
Exp3_MAG_244_panelcluster_7434	Exp3_MAG_244	multi_hit	MAGs/Exp3_MAG_244_c_000000000031	37700	40160	2460	3	3	galB; galC; galD	Gallate	Gallate	Hydratase/dehydratase/isomerase:1; Hydrolase/decarboxylase/lyase:1; Accessory/other:1
Exp3_MAG_244_panelcluster_7462	Exp3_MAG_244	multi_hit	MAGs/Exp3_MAG_244_c_000000000112	29799	37165	7366	3	8	chcB1; mpdC; xylB	Alkenes; Aromatics; Cyclohexanecarboxylate	2-methylpropene; Cyclohexanecarboxylate; Toluene	Dehydrogenase/oxidoreductase:3; Hypothetical/accessory:3; Regulator:1; Hydrolase/decarboxylase/lyase:1
Exp3_MAG_244_panelcluster_7492	Exp3_MAG_244	multi_hit	MAGs/Exp3_MAG_244_c_000000000260	18754	29501	10747	3	11	BVMO; fadK; nylA	Alkanes; Beta-oxidation; Plastics	Beta-oxidation; Nylon; Subterminal oxidation	Accessory/other:4; Hypothetical/accessory:2; Regulator:1; Dehydrogenase/oxidoreductase:1; Hydratase/dehydratase/isomerase:1; CoA ligase/synthetase:1; Oxygenase/dioxygenase:1
Exp3_MAG_244_panelcluster_7505	Exp3_MAG_244	multi_hit	MAGs/Exp3_MAG_244_c_000000000319	23865	28635	4770	3	4	fadD; pegC; xylB	Aromatics; Beta-oxidation; Plastics	Beta-oxidation; PEG; Toluene	Dehydrogenase/oxidoreductase:2; CoA ligase/synthetase:1; Regulator:1
Exp3_MAG_244_panelcluster_7512	Exp3_MAG_244	multi_hit	MAGs/Exp3_MAG_244_c_000000000378	7829	12404	4575	3	5	pcaB; pcaH; pobA	Aromatics; Protocatechuate	Protocatechuate; Toluene	Oxygenase/dioxygenase:3; Regulator:1; Hydratase/dehydratase/isomerase:1
Exp3_MAG_245_panelcluster_7533	Exp3_MAG_245	multi_hit	MAGs/Exp3_MAG_245_c_000000000025	10732	18934	8202	3	9	pcaG; pcaH; pobA	Aromatics; Protocatechuate	Protocatechuate; Toluene	Oxygenase/dioxygenase:4; Hypothetical/accessory:2; Accessory/other:2; Regulator:1
Exp3_MAG_245_panelcluster_7539	Exp3_MAG_245	multi_hit	MAGs/Exp3_MAG_245_c_000000000051	1121	7032	5911	3	6	bphC; chcB2; chnD	Alkanes; Aromatics; Cyclohexanecarboxylate	Biphenyl; Cyclohexanecarboxylate; Terminal/biterminal oxidation	Dehydrogenase/oxidoreductase:2; Hypothetical/accessory:2; Regulator:1; Oxygenase/dioxygenase:1
Exp3_MAG_245_panelcluster_7555	Exp3_MAG_245	multi_hit	MAGs/Exp3_MAG_245_c_000000000120	54762	67714	12952	3	11	AAE3; pimC/aabA; pnbA	Cyclohexanecarboxylate; Oxalate; Plastics	Cyclohexanecarboxylate; Oxalate; PET	Hypothetical/accessory:6; CoA ligase/synthetase:1; Thiolase/transferase:1; Hydratase/dehydratase/isomerase:1; Accessory/other:1; Dehydrogenase/oxidoreductase:1
Exp3_MAG_245_panelcluster_7560	Exp3_MAG_245	multi_hit	MAGs/Exp3_MAG_245_c_000000000148	192	3924	3732	3	4	catE; pimC/aabA; pimD	Catechol-meta; Cyclohexanecarboxylate	Catechol-meta; Cyclohexanecarboxylate	Dehydrogenase/oxidoreductase:2; Hypothetical/accessory:1; Oxygenase/dioxygenase:1
Exp3_MAG_245_panelcluster_7567	Exp3_MAG_245	multi_hit	MAGs/Exp3_MAG_245_c_000000000188	22313	35790	13477	3	11	atoA; echA1; pcaI	Beta-oxidation; Catechol-ortho; Cyclohexylacetate	Beta-oxidation; Catechol-ortho; Cyclohexylacetate	Hypothetical/accessory:4; Thiolase/transferase:2; Accessory/other:2; Transport/efflux:1; Regulator:1; Hydratase/dehydratase/isomerase:1
Exp3_MAG_245_panelcluster_7577	Exp3_MAG_245	multi_hit	MAGs/Exp3_MAG_245_c_000000000221	3375	5954	2579	3	3	pcaB; pcaC; pcaD	Catechol-ortho; Protocatechuate	Protocatechuate	Hypothetical/accessory:1; Hydrolase/decarboxylase/lyase:1; Hydratase/dehydratase/isomerase:1
Exp3_MAG_245_panelcluster_7589	Exp3_MAG_245	multi_hit	MAGs/Exp3_MAG_245_c_000000000315	4026	15194	11168	3	11	nagF; ntnC; todD	Aromatics; Naphthalene	Naphthalene; Toluene	Hypothetical/accessory:4; Dehydrogenase/oxidoreductase:3; Transport/efflux:2; Accessory/other:1; Regulator:1
Exp3_MAG_245_panelcluster_7601	Exp3_MAG_245	multi_hit	MAGs/Exp3_MAG_245_c_000000000371	14641	20468	5827	3	5	crt; fadA; pimD	Beta-oxidation; Catechol-ortho; Cyclohexanecarboxylate	Beta-oxidation; Catechol-ortho; Cyclohexanecarboxylate	Thiolase/transferase:3; Dehydrogenase/oxidoreductase:1; Hydratase/dehydratase/isomerase:1
Exp3_MAG_245_panelcluster_7637	Exp3_MAG_245	multi_hit	MAGs/Exp3_MAG_245_c_000000000611	1448	5215	3767	3	3	pimC/aabA; pimD	Cyclohexanecarboxylate	Cyclohexanecarboxylate	Dehydrogenase/oxidoreductase:3
Exp3_MAG_245_panelcluster_7653	Exp3_MAG_245	multi_hit	MAGs/Exp3_MAG_245_c_000000000688	1138	6240	5102	3	4	GI:23664434; boxB; boxC	Aromatics	Benzene	Hydrolase/decarboxylase/lyase:2; Oxygenase/dioxygenase:1; CoA ligase/synthetase:1
Exp3_MAG_245_panelcluster_7664	Exp3_MAG_245	multi_hit	MAGs/Exp3_MAG_245_c_000000000734	18566	31437	12871	3	15	galA; galC	Gallate	Gallate	Hypothetical/accessory:4; Accessory/other:4; Oxygenase/dioxygenase:2; Hydrolase/decarboxylase/lyase:2; Regulator:1; Dehydrogenase/oxidoreductase:1; Hydratase/dehydratase/isomerase:1
Exp3_MAG_245_panelcluster_7670	Exp3_MAG_245	multi_hit	MAGs/Exp3_MAG_245_c_000000000754	557	21132	20575	3	18	abmA; fadK; yfdE	Aromatics; Beta-oxidation; Oxalate	Anthranilate; Beta-oxidation; Oxalate	Dehydrogenase/oxidoreductase:6; Oxygenase/dioxygenase:3; Transport/efflux:3; Hydratase/dehydratase/isomerase:2; Hydrolase/decarboxylase/lyase:1; CoA ligase/synthetase:1; Hypothetical/accessory:1; Thiolase/transferase:1
Exp3_MAG_248_panelcluster_7769	Exp3_MAG_248	multi_hit	MAGs/Exp3_MAG_248_c_000000000072	38106	47575	9469	3	7	pegC; pimC/aabA; pimD	Cyclohexanecarboxylate; Plastics	Cyclohexanecarboxylate; PEG	Dehydrogenase/oxidoreductase:4; Hypothetical/accessory:2; Accessory/other:1
Exp3_MAG_248_panelcluster_7772	Exp3_MAG_248	multi_hit	MAGs/Exp3_MAG_248_c_000000000088	59287	72122	12835	3	9	BVMO; est	Alkanes; Plastics	PBAT; Subterminal oxidation	Accessory/other:2; Dehydrogenase/oxidoreductase:2; Oxygenase/dioxygenase:1; Hydrolase/decarboxylase/lyase:1; Hypothetical/accessory:1; Transport/efflux:1; CoA ligase/synthetase:1
Exp3_MAG_248_panelcluster_7781	Exp3_MAG_248	multi_hit	MAGs/Exp3_MAG_248_c_000000000137	12116	23560	11444	3	9	alkJ_adh; fadI; xecD	Alkanes; Alkenes; Catechol-ortho	Auxillary alkane pathway; Catechol-ortho; Propene	Dehydrogenase/oxidoreductase:3; Hypothetical/accessory:2; Accessory/other:1; Hydratase/dehydratase/isomerase:1; Regulator:1; Thiolase/transferase:1
Exp3_MAG_248_panelcluster_7788	Exp3_MAG_248	multi_hit	MAGs/Exp3_MAG_248_c_000000000155	26539	39473	12934	3	12	BVMO; CYP450; xylB	Alkanes; Aromatics	Subterminal oxidation; Terminal/biterminal oxidation; Toluene	Dehydrogenase/oxidoreductase:3; Hypothetical/accessory:3; Regulator:2; Thiolase/transferase:1; Accessory/other:1; Hydratase/dehydratase/isomerase:1; Oxygenase/dioxygenase:1
Exp3_MAG_248_panelcluster_7821	Exp3_MAG_248	multi_hit	MAGs/Exp3_MAG_248_c_000000000366	13285	20492	7207	3	8	atoB; badH; hmgL	Beta-oxidation; Cyclohexylacetate	Beta-oxidation; Cyclohexylacetate	Accessory/other:3; Hypothetical/accessory:3; Hydrolase/decarboxylase/lyase:1; Dehydrogenase/oxidoreductase:1
Exp3_MAG_248_panelcluster_7832	Exp3_MAG_248	multi_hit	MAGs/Exp3_MAG_248_c_000000000458	20722	36818	16096	3	10	mhbH; pcaI; yfdE	Catechol-ortho; Gentisate; Oxalate	Catechol-ortho; Gentisate; Oxalate	Hypothetical/accessory:3; Accessory/other:3; Thiolase/transferase:2; Oxygenase/dioxygenase:1; Transport/efflux:1
Exp3_MAG_249_panelcluster_7852	Exp3_MAG_249	multi_hit	MAGs/Exp3_MAG_249_c_000000000165	182	7662	7480	3	6	acdA; atoB; hmgL	Beta-oxidation; Cyclohexylacetate	Beta-oxidation; Cyclohexylacetate	Carboxylase:2; Dehydrogenase/oxidoreductase:1; Thiolase/transferase:1; Hydratase/dehydratase/isomerase:1; Hydrolase/decarboxylase/lyase:1
Exp3_MAG_25_panelcluster_7856	Exp3_MAG_25	multi_hit	MAGs/Exp3_MAG_25_c_000000000036	5841	11623	5782	3	3	fadE; fadI; fadJ	Beta-oxidation; Catechol-ortho	Beta-oxidation; Catechol-ortho	Accessory/other:1; Thiolase/transferase:1; Dehydrogenase/oxidoreductase:1
Exp3_MAG_25_panelcluster_7861	Exp3_MAG_25	multi_hit	MAGs/Exp3_MAG_25_c_000000000056	83901	85992	2091	3	3	mlaD; mlaE; mlaF	Transportation	Transportation	Transport/efflux:3
Exp3_MAG_250_panelcluster_7880	Exp3_MAG_250	multi_hit	MAGs/Exp3_MAG_250_c_000000000082	35521	39561	4040	3	3	dszC; ladA; ssuD	Alkanes; Aromatics	Auxillary alkane pathway; Dibenzofuran; Terminal/biterminal oxidation	Oxygenase/dioxygenase:3
Exp3_MAG_251_panelcluster_7915	Exp3_MAG_251	multi_hit	MAGs/Exp3_MAG_251_c_000000001025	723	7920	7197	3	5	alkJ_adh; bphAa; xylG	Alkanes; Aromatics; Catechol-meta	Auxillary alkane pathway; Biphenyl; Catechol-meta	Dehydrogenase/oxidoreductase:2; Accessory/other:2; Oxygenase/dioxygenase:1
Exp3_MAG_252_panelcluster_7918	Exp3_MAG_252	multi_hit	MAGs/Exp3_MAG_252_c_000000000001	7235	19230	11995	3	12	chqB; galR; macA	Gallate; Hydroxyquinol	Gallate; Hydroxyquinol	Hypothetical/accessory:3; Accessory/other:3; Transport/efflux:2; Regulator:1; Oxygenase/dioxygenase:1; Thiolase/transferase:1; Dehydrogenase/oxidoreductase:1
Exp3_MAG_252_panelcluster_7922	Exp3_MAG_252	multi_hit	MAGs/Exp3_MAG_252_c_000000000003	77845	81330	3485	3	3	nylC; pimC/aabA; pimD	Cyclohexanecarboxylate; Plastics	Cyclohexanecarboxylate; Nylon	Dehydrogenase/oxidoreductase:2; Accessory/other:1
Exp3_MAG_252_panelcluster_7924	Exp3_MAG_252	multi_hit	MAGs/Exp3_MAG_252_c_000000000007	67	3358	3291	3	3	paaH; paaI; paaK	Phenylacetate	Phenylacetate	CoA ligase/synthetase:1; Hydrolase/decarboxylase/lyase:1; Dehydrogenase/oxidoreductase:1
Exp3_MAG_252_panelcluster_7929	Exp3_MAG_252	multi_hit	MAGs/Exp3_MAG_252_c_000000000017	9497	28495	18998	3	13	acdB; fadA; galC	Beta-oxidation; Gallate	Beta-oxidation; Gallate	Hypothetical/accessory:5; Dehydrogenase/oxidoreductase:2; Regulator:2; Thiolase/transferase:1; Accessory/other:1; Hydratase/dehydratase/isomerase:1; Hydrolase/decarboxylase/lyase:1
Exp3_MAG_252_panelcluster_7937	Exp3_MAG_252	multi_hit	MAGs/Exp3_MAG_252_c_000000000028	24365	42686	18321	3	14	GMET_RS16560; fadK; uctC	Beta-oxidation; Oxalate	Beta-oxidation; Oxalate	Accessory/other:4; Hypothetical/accessory:3; Thiolase/transferase:2; CoA ligase/synthetase:1; Regulator:1; Dehydrogenase/oxidoreductase:1; Hydratase/dehydratase/isomerase:1; Hydrolase/decarboxylase/lyase:1
Exp3_MAG_252_panelcluster_7960	Exp3_MAG_252	multi_hit	MAGs/Exp3_MAG_252_c_000000000083	9497	11666	2169	3	3	mlaD; mlaE; mlaF	Transportation	Transportation	Transport/efflux:3
Exp3_MAG_252_panelcluster_7965	Exp3_MAG_252	multi_hit	MAGs/Exp3_MAG_252_c_000000000095	21219	47554	26335	3	14	chcAa; cmtB; fadD	Aromatics; Beta-oxidation; Cyclohexanecarboxylate	Beta-oxidation; Cyclohexanecarboxylate; p-Cumate	Hypothetical/accessory:8; Accessory/other:3; Dehydrogenase/oxidoreductase:1; Hydrolase/decarboxylase/lyase:1; CoA ligase/synthetase:1
Exp3_MAG_252_panelcluster_7967	Exp3_MAG_252	multi_hit	MAGs/Exp3_MAG_252_c_000000000101	5671	11059	5388	3	6	atoB; mhbH; mhbl	Beta-oxidation; Gentisate	Beta-oxidation; Gentisate	Accessory/other:4; Hypothetical/accessory:1; Hydratase/dehydratase/isomerase:1
Exp3_MAG_252_panelcluster_7978	Exp3_MAG_252	multi_hit	MAGs/Exp3_MAG_252_c_000000000125	13049	19069	6020	3	6	echA1; nagR; pobA	Aromatics; Beta-oxidation; Naphthalene	Beta-oxidation; Naphthalene; Toluene	Accessory/other:2; Hydratase/dehydratase/isomerase:1; Regulator:1; Hypothetical/accessory:1; Oxygenase/dioxygenase:1
Exp3_MAG_252_panelcluster_7989	Exp3_MAG_252	multi_hit	MAGs/Exp3_MAG_252_c_000000000151	41672	45298	3626	3	4	hpcB; hpcC; hpcG	Aromatics	Homoprotocatechuate	Hydratase/dehydratase/isomerase:2; Dehydrogenase/oxidoreductase:1; Oxygenase/dioxygenase:1
Exp3_MAG_253_panelcluster_8001	Exp3_MAG_253	multi_hit	MAGs/Exp3_MAG_253_c_000000000002	83602	87203	3601	3	3	est; xylB; xylC	Aromatics; Plastics	PBAT; Toluene	Dehydrogenase/oxidoreductase:2; Hydrolase/decarboxylase/lyase:1
Exp3_MAG_253_panelcluster_8010	Exp3_MAG_253	multi_hit	MAGs/Exp3_MAG_253_c_000000000005	76671	86126	9455	3	9	nagF; nagR	Naphthalene	Naphthalene	Dehydrogenase/oxidoreductase:3; Accessory/other:2; Hypothetical/accessory:2; Transport/efflux:2
Exp3_MAG_253_panelcluster_8022	Exp3_MAG_253	multi_hit	MAGs/Exp3_MAG_253_c_000000000009	162029	165085	3056	3	3	badK; mpdC; xecE1	Alkenes; Cyclohexanecarboxylate	2-methylpropene; Cyclohexanecarboxylate; Propene	Dehydrogenase/oxidoreductase:2; Hydratase/dehydratase/isomerase:1
Exp3_MAG_253_panelcluster_8023	Exp3_MAG_253	multi_hit	MAGs/Exp3_MAG_253_c_000000000011	8191	15751	7560	3	6	pimC/aabA; sdgB; yfdE	Aromatics; Cyclohexanecarboxylate; Oxalate	Cyclohexanecarboxylate; Oxalate; Salicylate	Dehydrogenase/oxidoreductase:2; Hypothetical/accessory:2; CoA ligase/synthetase:1; Thiolase/transferase:1
Exp3_MAG_253_panelcluster_8037	Exp3_MAG_253	multi_hit	MAGs/Exp3_MAG_253_c_000000000024	908	11876	10968	3	8	alkJ_adh; hapE	Alkanes; Hydroquinone	Auxillary alkane pathway; Hydroquinone	Dehydrogenase/oxidoreductase:4; Hypothetical/accessory:2; Accessory/other:1; Hydrolase/decarboxylase/lyase:1
Exp3_MAG_253_panelcluster_8042	Exp3_MAG_253	multi_hit	MAGs/Exp3_MAG_253_c_000000000025	107455	114340	6885	3	6	atdA1; chqB; yfdE	Aromatics; Hydroxyquinol; Oxalate	Aniline; Hydroxyquinol; Oxalate	Accessory/other:2; Hypothetical/accessory:2; Thiolase/transferase:1; Oxygenase/dioxygenase:1
Exp3_MAG_253_panelcluster_8045	Exp3_MAG_253	multi_hit	MAGs/Exp3_MAG_253_c_000000000026	127917	131717	3800	3	4	aabC; paaG; pegC	Cyclohexanecarboxylate; Phenylacetate; Plastics	Cyclohexanecarboxylate; PEG; Phenylacetate	Hydratase/dehydratase/isomerase:1; Hypothetical/accessory:1; Dehydrogenase/oxidoreductase:1; Accessory/other:1
Exp3_MAG_253_panelcluster_8051	Exp3_MAG_253	multi_hit	MAGs/Exp3_MAG_253_c_000000000033	19412	33180	13768	3	14	hpaC; mlaF; pcaB	Aromatics; Protocatechuate; Transportation	4-Hydroxyphenylacetate; Protocatechuate; Transportation	Hypothetical/accessory:6; Accessory/other:4; Transport/efflux:2; Hydrolase/decarboxylase/lyase:1; Dehydrogenase/oxidoreductase:1
Exp3_MAG_254_panelcluster_8090	Exp3_MAG_254	multi_hit	MAGs/Exp3_MAG_254_c_000000000026	48464	61074	12610	3	11	acdA; alkJ_adh; crt	Alkanes; Beta-oxidation	Auxillary alkane pathway; Beta-oxidation	Dehydrogenase/oxidoreductase:3; Transport/efflux:2; Accessory/other:2; Hydratase/dehydratase/isomerase:1; Hypothetical/accessory:1; Regulator:1; Thiolase/transferase:1
Exp3_MAG_254_panelcluster_8098	Exp3_MAG_254	multi_hit	MAGs/Exp3_MAG_254_c_000000000051	24371	41826	17455	3	15	amdA; xecD	Alkenes; Plastics	PU; Propene	Accessory/other:5; Hypothetical/accessory:4; Transport/efflux:2; Regulator:1; Hydrolase/decarboxylase/lyase:1; Hydratase/dehydratase/isomerase:1; Dehydrogenase/oxidoreductase:1
Exp3_MAG_254_panelcluster_8107	Exp3_MAG_254	multi_hit	MAGs/Exp3_MAG_254_c_000000000071	10684	14596	3912	3	3	abmA; hbd; paaG	Aromatics; Phenylacetate; Plastics	Anthranilate; P3HV/PHA/PHBV; Phenylacetate	Dehydrogenase/oxidoreductase:2; Hydratase/dehydratase/isomerase:1
Exp3_MAG_254_panelcluster_8137	Exp3_MAG_254	multi_hit	MAGs/Exp3_MAG_254_c_000000000173	5484	10997	5513	3	6	badK; pobA; uctC	Aromatics; Cyclohexanecarboxylate; Oxalate	Cyclohexanecarboxylate; Oxalate; Toluene	Regulator:2; Hydratase/dehydratase/isomerase:1; Hypothetical/accessory:1; Thiolase/transferase:1; Oxygenase/dioxygenase:1
Exp3_MAG_254_panelcluster_8165	Exp3_MAG_254	multi_hit	MAGs/Exp3_MAG_254_c_000000000259	2071	7513	5442	3	6	badK; pobA; uctC	Aromatics; Cyclohexanecarboxylate; Oxalate	Cyclohexanecarboxylate; Oxalate; Toluene	Hypothetical/accessory:2; Oxygenase/dioxygenase:1; Thiolase/transferase:1; Regulator:1; Hydratase/dehydratase/isomerase:1
Exp3_MAG_255_panelcluster_8187	Exp3_MAG_255	multi_hit	MAGs/Exp3_MAG_255_c_000000000028	4262	11048	6786	3	5	acdB; fadA; fadB2	Beta-oxidation	Beta-oxidation	Dehydrogenase/oxidoreductase:2; Hypothetical/accessory:1; Thiolase/transferase:1; Hydratase/dehydratase/isomerase:1
Exp3_MAG_255_panelcluster_8212	Exp3_MAG_255	multi_hit	MAGs/Exp3_MAG_255_c_000000000181	1531	3697	2166	3	3	mlaD; mlaE; mlaF	Transportation	Transportation	Transport/efflux:3
Exp3_MAG_255_panelcluster_8242	Exp3_MAG_255	multi_hit	MAGs/Exp3_MAG_255_c_000000000387	7991	13165	5174	3	4	ISF6_0224; paaH; pnbA	Phenylacetate; Plastics	PET; Phenylacetate	Accessory/other:1; Regulator:1; Hydrolase/decarboxylase/lyase:1; Dehydrogenase/oxidoreductase:1
Exp3_MAG_256_panelcluster_8246	Exp3_MAG_256	multi_hit	MAGs/Exp3_MAG_256_c_000000000013	9643	26014	16371	3	13	hapE; nylB; pnbA	Hydroquinone; Plastics	Hydroquinone; Nylon; PET	Hypothetical/accessory:4; Accessory/other:2; Dehydrogenase/oxidoreductase:2; Hydrolase/decarboxylase/lyase:1; Transport/efflux:1; Thiolase/transferase:1; Hydratase/dehydratase/isomerase:1; CoA ligase/synthetase:1
Exp3_MAG_256_panelcluster_8250	Exp3_MAG_256	multi_hit	MAGs/Exp3_MAG_256_c_000000000029	3466	20397	16931	3	15	atdA1; hpcE; nagR	Aromatics; Naphthalene	Aniline; Homoprotocatechuate; Naphthalene	Hypothetical/accessory:7; Accessory/other:5; Oxygenase/dioxygenase:1; Transport/efflux:1; Dehydrogenase/oxidoreductase:1
Exp3_MAG_256_panelcluster_8280	Exp3_MAG_256	multi_hit	MAGs/Exp3_MAG_256_c_000000000180	709	8911	8202	3	8	galR; nagR; pobA	Aromatics; Gallate; Naphthalene	Gallate; Naphthalene; Toluene	Hypothetical/accessory:4; Accessory/other:1; Oxygenase/dioxygenase:1; Dehydrogenase/oxidoreductase:1; Regulator:1
Exp3_MAG_256_panelcluster_8294	Exp3_MAG_256	multi_hit	MAGs/Exp3_MAG_256_c_000000000233	1550	3841	2291	3	3	hbd; pcaI; pcaJ	Catechol-ortho; Plastics	Catechol-ortho; P3HV/PHA/PHBV	Thiolase/transferase:2; Dehydrogenase/oxidoreductase:1
Exp3_MAG_256_panelcluster_8299	Exp3_MAG_256	multi_hit	MAGs/Exp3_MAG_256_c_000000000268	2479	6590	4111	3	3	galA; galR; galT	Gallate	Gallate	Regulator:1; Transport/efflux:1; Oxygenase/dioxygenase:1
Exp3_MAG_256_panelcluster_8301	Exp3_MAG_256	multi_hit	MAGs/Exp3_MAG_256_c_000000000273	6761	18289	11528	3	12	galA; galR; pht2	Aromatics; Gallate	Gallate; Phthalate	Hypothetical/accessory:4; Oxygenase/dioxygenase:3; Regulator:2; Accessory/other:1; Electron transfer/redox:1; Hydrolase/decarboxylase/lyase:1
Exp3_MAG_256_panelcluster_8322	Exp3_MAG_256	multi_hit	MAGs/Exp3_MAG_256_c_000000000391	6526	9080	2554	3	3	pcaF; pcaI; pcaJ	Catechol-ortho; Protocatechuate	Catechol-ortho; Protocatechuate	Thiolase/transferase:3
Exp3_MAG_256_panelcluster_8326	Exp3_MAG_256	multi_hit	MAGs/Exp3_MAG_256_c_000000000412	254	4907	4653	3	4	crt; pimC/aabA; pimD	Beta-oxidation; Cyclohexanecarboxylate	Beta-oxidation; Cyclohexanecarboxylate	Dehydrogenase/oxidoreductase:2; Hydratase/dehydratase/isomerase:1; Hypothetical/accessory:1
Exp3_MAG_256_panelcluster_8328	Exp3_MAG_256	multi_hit	MAGs/Exp3_MAG_256_c_000000000416	8397	14240	5843	3	7	PGRcl; pcaI; pcaJ	Catechol-ortho; Pyrogallol	Catechol-ortho; Pyrogallol	Hypothetical/accessory:3; Thiolase/transferase:2; Dehydrogenase/oxidoreductase:1; Accessory/other:1
Exp3_MAG_257_panelcluster_8365	Exp3_MAG_257	multi_hit	MAGs/Exp3_MAG_257_c_000000000035	11768	26160	14392	3	15	est; galT; pnbA	Gallate; Plastics	Gallate; PBAT; PET	Hypothetical/accessory:8; Accessory/other:3; Regulator:2; Transport/efflux:1; Oxygenase/dioxygenase:1
Exp3_MAG_258_panelcluster_8396	Exp3_MAG_258	multi_hit	MAGs/Exp3_MAG_258_c_000000000157	23020	35618	12598	3	12	badH; mlaE; mlaF	Beta-oxidation; Transportation	Beta-oxidation; Transportation	Accessory/other:5; Hypothetical/accessory:3; Transport/efflux:2; Dehydrogenase/oxidoreductase:2
Exp3_MAG_259_panelcluster_8460	Exp3_MAG_259	multi_hit	MAGs/Exp3_MAG_259_c_000000000203	15084	17188	2104	3	3	mlaD; mlaE; mlaF	Transportation	Transportation	Transport/efflux:3
Exp3_MAG_260_panelcluster_8530	Exp3_MAG_260	multi_hit	MAGs/Exp3_MAG_260_c_000000000405	1272	5449	4177	3	4	fadK; mlaE; mlaF	Beta-oxidation; Transportation	Beta-oxidation; Transportation	Transport/efflux:2; CoA ligase/synthetase:1; Hypothetical/accessory:1
Exp3_MAG_261_panelcluster_8548	Exp3_MAG_261	multi_hit	MAGs/Exp3_MAG_261_c_000000000019	36961	39087	2126	3	3	mlaD; mlaE; mlaF	Transportation	Transportation	Transport/efflux:3
Exp3_MAG_261_panelcluster_8557	Exp3_MAG_261	multi_hit	MAGs/Exp3_MAG_261_c_000000000038	28550	43396	14846	3	13	ISF6_0224; acdB	Beta-oxidation; Plastics	Beta-oxidation; PET	Hypothetical/accessory:5; Accessory/other:5; Dehydrogenase/oxidoreductase:2; Hydrolase/decarboxylase/lyase:1
Exp3_MAG_261_panelcluster_8564	Exp3_MAG_261	multi_hit	MAGs/Exp3_MAG_261_c_000000000066	14780	32759	17979	3	14	ahpC; ahpF; nagR	Alkanes; Naphthalene	Finnerty pathway; Naphthalene	Accessory/other:5; Hypothetical/accessory:4; Dehydrogenase/oxidoreductase:3; Transport/efflux:1; Regulator:1
Exp3_MAG_262_panelcluster_8601	Exp3_MAG_262	multi_hit	MAGs/Exp3_MAG_262_c_000000000003	48914	75193	26279	3	23	fadE; nagR; yfdE	Beta-oxidation; Naphthalene; Oxalate	Beta-oxidation; Naphthalene; Oxalate	Hypothetical/accessory:9; Accessory/other:4; Dehydrogenase/oxidoreductase:3; Regulator:3; Hydratase/dehydratase/isomerase:1; Thiolase/transferase:1; Transport/efflux:1; Carboxylase:1
Exp3_MAG_262_panelcluster_8609	Exp3_MAG_262	multi_hit	MAGs/Exp3_MAG_262_c_000000000010	97128	101117	3989	3	4	hpcH; nbaA; pegC	Aromatics; Plastics	2-Nitrobenzoate; Homoprotocatechuate; PEG	Hypothetical/accessory:2; Dehydrogenase/oxidoreductase:1; Hydrolase/decarboxylase/lyase:1
Exp3_MAG_262_panelcluster_8614	Exp3_MAG_262	multi_hit	MAGs/Exp3_MAG_262_c_000000000012	66383	71337	4954	3	5	andAd; tphA2I; uctC	Aromatics; Oxalate	Anthranilate; Oxalate; Terephthalate	Oxygenase/dioxygenase:2; Thiolase/transferase:1; Hydrolase/decarboxylase/lyase:1; Hypothetical/accessory:1
Exp3_MAG_262_panelcluster_8626	Exp3_MAG_262	multi_hit	MAGs/Exp3_MAG_262_c_000000000018	7997	25088	17091	3	14	atoB; cmtB; fadK	Aromatics; Beta-oxidation	Beta-oxidation; p-Cumate	Hypothetical/accessory:4; Accessory/other:3; Dehydrogenase/oxidoreductase:3; CoA ligase/synthetase:1; Hydratase/dehydratase/isomerase:1; Hydrolase/decarboxylase/lyase:1; Carboxylase:1
Exp3_MAG_262_panelcluster_8642	Exp3_MAG_262	multi_hit	MAGs/Exp3_MAG_262_c_000000000028	91788	95743	3955	3	4	badK; paaG; paaI	Cyclohexanecarboxylate; Phenylacetate	Cyclohexanecarboxylate; Phenylacetate	Hydratase/dehydratase/isomerase:2; Hydrolase/decarboxylase/lyase:1; Dehydrogenase/oxidoreductase:1
Exp3_MAG_262_panelcluster_8652	Exp3_MAG_262	multi_hit	MAGs/Exp3_MAG_262_c_000000000031	69106	73863	4757	3	4	echA1; nagR; sdgB	Aromatics; Beta-oxidation; Naphthalene	Beta-oxidation; Naphthalene; Salicylate	Accessory/other:1; Dehydrogenase/oxidoreductase:1; Hydratase/dehydratase/isomerase:1; CoA ligase/synthetase:1
Exp3_MAG_262_panelcluster_8660	Exp3_MAG_262	multi_hit	MAGs/Exp3_MAG_262_c_000000000034	111686	119422	7736	3	6	SUBB_LEDLE; amdA; pchF	Aromatics; Plastics	PLA; PU; Toluene	Accessory/other:2; Hypothetical/accessory:2; Regulator:1; Dehydrogenase/oxidoreductase:1
Exp3_MAG_262_panelcluster_8662	Exp3_MAG_262	multi_hit	MAGs/Exp3_MAG_262_c_000000000036	100067	108101	8034	3	6	acdB; fadA; paaG	Beta-oxidation; Phenylacetate	Beta-oxidation; Phenylacetate	Hypothetical/accessory:2; Dehydrogenase/oxidoreductase:2; Hydratase/dehydratase/isomerase:1; Thiolase/transferase:1
Exp3_MAG_262_panelcluster_8679	Exp3_MAG_262	multi_hit	MAGs/Exp3_MAG_262_c_000000000050	48583	61700	13117	3	12	mlaF; nylA; ubiX	Plastics; Tannin; Transportation	Nylon; Tannin; Transportation	Accessory/other:5; Transport/efflux:3; Hypothetical/accessory:3; Regulator:1
Exp3_MAG_262_panelcluster_8684	Exp3_MAG_262	multi_hit	MAGs/Exp3_MAG_262_c_000000000052	71646	73888	2242	3	3	mlaD; mlaE; mlaF	Transportation	Transportation	Transport/efflux:3
Exp3_MAG_262_panelcluster_8707	Exp3_MAG_262	multi_hit	MAGs/Exp3_MAG_262_c_000000000080	2159	11532	9373	3	9	ahpC; ahpF; alkN_mcp	Alkanes	Finnerty pathway; Hydrocarbon uptake	Hypothetical/accessory:6; Dehydrogenase/oxidoreductase:2; Accessory/other:1
Exp3_MAG_263_panelcluster_8724	Exp3_MAG_263	multi_hit	MAGs/Exp3_MAG_263_c_000000000141	10102	17527	7425	3	6	crt; pchA; uctC	Aromatics; Beta-oxidation; Oxalate	Beta-oxidation; Oxalate; Toluene	Dehydrogenase/oxidoreductase:2; Hydratase/dehydratase/isomerase:1; Thiolase/transferase:1; Accessory/other:1; Hypothetical/accessory:1
Exp3_MAG_263_panelcluster_8735	Exp3_MAG_263	multi_hit	MAGs/Exp3_MAG_263_c_000000000223	1255	3906	2651	3	3	tphA2I; tphA3I; tphB	Aromatics	Terephthalate	Oxygenase/dioxygenase:2; Dehydrogenase/oxidoreductase:1
Exp3_MAG_264_panelcluster_8857	Exp3_MAG_264	multi_hit	MAGs/Exp3_MAG_264_c_000000000202	4267	14516	10249	3	11	acsA; hmgL; yfdE	Beta-oxidation; Cyclohexylacetate; Oxalate	Beta-oxidation; Cyclohexylacetate; Oxalate	Hypothetical/accessory:6; Accessory/other:1; Regulator:1; Transport/efflux:1; Thiolase/transferase:1; Hydrolase/decarboxylase/lyase:1
Exp3_MAG_264_panelcluster_8880	Exp3_MAG_264	multi_hit	MAGs/Exp3_MAG_264_c_000000000536	1107	3665	2558	3	3	mhpD; todD; todF	Aromatics; Catechol-meta	Catechol-meta; Toluene	Hydrolase/decarboxylase/lyase:1; Dehydrogenase/oxidoreductase:1; Hydratase/dehydratase/isomerase:1
Exp3_MAG_264_panelcluster_8883	Exp3_MAG_264	multi_hit	MAGs/Exp3_MAG_264_c_000000000617	1860	7132	5272	3	3	acdB; fadA; fadB	Beta-oxidation	Beta-oxidation	Hydratase/dehydratase/isomerase:1; Thiolase/transferase:1; Dehydrogenase/oxidoreductase:1
Exp3_MAG_264_panelcluster_8891	Exp3_MAG_264	multi_hit	MAGs/Exp3_MAG_264_c_000000000769	49	2462	2413	3	3	pcaF; pcaG; pcaH	Catechol-ortho; Protocatechuate	Protocatechuate	Oxygenase/dioxygenase:2; Thiolase/transferase:1
Exp3_MAG_266_panelcluster_8989	Exp3_MAG_266	multi_hit	MAGs/Exp3_MAG_266_c_000000000452	5090	10739	5649	3	3	fadE; fadI; fadJ	Beta-oxidation; Catechol-ortho	Beta-oxidation; Catechol-ortho	Accessory/other:2; Dehydrogenase/oxidoreductase:1
Exp3_MAG_267_panelcluster_9054	Exp3_MAG_267	multi_hit	MAGs/Exp3_MAG_267_c_000000000141	2754	10893	8139	3	10	atoB; badH; hmgL	Beta-oxidation; Cyclohexylacetate	Beta-oxidation; Cyclohexylacetate	Accessory/other:4; Hypothetical/accessory:4; Dehydrogenase/oxidoreductase:1; Hydrolase/decarboxylase/lyase:1
Exp3_MAG_267_panelcluster_9073	Exp3_MAG_267	multi_hit	MAGs/Exp3_MAG_267_c_000000000253	9263	12561	3298	3	4	mhbH; mhbl; yfdE	Gentisate; Oxalate	Gentisate; Oxalate	Hypothetical/accessory:2; Thiolase/transferase:1; Hydratase/dehydratase/isomerase:1
Exp3_MAG_267_panelcluster_9116	Exp3_MAG_267	multi_hit	MAGs/Exp3_MAG_267_c_000000000640	2675	15442	12767	3	10	CYP450; est; pimC/aabA	Alkanes; Cyclohexanecarboxylate; Plastics	Cyclohexanecarboxylate; PBAT; Terminal/biterminal oxidation	Hypothetical/accessory:6; Accessory/other:2; Oxygenase/dioxygenase:1; Dehydrogenase/oxidoreductase:1
Exp3_MAG_267_panelcluster_9132	Exp3_MAG_267	multi_hit	MAGs/Exp3_MAG_267_c_000000000764	50	14123	14073	3	13	pimC/aabA; pnbA; xylB	Aromatics; Cyclohexanecarboxylate; Plastics	Cyclohexanecarboxylate; PET; Toluene	Hypothetical/accessory:7; Dehydrogenase/oxidoreductase:3; Accessory/other:2; Regulator:1
Exp3_MAG_269_panelcluster_9186	Exp3_MAG_269	multi_hit	MAGs/Exp3_MAG_269_c_000000000078	13963	18385	4422	3	3	almA; pcaK; pegC	Alkanes; Plastics; Transportation	PEG; Terminal/biterminal oxidation; Transportation	Dehydrogenase/oxidoreductase:1; Oxygenase/dioxygenase:1; Transport/efflux:1
Exp3_MAG_27_panelcluster_9244	Exp3_MAG_27	multi_hit	MAGs/Exp3_MAG_27_c_000000000016	110846	124089	13243	3	13	ladA; pcaB	Alkanes; Protocatechuate	Protocatechuate; Terminal/biterminal oxidation	Hypothetical/accessory:4; Accessory/other:4; Oxygenase/dioxygenase:2; Dehydrogenase/oxidoreductase:1; Hydratase/dehydratase/isomerase:1; Transport/efflux:1
Exp3_MAG_27_panelcluster_9264	Exp3_MAG_27	multi_hit	MAGs/Exp3_MAG_27_c_000000000062	98429	104174	5745	3	4	fadI; fadJ; fadL	Beta-oxidation; Catechol-ortho; Transportation	Beta-oxidation; Catechol-ortho; Transportation	Transport/efflux:1; Hypothetical/accessory:1; Thiolase/transferase:1; Accessory/other:1
Exp3_MAG_27_panelcluster_9272	Exp3_MAG_27	multi_hit	MAGs/Exp3_MAG_27_c_000000000079	18736	20902	2166	3	3	mlaD; mlaE; mlaF	Transportation	Transportation	Transport/efflux:3
Exp3_MAG_270_panelcluster_9330	Exp3_MAG_270	multi_hit	MAGs/Exp3_MAG_270_c_000000000462	361	2315	1954	3	3	pcaC; pcaD; pcaH	Catechol-ortho; Protocatechuate	Protocatechuate	Oxygenase/dioxygenase:1; Hypothetical/accessory:1; Hydrolase/decarboxylase/lyase:1
Exp3_MAG_270_panelcluster_9389	Exp3_MAG_270	multi_hit	MAGs/Exp3_MAG_270_c_000000001299	5369	10539	5170	3	4	alkJ_adh; phdK; pht5	Alkanes; Aromatics	Auxillary alkane pathway; Phthalate; p-Cumate	Dehydrogenase/oxidoreductase:3; Hypothetical/accessory:1
Exp3_MAG_270_panelcluster_9417	Exp3_MAG_270	multi_hit	MAGs/Exp3_MAG_270_c_000000001658	63	3464	3401	3	3	hapE; pcaC	Hydroquinone; Protocatechuate	Hydroquinone; Protocatechuate	Dehydrogenase/oxidoreductase:2; Hypothetical/accessory:1
Exp3_MAG_270_panelcluster_9435	Exp3_MAG_270	multi_hit	MAGs/Exp3_MAG_270_c_000000001845	9737	16583	6846	3	6	pchA; pimC/aabA; uctC	Aromatics; Cyclohexanecarboxylate; Oxalate	Cyclohexanecarboxylate; Oxalate; Toluene	Dehydrogenase/oxidoreductase:2; Hydrolase/decarboxylase/lyase:1; Hydratase/dehydratase/isomerase:1; Hypothetical/accessory:1; Thiolase/transferase:1
Exp3_MAG_271_panelcluster_9461	Exp3_MAG_271	multi_hit	MAGs/Exp3_MAG_271_c_000000000003	10411	12516	2105	3	3	mlaD; mlaE; mlaF	Transportation	Transportation	Transport/efflux:3
Exp3_MAG_271_panelcluster_9464	Exp3_MAG_271	multi_hit	MAGs/Exp3_MAG_271_c_000000000005	25297	27847	2550	3	3	paaG; paaI; paaK	Phenylacetate	Phenylacetate	Hydratase/dehydratase/isomerase:1; Hydrolase/decarboxylase/lyase:1; CoA ligase/synthetase:1
Exp3_MAG_271_panelcluster_9482	Exp3_MAG_271	multi_hit	MAGs/Exp3_MAG_271_c_000000000045	53384	60534	7150	3	6	abmA; abmG2; paaG	Aromatics; Phenylacetate	Anthranilate; Phenylacetate	Dehydrogenase/oxidoreductase:3; CoA ligase/synthetase:1; Hydratase/dehydratase/isomerase:1; Hypothetical/accessory:1
Exp3_MAG_271_panelcluster_9500	Exp3_MAG_271	multi_hit	MAGs/Exp3_MAG_271_c_000000000112	43634	48946	5312	3	6	atoB; badH; mhbl	Beta-oxidation; Gentisate	Beta-oxidation; Gentisate	Accessory/other:3; Hydratase/dehydratase/isomerase:1; Hypothetical/accessory:1; Dehydrogenase/oxidoreductase:1
Exp3_MAG_272_panelcluster_9567	Exp3_MAG_272	multi_hit	MAGs/Exp3_MAG_272_c_000000000286	1290	6723	5433	3	4	alkH_ald; oxlT; pnbA	Alkanes; Oxalate; Plastics	Auxillary alkane pathway; Oxalate; PET	Dehydrogenase/oxidoreductase:2; Accessory/other:2
Exp3_MAG_273_panelcluster_9688	Exp3_MAG_273	multi_hit	MAGs/Exp3_MAG_273_c_000000000069	35456	44382	8926	3	8	alkJ_adh; nbaA; phdJ	Alkanes; Aromatics	2-Nitrobenzoate; Auxillary alkane pathway; p-Cumate	Hypothetical/accessory:3; Hydratase/dehydratase/isomerase:2; Dehydrogenase/oxidoreductase:1; Regulator:1; Accessory/other:1
Exp3_MAG_273_panelcluster_9732	Exp3_MAG_273	multi_hit	MAGs/Exp3_MAG_273_c_000000000450	1229	5666	4437	3	4	est; pegA; xecE1	Alkenes; Plastics	PEG; PLA; Propene	Dehydrogenase/oxidoreductase:3; Hypothetical/accessory:1
Exp3_MAG_273_panelcluster_9741	Exp3_MAG_273	multi_hit	MAGs/Exp3_MAG_273_c_000000000545	4773	19683	14910	3	13	dszC; phaZ2; ssuD	Alkanes; Aromatics; Plastics	Auxillary alkane pathway; Dibenzofuran; PHA/PHB	Hypothetical/accessory:6; Oxygenase/dioxygenase:3; Transport/efflux:2; Accessory/other:1; Dehydrogenase/oxidoreductase:1
Exp3_MAG_274_panelcluster_9751	Exp3_MAG_274	multi_hit	MAGs/Exp3_MAG_274_c_000000000037	10231	16260	6029	3	4	alkJ_adh; hpcC; nagG	Alkanes; Aromatics	Auxillary alkane pathway; Homoprotocatechuate; Salicylate	Dehydrogenase/oxidoreductase:2; Oxygenase/dioxygenase:1; Hypothetical/accessory:1
Exp3_MAG_274_panelcluster_9756	Exp3_MAG_274	multi_hit	MAGs/Exp3_MAG_274_c_000000000044	48980	56358	7378	3	5	badH; est; pnbA	Beta-oxidation; Plastics	Beta-oxidation; PBAT; PET	Accessory/other:3; Dehydrogenase/oxidoreductase:1; Hypothetical/accessory:1
Exp3_MAG_275_panelcluster_9788	Exp3_MAG_275	multi_hit	MAGs/Exp3_MAG_275_c_000000000019	53331	55500	2169	3	3	mlaD; mlaE; mlaF	Transportation	Transportation	Transport/efflux:3
Exp3_MAG_277_panelcluster_9826	Exp3_MAG_277	multi_hit	MAGs/Exp3_MAG_277_c_000000000011	15816	24692	8876	3	8	mlaF; mpdB; ubiX	Alkenes; Tannin; Transportation	2-methylpropene; Tannin; Transportation	Accessory/other:3; Hypothetical/accessory:2; Transport/efflux:2; Dehydrogenase/oxidoreductase:1
Exp3_MAG_278_panelcluster_9853	Exp3_MAG_278	multi_hit	MAGs/Exp3_MAG_278_c_000000000002	17699	21530	3831	3	3	pimC/aabA; pimD	Cyclohexanecarboxylate	Cyclohexanecarboxylate	Dehydrogenase/oxidoreductase:3
Exp3_MAG_278_panelcluster_9854	Exp3_MAG_278	multi_hit	MAGs/Exp3_MAG_278_c_000000000004	2051	27630	25579	3	24	abmG1; badI; mlaF	Aromatics; Beta-oxidation; Transportation	Anthranilate; Beta-oxidation; Transportation	Hypothetical/accessory:10; Accessory/other:5; Dehydrogenase/oxidoreductase:3; Transport/efflux:3; CoA ligase/synthetase:1; Regulator:1; Hydratase/dehydratase/isomerase:1
Exp3_MAG_278_panelcluster_9869	Exp3_MAG_278	multi_hit	MAGs/Exp3_MAG_278_c_000000000033	3965	20057	16092	3	15	NFA_28320; chcAa; galB	Cyclohexanecarboxylate; Gallate; Plastics	Cyclohexanecarboxylate; Gallate; Nylon	Hypothetical/accessory:8; Accessory/other:3; CoA ligase/synthetase:1; Hydrolase/decarboxylase/lyase:1; Transport/efflux:1; Hydratase/dehydratase/isomerase:1
Exp3_MAG_278_panelcluster_9870	Exp3_MAG_278	multi_hit	MAGs/Exp3_MAG_278_c_000000000036	4768	10119	5351	3	6	ISF6_0224; hpcG; nbaA	Aromatics; Plastics	2-Nitrobenzoate; Homoprotocatechuate; PET	Hypothetical/accessory:3; Hydrolase/decarboxylase/lyase:2; Hydratase/dehydratase/isomerase:1
Exp3_MAG_278_panelcluster_9872	Exp3_MAG_278	multi_hit	MAGs/Exp3_MAG_278_c_000000000040	32566	35326	2760	3	3	pcaF; pcaG; pcaH	Catechol-ortho; Protocatechuate	Protocatechuate	Oxygenase/dioxygenase:2; Thiolase/transferase:1
Exp3_MAG_278_panelcluster_9875	Exp3_MAG_278	multi_hit	MAGs/Exp3_MAG_278_c_000000000045	12749	18266	5517	3	6	hpcC; hpcG; hpcH	Aromatics	Homoprotocatechuate	Dehydrogenase/oxidoreductase:2; Hydratase/dehydratase/isomerase:2; Hypothetical/accessory:1; Hydrolase/decarboxylase/lyase:1
Exp3_MAG_278_panelcluster_9884	Exp3_MAG_278	multi_hit	MAGs/Exp3_MAG_278_c_000000000067	243	7109	6866	3	9	crt; nbaA; paaG	Aromatics; Beta-oxidation; Phenylacetate	2-Nitrobenzoate; Beta-oxidation; Phenylacetate	Hypothetical/accessory:5; Dehydrogenase/oxidoreductase:2; Hydratase/dehydratase/isomerase:2
Exp3_MAG_278_panelcluster_9930	Exp3_MAG_278	multi_hit	MAGs/Exp3_MAG_278_c_000000000166	15931	21248	5317	3	4	est; fadK; pchA	Aromatics; Beta-oxidation; Plastics	Beta-oxidation; PBAT; Toluene	Dehydrogenase/oxidoreductase:1; Hypothetical/accessory:1; Accessory/other:1; CoA ligase/synthetase:1
Exp3_MAG_278_panelcluster_9951	Exp3_MAG_278	multi_hit	MAGs/Exp3_MAG_278_c_000000000213	195	12515	12320	3	10	frc; oxlT	Oxalate	Oxalate	Hypothetical/accessory:5; Accessory/other:4; Thiolase/transferase:1
Exp3_MAG_278_panelcluster_9955	Exp3_MAG_278	multi_hit	MAGs/Exp3_MAG_278_c_000000000221	4298	8051	3753	3	4	catE; pimC/aabA; pimD	Catechol-meta; Cyclohexanecarboxylate	Catechol-meta; Cyclohexanecarboxylate	Dehydrogenase/oxidoreductase:2; Oxygenase/dioxygenase:1; Hypothetical/accessory:1
Exp3_MAG_278_panelcluster_9956	Exp3_MAG_278	multi_hit	MAGs/Exp3_MAG_278_c_000000000226	3392	17617	14225	3	9	AAE3; alkH_ald; pegA	Alkanes; Oxalate; Plastics	Auxillary alkane pathway; Oxalate; PEG	Hypothetical/accessory:6; Dehydrogenase/oxidoreductase:2; CoA ligase/synthetase:1
Exp3_MAG_278_panelcluster_9966	Exp3_MAG_278	multi_hit	MAGs/Exp3_MAG_278_c_000000000253	5419	17035	11616	3	10	chnD; hbd; yfdE	Alkanes; Oxalate; Plastics	Oxalate; P3HV/PHA/PHBV; Terminal/biterminal oxidation	Transport/efflux:4; Dehydrogenase/oxidoreductase:2; Accessory/other:2; Hypothetical/accessory:1; Thiolase/transferase:1
Exp3_MAG_278_panelcluster_9992	Exp3_MAG_278	multi_hit	MAGs/Exp3_MAG_278_c_000000000304	7269	16954	9685	3	9	GMET_RS16560; mhbH; nylA	Beta-oxidation; Gentisate; Plastics	Beta-oxidation; Gentisate; Nylon	Hypothetical/accessory:3; Accessory/other:2; Thiolase/transferase:1; CoA ligase/synthetase:1; Dehydrogenase/oxidoreductase:1; Hydrolase/decarboxylase/lyase:1
Exp3_MAG_278_panelcluster_9997	Exp3_MAG_278	multi_hit	MAGs/Exp3_MAG_278_c_000000000334	5797	16895	11098	3	10	GI:23664434; aliB; atoB	Aromatics; Beta-oxidation	Benzene; Beta-oxidation	Dehydrogenase/oxidoreductase:3; Hydratase/dehydratase/isomerase:2; Hypothetical/accessory:2; Accessory/other:1; Regulator:1; Thiolase/transferase:1
Exp3_MAG_279_panelcluster_10009	Exp3_MAG_279	multi_hit	MAGs/Exp3_MAG_279_c_000000000127	800	12467	11667	3	10	chcB2; hapE; pcaC	Cyclohexanecarboxylate; Hydroquinone; Protocatechuate	Cyclohexanecarboxylate; Hydroquinone; Protocatechuate	Hypothetical/accessory:3; Dehydrogenase/oxidoreductase:2; Transport/efflux:2; Accessory/other:2; Regulator:1
Exp3_MAG_279_panelcluster_10048	Exp3_MAG_279	multi_hit	MAGs/Exp3_MAG_279_c_000000000597	400	3019	2619	3	3	atoA; atoB; atoD	Beta-oxidation; Cyclohexylacetate	Beta-oxidation; Cyclohexylacetate	Thiolase/transferase:2; Accessory/other:1
Exp3_MAG_279_panelcluster_10055	Exp3_MAG_279	multi_hit	MAGs/Exp3_MAG_279_c_000000000671	1656	12106	10450	3	7	est; paaH; pnbA	Phenylacetate; Plastics	PET; PLA; Phenylacetate	Accessory/other:3; Dehydrogenase/oxidoreductase:3; Hypothetical/accessory:1
Exp3_MAG_279_panelcluster_10061	Exp3_MAG_279	multi_hit	MAGs/Exp3_MAG_279_c_000000000779	801	10788	9987	3	8	crt; pchA; pegA	Aromatics; Beta-oxidation; Plastics	Beta-oxidation; PEG; Toluene	Accessory/other:3; Dehydrogenase/oxidoreductase:2; Hydratase/dehydratase/isomerase:1; Transport/efflux:1; Hypothetical/accessory:1
Exp3_MAG_279_panelcluster_10064	Exp3_MAG_279	multi_hit	MAGs/Exp3_MAG_279_c_000000000823	3403	14290	10887	3	10	ABO_2449; chnA; hpcE	Alkanes; Aromatics; Plastics	Homoprotocatechuate; PBSA/PCL/PES/PHA/PHBV/PLA; Terminal/biterminal oxidation	Accessory/other:3; Hypothetical/accessory:3; Dehydrogenase/oxidoreductase:1; Oxygenase/dioxygenase:1; Transport/efflux:1; Regulator:1
Exp3_MAG_279_panelcluster_10074	Exp3_MAG_279	multi_hit	MAGs/Exp3_MAG_279_c_000000001038	1902	4368	2466	3	3	galB; galC; galD	Gallate	Gallate	Hydratase/dehydratase/isomerase:2; Hydrolase/decarboxylase/lyase:1
Exp3_MAG_281_panelcluster_10140	Exp3_MAG_281	multi_hit	MAGs/Exp3_MAG_281_c_000000000009	19	9964	9945	3	7	hapE; pnbA; uctC	Hydroquinone; Oxalate; Plastics	Hydroquinone; Oxalate; PET	Accessory/other:3; Dehydrogenase/oxidoreductase:2; Hypothetical/accessory:1; Thiolase/transferase:1
Exp3_MAG_281_panelcluster_10151	Exp3_MAG_281	multi_hit	MAGs/Exp3_MAG_281_c_000000000025	28504	33625	5121	3	6	atoB; badH; fadI	Beta-oxidation; Catechol-ortho	Beta-oxidation; Catechol-ortho	Hypothetical/accessory:3; Thiolase/transferase:1; Accessory/other:1; Dehydrogenase/oxidoreductase:1
Exp3_MAG_281_panelcluster_10158	Exp3_MAG_281	multi_hit	MAGs/Exp3_MAG_281_c_000000000043	64964	67885	2921	3	4	DPGC; PGRcl; paaH	Phenylacetate; Pyrogallol	Phenylacetate; Pyrogallol	Dehydrogenase/oxidoreductase:2; Accessory/other:1; Hypothetical/accessory:1
Exp3_MAG_281_panelcluster_10161	Exp3_MAG_281	multi_hit	MAGs/Exp3_MAG_281_c_000000000057	15993	28834	12841	3	15	PGRcl; acdB; hbd	Beta-oxidation; Plastics; Pyrogallol	Beta-oxidation; P3HV/PHA/PHBV; Pyrogallol	Accessory/other:7; Dehydrogenase/oxidoreductase:4; Hypothetical/accessory:4
Exp3_MAG_281_panelcluster_10180	Exp3_MAG_281	multi_hit	MAGs/Exp3_MAG_281_c_000000000114	1308	6569	5261	3	4	NFA_28320; aliA; est	Beta-oxidation; Plastics	Beta-oxidation; Nylon; PBAT	Accessory/other:2; CoA ligase/synthetase:1; Hypothetical/accessory:1
Exp3_MAG_281_panelcluster_10182	Exp3_MAG_281	multi_hit	MAGs/Exp3_MAG_281_c_000000000119	11446	28540	17094	3	16	acdB; fadJ; xecD	Alkenes; Beta-oxidation	Beta-oxidation; Propene	Hypothetical/accessory:6; Accessory/other:5; Dehydrogenase/oxidoreductase:4; Thiolase/transferase:1
Exp3_MAG_281_panelcluster_10194	Exp3_MAG_281	multi_hit	MAGs/Exp3_MAG_281_c_000000000158	123	8603	8480	3	7	mhbH; mhbl; uctC	Gentisate; Oxalate	Gentisate; Oxalate	Hypothetical/accessory:4; Thiolase/transferase:1; Accessory/other:1; Hydratase/dehydratase/isomerase:1
Exp3_MAG_283_panelcluster_10243	Exp3_MAG_283	multi_hit	MAGs/Exp3_MAG_283_c_000000000350	898	2974	2076	3	3	mlaD; mlaE; mlaF	Transportation	Transportation	Transport/efflux:3
Exp3_MAG_284_panelcluster_10287	Exp3_MAG_284	multi_hit	MAGs/Exp3_MAG_284_c_000000000701	2335	13094	10759	3	12	acdB; atoA; pcaI	Beta-oxidation; Catechol-ortho; Cyclohexylacetate	Beta-oxidation; Catechol-ortho; Cyclohexylacetate	Hypothetical/accessory:8; Dehydrogenase/oxidoreductase:2; Thiolase/transferase:2
Exp3_MAG_284_panelcluster_10294	Exp3_MAG_284	multi_hit	MAGs/Exp3_MAG_284_c_000000000779	2634	8197	5563	3	5	bphF; mhpF; xylJ	Aromatics; Catechol-meta	Biphenyl; Catechol-meta	Hypothetical/accessory:2; Hydratase/dehydratase/isomerase:1; Dehydrogenase/oxidoreductase:1; Hydrolase/decarboxylase/lyase:1
Exp3_MAG_284_panelcluster_10296	Exp3_MAG_284	multi_hit	MAGs/Exp3_MAG_284_c_000000000842	502	2814	2312	3	3	pcaB; pcaC; pcaD	Catechol-ortho; Protocatechuate	Protocatechuate	Hypothetical/accessory:1; Hydrolase/decarboxylase/lyase:1; Hydratase/dehydratase/isomerase:1
Exp3_MAG_286_panelcluster_10321	Exp3_MAG_286	multi_hit	MAGs/Exp3_MAG_286_c_000000000008	64420	70280	5860	3	4	atdA1; hapE; hpcC	Aromatics; Hydroquinone	Aniline; Homoprotocatechuate; Hydroquinone	Dehydrogenase/oxidoreductase:2; Accessory/other:2
Exp3_MAG_286_panelcluster_10333	Exp3_MAG_286	multi_hit	MAGs/Exp3_MAG_286_c_000000000044	12685	24710	12025	3	13	PGRcl; acdB; hbd	Beta-oxidation; Plastics; Pyrogallol	Beta-oxidation; P3HV/PHA/PHBV; Pyrogallol	Hypothetical/accessory:5; Dehydrogenase/oxidoreductase:4; Accessory/other:4
Exp3_MAG_286_panelcluster_10349	Exp3_MAG_286	multi_hit	MAGs/Exp3_MAG_286_c_000000000074	24878	30246	5368	3	4	fadA; pnbA; sdgA	Aromatics; Beta-oxidation; Plastics	Beta-oxidation; PET; Salicylate	Thiolase/transferase:1; Dehydrogenase/oxidoreductase:1; CoA ligase/synthetase:1; Accessory/other:1
Exp3_MAG_286_panelcluster_10361	Exp3_MAG_286	multi_hit	MAGs/Exp3_MAG_286_c_000000000120	5646	10299	4653	3	5	chcB1; hpcE; xecD	Alkenes; Aromatics; Cyclohexanecarboxylate	Cyclohexanecarboxylate; Homoprotocatechuate; Propene	Dehydrogenase/oxidoreductase:2; Hydrolase/decarboxylase/lyase:1; Hydratase/dehydratase/isomerase:1; Regulator:1
Exp3_MAG_286_panelcluster_10370	Exp3_MAG_286	multi_hit	MAGs/Exp3_MAG_286_c_000000000138	8487	13194	4707	3	5	atoB; badH; fadI	Beta-oxidation; Catechol-ortho	Beta-oxidation; Catechol-ortho	Hypothetical/accessory:2; Thiolase/transferase:1; Accessory/other:1; Dehydrogenase/oxidoreductase:1
Exp3_MAG_287_panelcluster_10377	Exp3_MAG_287	multi_hit	MAGs/Exp3_MAG_287_c_000000000057	6552	11244	4692	3	4	andAa; bamB; phaY2	Aromatics; Benzoyl-CoA; Plastics	Anthranilate; Benzoyl-CoA; PHA/PHB	Dehydrogenase/oxidoreductase:2; Hydrolase/decarboxylase/lyase:1; Hypothetical/accessory:1
Exp3_MAG_288_panelcluster_10425	Exp3_MAG_288	multi_hit	MAGs/Exp3_MAG_288_c_000000000406	7196	9373	2177	3	3	PGRcl; pcaI; pcaJ	Catechol-ortho; Pyrogallol	Catechol-ortho; Pyrogallol	Thiolase/transferase:2; Dehydrogenase/oxidoreductase:1
Exp3_MAG_290_panelcluster_10507	Exp3_MAG_290	multi_hit	MAGs/Exp3_MAG_290_c_000000000046	60038	62139	2101	3	3	mlaD; mlaE; mlaF	Transportation	Transportation	Transport/efflux:3
Exp3_MAG_290_panelcluster_10520	Exp3_MAG_290	multi_hit	MAGs/Exp3_MAG_290_c_000000000076	4705	11817	7112	3	6	abmA; abmG2; badH	Aromatics; Beta-oxidation	Anthranilate; Beta-oxidation	Dehydrogenase/oxidoreductase:3; CoA ligase/synthetase:1; Hydratase/dehydratase/isomerase:1; Hypothetical/accessory:1
Exp3_MAG_290_panelcluster_10531	Exp3_MAG_290	multi_hit	MAGs/Exp3_MAG_290_c_000000000097	50963	70061	19098	3	16	aabB; mhbl; pchA	Aromatics; Cyclohexanecarboxylate; Gentisate	Cyclohexanecarboxylate; Gentisate; Toluene	Hypothetical/accessory:6; Dehydrogenase/oxidoreductase:2; Accessory/other:2; Hydratase/dehydratase/isomerase:2; Transport/efflux:2; Regulator:1; CoA ligase/synthetase:1
Exp3_MAG_31_panelcluster_10723	Exp3_MAG_31	multi_hit	MAGs/Exp3_MAG_31_c_000000000095	691	6556	5865	3	3	fadE; fadI; fadJ	Beta-oxidation; Catechol-ortho	Beta-oxidation; Catechol-ortho	Accessory/other:1; Thiolase/transferase:1; Dehydrogenase/oxidoreductase:1
Exp3_MAG_31_panelcluster_10727	Exp3_MAG_31	multi_hit	MAGs/Exp3_MAG_31_c_000000000162	5748	10094	4346	3	5	acdA; atoB; chqB	Beta-oxidation; Hydroxyquinol	Beta-oxidation; Hydroxyquinol	Hypothetical/accessory:2; Thiolase/transferase:1; Dehydrogenase/oxidoreductase:1; Oxygenase/dioxygenase:1
Exp3_MAG_31_panelcluster_10731	Exp3_MAG_31	multi_hit	MAGs/Exp3_MAG_31_c_000000000220	787	5007	4220	3	7	mlaD; mlaE; mlaF	Transportation	Transportation	Hypothetical/accessory:4; Transport/efflux:3
Exp3_MAG_32_panelcluster_10739	Exp3_MAG_32	multi_hit	MAGs/Exp3_MAG_32_c_000000000010	20815	32609	11794	3	11	acdB; fadA; fadJ	Beta-oxidation	Beta-oxidation	Hypothetical/accessory:5; Accessory/other:2; Hydratase/dehydratase/isomerase:1; Transport/efflux:1; Thiolase/transferase:1; Dehydrogenase/oxidoreductase:1
Exp3_MAG_32_panelcluster_10740	Exp3_MAG_32	multi_hit	MAGs/Exp3_MAG_32_c_000000000011	13100	34845	21745	3	19	pegC; uctC; xecD	Alkenes; Oxalate; Plastics	Oxalate; PEG; Propene	Dehydrogenase/oxidoreductase:8; Hypothetical/accessory:4; Accessory/other:3; Transport/efflux:2; Thiolase/transferase:1; Regulator:1
Exp3_MAG_32_panelcluster_10743	Exp3_MAG_32	multi_hit	MAGs/Exp3_MAG_32_c_000000000011	95905	99403	3498	3	3	paaH; pimC/aabA; pimD	Cyclohexanecarboxylate; Phenylacetate	Cyclohexanecarboxylate; Phenylacetate	Dehydrogenase/oxidoreductase:3
Exp3_MAG_32_panelcluster_10744	Exp3_MAG_32	multi_hit	MAGs/Exp3_MAG_32_c_000000000012	69373	74627	5254	3	5	badH; pimC/aabA; yfdE	Beta-oxidation; Cyclohexanecarboxylate; Oxalate	Beta-oxidation; Cyclohexanecarboxylate; Oxalate	Dehydrogenase/oxidoreductase:3; Hydratase/dehydratase/isomerase:1; Thiolase/transferase:1
Exp3_MAG_32_panelcluster_10791	Exp3_MAG_32	multi_hit	MAGs/Exp3_MAG_32_c_000000000095	19733	21812	2079	3	3	mlaD; mlaE; mlaF	Transportation	Transportation	Transport/efflux:3
Exp3_MAG_32_panelcluster_10793	Exp3_MAG_32	multi_hit	MAGs/Exp3_MAG_32_c_000000000098	41212	46842	5630	3	5	GI:23664434; atoB	Aromatics; Beta-oxidation	Benzene; Beta-oxidation	Accessory/other:4; Thiolase/transferase:1
Exp3_MAG_32_panelcluster_10795	Exp3_MAG_32	multi_hit	MAGs/Exp3_MAG_32_c_000000000106	7785	13502	5717	3	6	chnE; galC; phaY2	Alkanes; Gallate; Plastics	Gallate; PHA/PHB; Terminal/biterminal oxidation	Hydrolase/decarboxylase/lyase:3; Dehydrogenase/oxidoreductase:1; Hypothetical/accessory:1; Accessory/other:1
Exp3_MAG_32_panelcluster_10797	Exp3_MAG_32	multi_hit	MAGs/Exp3_MAG_32_c_000000000116	23372	31618	8246	3	7	NFA_28320; fadD	Beta-oxidation; Plastics	Beta-oxidation; Nylon	CoA ligase/synthetase:2; Accessory/other:2; Regulator:1; Transport/efflux:1; Hydrolase/decarboxylase/lyase:1
Exp3_MAG_33_panelcluster_10833	Exp3_MAG_33	multi_hit	MAGs/Exp3_MAG_33_c_000000000033	32400	36320	3920	3	3	amnA; amnB; amnC	Aromatics	2-Aminophenol	Dehydrogenase/oxidoreductase:2; Oxygenase/dioxygenase:1
Exp3_MAG_34_panelcluster_10890	Exp3_MAG_34	multi_hit	MAGs/Exp3_MAG_34_c_000000000537	2005	7009	5004	3	6	chcB1; mlaE; mlaF	Cyclohexanecarboxylate; Transportation	Cyclohexanecarboxylate; Transportation	Hypothetical/accessory:3; Transport/efflux:2; Dehydrogenase/oxidoreductase:1
Exp3_MAG_39_panelcluster_11008	Exp3_MAG_39	multi_hit	MAGs/Exp3_MAG_39_c_000000000028	9911	14473	4562	3	6	isoF; tmoA; tmoE	Alkenes; Aromatics	Isoprene; Toluene	Oxygenase/dioxygenase:4; Hypothetical/accessory:1; Electron transfer/redox:1
Exp3_MAG_39_panelcluster_11011	Exp3_MAG_39	multi_hit	MAGs/Exp3_MAG_39_c_000000000051	6435	9125	2690	3	3	prmB; prmC; prmD	Alkanes	Subterminal oxidation	Oxygenase/dioxygenase:3
Exp3_MAG_39_panelcluster_11047	Exp3_MAG_39	multi_hit	MAGs/Exp3_MAG_39_c_000000000301	4297	9076	4779	3	5	pcaG; pcaH; pobA	Aromatics; Protocatechuate	Protocatechuate; Toluene	Oxygenase/dioxygenase:3; Hypothetical/accessory:2
Exp3_MAG_39_panelcluster_11071	Exp3_MAG_39	multi_hit	MAGs/Exp3_MAG_39_c_000000000559	8977	14362	5385	3	5	sdgB; xecD; xecE1	Alkenes; Aromatics	Propene; Salicylate	Thiolase/transferase:2; Dehydrogenase/oxidoreductase:2; CoA ligase/synthetase:1
Exp3_MAG_39_panelcluster_11089	Exp3_MAG_39	multi_hit	MAGs/Exp3_MAG_39_c_000000000690	11821	19471	7650	3	6	hapE; pobB; xylB	Aromatics; Hydroquinone; Protocatechuate	Hydroquinone; Protocatechuate; Toluene	Dehydrogenase/oxidoreductase:2; Hypothetical/accessory:2; Electron transfer/redox:1; Oxygenase/dioxygenase:1
Exp3_MAG_4_panelcluster_11099	Exp3_MAG_4	multi_hit	MAGs/Exp3_MAG_4_c_000000000495	137	5051	4914	3	4	pnbA	Plastics	PET	Accessory/other:2; Hypothetical/accessory:2
Exp3_MAG_40_panelcluster_11150	Exp3_MAG_40	multi_hit	MAGs/Exp3_MAG_40_c_000000000117	63650	65716	2066	3	3	mlaD; mlaE; mlaF	Transportation	Transportation	Transport/efflux:3
Exp3_MAG_40_panelcluster_11165	Exp3_MAG_40	multi_hit	MAGs/Exp3_MAG_40_c_000000000221	19885	29939	10054	3	11	acdB; est; hbd	Beta-oxidation; Plastics	Beta-oxidation; P3HV/PHA/PHBV; PBAT	Accessory/other:4; Hypothetical/accessory:3; Dehydrogenase/oxidoreductase:2; Electron transfer/redox:2
Exp3_MAG_42_panelcluster_11201	Exp3_MAG_42	multi_hit	MAGs/Exp3_MAG_42_c_000000000006	155320	157389	2069	3	3	mlaD; mlaE; mlaF	Transportation	Transportation	Transport/efflux:3
Exp3_MAG_42_panelcluster_11204	Exp3_MAG_42	multi_hit	MAGs/Exp3_MAG_42_c_000000000007	46552	62880	16328	3	14	badH; paaY	Beta-oxidation; Phenylacetate	Beta-oxidation; Phenylacetate	Accessory/other:7; Hypothetical/accessory:4; Dehydrogenase/oxidoreductase:3
Exp3_MAG_43_panelcluster_11287	Exp3_MAG_43	multi_hit	MAGs/Exp3_MAG_43_c_000000000440	1727	6711	4984	3	5	CYP450; paaG; pimC/aabA	Alkanes; Cyclohexanecarboxylate; Phenylacetate	Cyclohexanecarboxylate; Phenylacetate; Terminal/biterminal oxidation	Hypothetical/accessory:2; Dehydrogenase/oxidoreductase:1; Hydratase/dehydratase/isomerase:1; Oxygenase/dioxygenase:1
Exp3_MAG_44_panelcluster_11344	Exp3_MAG_44	multi_hit	MAGs/Exp3_MAG_44_c_000000000049	2495	11769	9274	3	10	CHMO; badH; xecD	Alkanes; Alkenes; Beta-oxidation	Beta-oxidation; Propene; Terminal/biterminal oxidation	Hypothetical/accessory:4; Dehydrogenase/oxidoreductase:2; Accessory/other:2; CoA ligase/synthetase:1; Oxygenase/dioxygenase:1
Exp3_MAG_44_panelcluster_11346	Exp3_MAG_44	multi_hit	MAGs/Exp3_MAG_44_c_000000000064	132	23520	23388	3	19	NFA_28320; chcB2; pnbA	Cyclohexanecarboxylate; Plastics	Cyclohexanecarboxylate; Nylon; PET	Hypothetical/accessory:5; Accessory/other:4; Dehydrogenase/oxidoreductase:3; Hydrolase/decarboxylase/lyase:3; Transport/efflux:1; Carboxylase:1; Regulator:1; Hydratase/dehydratase/isomerase:1
Exp3_MAG_44_panelcluster_11370	Exp3_MAG_44	multi_hit	MAGs/Exp3_MAG_44_c_000000000195	60	4470	4410	3	3	paaJ; paaK; paaZ	Phenylacetate	Phenylacetate	CoA ligase/synthetase:1; Thiolase/transferase:1; Hydrolase/decarboxylase/lyase:1
Exp3_MAG_44_panelcluster_11380	Exp3_MAG_44	multi_hit	MAGs/Exp3_MAG_44_c_000000000267	3076	5069	1993	3	3	mlaD; mlaE; mlaF	Transportation	Transportation	Transport/efflux:3
Exp3_MAG_44_panelcluster_11381	Exp3_MAG_44	multi_hit	MAGs/Exp3_MAG_44_c_000000000274	292	4183	3891	3	3	abmA; badH; paaG	Aromatics; Beta-oxidation; Phenylacetate	Anthranilate; Beta-oxidation; Phenylacetate	Dehydrogenase/oxidoreductase:2; Hydratase/dehydratase/isomerase:1
Exp3_MAG_44_panelcluster_11437	Exp3_MAG_44	multi_hit	MAGs/Exp3_MAG_44_c_000000000624	395	2581	2186	3	3	paaE; paaG; paaI	Phenylacetate	Phenylacetate	Hydrolase/decarboxylase/lyase:1; Hydratase/dehydratase/isomerase:1; Accessory/other:1
Exp3_MAG_46_panelcluster_11469	Exp3_MAG_46	multi_hit	MAGs/Exp3_MAG_46_c_000000000006	2443	8069	5626	3	7	echA1; paaG; paaY	Beta-oxidation; Phenylacetate	Beta-oxidation; Phenylacetate	Accessory/other:3; Hydratase/dehydratase/isomerase:2; Hypothetical/accessory:2
Exp3_MAG_46_panelcluster_11470	Exp3_MAG_46	multi_hit	MAGs/Exp3_MAG_46_c_000000000009	2899	6150	3251	3	3	almA; benD-xylL	Alkanes; Benzoate	Benzoate; Terminal/biterminal oxidation	Dehydrogenase/oxidoreductase:2; Oxygenase/dioxygenase:1
Exp3_MAG_46_panelcluster_11476	Exp3_MAG_46	multi_hit	MAGs/Exp3_MAG_46_c_000000000043	5682	16962	11280	3	10	NFA_28320; alkH_ald; nylA	Alkanes; Plastics	Auxillary alkane pathway; Nylon	Hypothetical/accessory:5; Accessory/other:2; Dehydrogenase/oxidoreductase:1; CoA ligase/synthetase:1; Hydratase/dehydratase/isomerase:1
Exp3_MAG_46_panelcluster_11526	Exp3_MAG_46	multi_hit	MAGs/Exp3_MAG_46_c_000000000447	18178	27151	8973	3	8	BVMO; almA; fadD	Alkanes; Beta-oxidation	Beta-oxidation; Subterminal oxidation; Terminal/biterminal oxidation	Hypothetical/accessory:3; Oxygenase/dioxygenase:2; Hydratase/dehydratase/isomerase:2; CoA ligase/synthetase:1
Exp3_MAG_46_panelcluster_11563	Exp3_MAG_46	multi_hit	MAGs/Exp3_MAG_46_c_000000000717	2454	9891	7437	3	6	CYP153; CYP450; chnD	Alkanes	Terminal/biterminal oxidation	Oxygenase/dioxygenase:2; Accessory/other:2; Dehydrogenase/oxidoreductase:1; Hypothetical/accessory:1
Exp3_MAG_47_panelcluster_11576	Exp3_MAG_47	multi_hit	MAGs/Exp3_MAG_47_c_000000000017	4003	6175	2172	3	3	mlaD; mlaE; mlaF	Transportation	Transportation	Transport/efflux:3
Exp3_MAG_48_panelcluster_11600	Exp3_MAG_48	multi_hit	MAGs/Exp3_MAG_48_c_000000000010	193137	195191	2054	3	3	mlaD; mlaE; mlaF	Transportation	Transportation	Transport/efflux:3
Exp3_MAG_49_panelcluster_11644	Exp3_MAG_49	multi_hit	MAGs/Exp3_MAG_49_c_000000000025	22537	27921	5384	3	3	fadI; fadJ; pcaB	Beta-oxidation; Catechol-ortho; Protocatechuate	Beta-oxidation; Catechol-ortho; Protocatechuate	Hydrolase/decarboxylase/lyase:1; Accessory/other:1; Thiolase/transferase:1
Exp3_MAG_49_panelcluster_11647	Exp3_MAG_49	multi_hit	MAGs/Exp3_MAG_49_c_000000000029	948	13428	12480	3	11	SUBS_LEDLE; crt; paaH	Beta-oxidation; Phenylacetate; Plastics	Beta-oxidation; PLA; Phenylacetate	Hypothetical/accessory:6; Hydratase/dehydratase/isomerase:2; Accessory/other:1; Regulator:1; Dehydrogenase/oxidoreductase:1
Exp3_MAG_49_panelcluster_11663	Exp3_MAG_49	multi_hit	MAGs/Exp3_MAG_49_c_000000000050	265346	271135	5789	3	4	boxB; boxC; paaZ	Aromatics; Phenylacetate	Benzene; Phenylacetate	Oxygenase/dioxygenase:1; Hydrolase/decarboxylase/lyase:1; Accessory/other:1; Dehydrogenase/oxidoreductase:1
Exp3_MAG_5_panelcluster_11707	Exp3_MAG_5	multi_hit	MAGs/Exp3_MAG_5_c_000000000284	2973	6474	3501	3	4	alkJ_adh; crt; paaY	Alkanes; Beta-oxidation; Phenylacetate	Auxillary alkane pathway; Beta-oxidation; Phenylacetate	Dehydrogenase/oxidoreductase:1; Hypothetical/accessory:1; Hydratase/dehydratase/isomerase:1; Accessory/other:1
Exp3_MAG_5_panelcluster_11709	Exp3_MAG_5	multi_hit	MAGs/Exp3_MAG_5_c_000000000304	1369	5139	3770	3	3	NFA_28320; pimC/aabA; pimD	Cyclohexanecarboxylate; Plastics	Cyclohexanecarboxylate; Nylon	Dehydrogenase/oxidoreductase:2; Accessory/other:1
Exp3_MAG_5_panelcluster_11736	Exp3_MAG_5	multi_hit	MAGs/Exp3_MAG_5_c_000000000529	867	4651	3784	3	3	pimC/aabA	Cyclohexanecarboxylate	Cyclohexanecarboxylate	Dehydrogenase/oxidoreductase:3
Exp3_MAG_5_panelcluster_11737	Exp3_MAG_5	multi_hit	MAGs/Exp3_MAG_5_c_000000000534	272	4245	3973	3	3	pegC; pimC/aabA; pimD	Cyclohexanecarboxylate; Plastics	Cyclohexanecarboxylate; PEG	Dehydrogenase/oxidoreductase:3
Exp3_MAG_52_panelcluster_11839	Exp3_MAG_52	multi_hit	MAGs/Exp3_MAG_52_c_000000000005	30823	34190	3367	3	5	paaA; paaC; paaD	Phenylacetate	Phenylacetate	Accessory/other:3; Hypothetical/accessory:2
Exp3_MAG_53_panelcluster_11876	Exp3_MAG_53	multi_hit	MAGs/Exp3_MAG_53_c_000000000075	22951	28837	5886	3	6	hmgA; mhbl; paaC	Aromatics; Gentisate; Phenylacetate	Gentisate; Homogentisate; Phenylacetate	Hypothetical/accessory:2; Accessory/other:2; Oxygenase/dioxygenase:1; Hydratase/dehydratase/isomerase:1
Exp3_MAG_53_panelcluster_11894	Exp3_MAG_53	multi_hit	MAGs/Exp3_MAG_53_c_000000000340	173	5957	5784	3	7	andAa; atoA; mlaF	Aromatics; Cyclohexylacetate; Transportation	Anthranilate; Cyclohexylacetate; Transportation	Hypothetical/accessory:3; Thiolase/transferase:2; Dehydrogenase/oxidoreductase:1; Transport/efflux:1
Exp3_MAG_53_panelcluster_11903	Exp3_MAG_53	multi_hit	MAGs/Exp3_MAG_53_c_000000000382	1819	8718	6899	3	8	acdA; est; hmgL	Beta-oxidation; Cyclohexylacetate; Plastics	Beta-oxidation; Cyclohexylacetate; PBAT	Accessory/other:3; Hypothetical/accessory:3; Hydrolase/decarboxylase/lyase:1; Dehydrogenase/oxidoreductase:1
Exp3_MAG_54_panelcluster_11918	Exp3_MAG_54	multi_hit	MAGs/Exp3_MAG_54_c_000000000226	17495	23315	5820	3	6	NFA_28320; hpaC; ladA	Alkanes; Aromatics; Plastics	4-Hydroxyphenylacetate; Nylon; Terminal/biterminal oxidation	Dehydrogenase/oxidoreductase:2; Accessory/other:1; Hypothetical/accessory:1; Oxygenase/dioxygenase:1; Hydratase/dehydratase/isomerase:1
Exp3_MAG_56_panelcluster_11979	Exp3_MAG_56	multi_hit	MAGs/Exp3_MAG_56_c_000000000033	56478	63239	6761	3	8	hpcC; nahW; pobB	Aromatics; Protocatechuate	Homoprotocatechuate; Protocatechuate; Salicylate	Hypothetical/accessory:5; Oxygenase/dioxygenase:2; Dehydrogenase/oxidoreductase:1
Exp3_MAG_56_panelcluster_12027	Exp3_MAG_56	multi_hit	MAGs/Exp3_MAG_56_c_000000000119	8825	14688	5863	3	5	pimC/aabA; xylB; yfdE	Aromatics; Cyclohexanecarboxylate; Oxalate	Cyclohexanecarboxylate; Oxalate; Toluene	Dehydrogenase/oxidoreductase:2; Hypothetical/accessory:1; Thiolase/transferase:1; Hydrolase/decarboxylase/lyase:1
Exp3_MAG_57_panelcluster_12037	Exp3_MAG_57	multi_hit	MAGs/Exp3_MAG_57_c_000000000075	2516	4865	2349	3	3	paaC; paaD; paaE	Phenylacetate	Phenylacetate	Accessory/other:3
Exp3_MAG_57_panelcluster_12088	Exp3_MAG_57	multi_hit	MAGs/Exp3_MAG_57_c_000000000593	6725	14615	7890	3	6	galD; pcaB; uctC	Gallate; Oxalate; Protocatechuate	Gallate; Oxalate; Protocatechuate	Thiolase/transferase:1; Hydrolase/decarboxylase/lyase:1; Hydratase/dehydratase/isomerase:1; Transport/efflux:1; Regulator:1; Hypothetical/accessory:1
Exp3_MAG_57_panelcluster_12093	Exp3_MAG_57	multi_hit	MAGs/Exp3_MAG_57_c_000000000656	866	6461	5595	3	6	atoB; chqB; mhbl	Beta-oxidation; Gentisate; Hydroxyquinol	Beta-oxidation; Gentisate; Hydroxyquinol	Accessory/other:3; Oxygenase/dioxygenase:1; Hydratase/dehydratase/isomerase:1; Hypothetical/accessory:1
Exp3_MAG_57_panelcluster_12104	Exp3_MAG_57	multi_hit	MAGs/Exp3_MAG_57_c_000000000772	6910	10983	4073	3	4	PGRcl; acdB; fadA	Beta-oxidation; Pyrogallol	Beta-oxidation; Pyrogallol	Dehydrogenase/oxidoreductase:2; Hypothetical/accessory:1; Thiolase/transferase:1
Exp3_MAG_59_panelcluster_12145	Exp3_MAG_59	multi_hit	MAGs/Exp3_MAG_59_c_000000000005	50825	53803	2978	3	4	hbd; pcaI; pcaJ	Catechol-ortho; Plastics	Catechol-ortho; P3HV/PHA/PHBV	Thiolase/transferase:2; Carboxylase:1; Dehydrogenase/oxidoreductase:1
Exp3_MAG_59_panelcluster_12150	Exp3_MAG_59	multi_hit	MAGs/Exp3_MAG_59_c_000000000015	23989	48558	24569	3	21	pchA; pht5; uctC	Aromatics; Oxalate	Oxalate; Phthalate; Toluene	Accessory/other:7; Hypothetical/accessory:6; Hydrolase/decarboxylase/lyase:2; Transport/efflux:2; Dehydrogenase/oxidoreductase:1; Regulator:1; Hydratase/dehydratase/isomerase:1; Thiolase/transferase:1
Exp3_MAG_59_panelcluster_12154	Exp3_MAG_59	multi_hit	MAGs/Exp3_MAG_59_c_000000000031	9502	17288	7786	3	9	AAE3; catR; xecD	Alkenes; Catechol-ortho; Oxalate	Catechol-ortho; Oxalate; Propene	Hypothetical/accessory:6; Dehydrogenase/oxidoreductase:1; Regulator:1; CoA ligase/synthetase:1
Exp3_MAG_59_panelcluster_12177	Exp3_MAG_59	multi_hit	MAGs/Exp3_MAG_59_c_000000000126	15166	21113	5947	3	6	BVMO; pqiA; pqiB	Alkanes; Transportation	Subterminal oxidation; Transportation	Transport/efflux:3; Hypothetical/accessory:2; Oxygenase/dioxygenase:1
Exp3_MAG_59_panelcluster_12190	Exp3_MAG_59	multi_hit	MAGs/Exp3_MAG_59_c_000000000204	17184	29437	12253	3	11	phaY2; phaZ2; phaZCac	Plastics	P3HP/P4HB/PEA/PES/PHA/PHB; PHA; PHA/PHB	Hypothetical/accessory:8; Hydrolase/decarboxylase/lyase:2; Dehydrogenase/oxidoreductase:1
Exp3_MAG_59_panelcluster_12211	Exp3_MAG_59	multi_hit	MAGs/Exp3_MAG_59_c_000000000345	3117	5275	2158	3	3	mlaD; mlaE; mlaF	Transportation	Transportation	Transport/efflux:3
Exp3_MAG_60_panelcluster_12244	Exp3_MAG_60	multi_hit	MAGs/Exp3_MAG_60_c_000000000230	6529	8294	1765	3	3	mlaD; mlaE; mlaF	Transportation	Transportation	Transport/efflux:3
Exp3_MAG_60_panelcluster_12269	Exp3_MAG_60	multi_hit	MAGs/Exp3_MAG_60_c_000000000606	1088	3521	2433	3	3	atoA; hmgL; pcaI	Catechol-ortho; Cyclohexylacetate	Catechol-ortho; Cyclohexylacetate	Thiolase/transferase:2; Hydrolase/decarboxylase/lyase:1
Exp3_MAG_61_panelcluster_12271	Exp3_MAG_61	multi_hit	MAGs/Exp3_MAG_61_c_000000000025	2218	4845	2627	3	3	pcaF; pcaI; pcaJ	Catechol-ortho; Protocatechuate	Catechol-ortho; Protocatechuate	Thiolase/transferase:3
Exp3_MAG_62_panelcluster_12292	Exp3_MAG_62	multi_hit	MAGs/Exp3_MAG_62_c_000000000119	260	4512	4252	3	5	hmgL; nagC; nagE	Cyclohexylacetate; Naphthalene	Cyclohexylacetate; Naphthalene	Oxygenase/dioxygenase:2; Hydrolase/decarboxylase/lyase:1; Hydratase/dehydratase/isomerase:1; Hypothetical/accessory:1
Exp3_MAG_62_panelcluster_12306	Exp3_MAG_62	multi_hit	MAGs/Exp3_MAG_62_c_000000000254	1011	7829	6818	3	4	athL; bthL; fadK	Beta-oxidation; Pyrogallol	Beta-oxidation; Pyrogallol	Accessory/other:2; CoA ligase/synthetase:1; Dehydrogenase/oxidoreductase:1
Exp3_MAG_64_panelcluster_12315	Exp3_MAG_64	multi_hit	MAGs/Exp3_MAG_64_c_000000000003	4276	11899	7623	3	9	galA; galC; pcaK	Gallate; Transportation	Gallate; Transportation	Hypothetical/accessory:3; Hydrolase/decarboxylase/lyase:2; Oxygenase/dioxygenase:2; Transport/efflux:1; Hydratase/dehydratase/isomerase:1
Exp3_MAG_64_panelcluster_12321	Exp3_MAG_64	multi_hit	MAGs/Exp3_MAG_64_c_000000000010	42304	55702	13398	3	12	hbd; hmgL; phaY2	Cyclohexylacetate; Plastics	Cyclohexylacetate; P3HV/PHA/PHBV; PHA/PHB	Hypothetical/accessory:4; Accessory/other:3; Hydrolase/decarboxylase/lyase:2; Thiolase/transferase:1; Regulator:1; Dehydrogenase/oxidoreductase:1
Exp3_MAG_64_panelcluster_12335	Exp3_MAG_64	multi_hit	MAGs/Exp3_MAG_64_c_000000000039	24344	26463	2119	3	3	mlaD; mlaE; mlaF	Transportation	Transportation	Transport/efflux:3
Exp3_MAG_64_panelcluster_12349	Exp3_MAG_64	multi_hit	MAGs/Exp3_MAG_64_c_000000000053	13142	15314	2172	3	3	andAb; andAc; andAd	Aromatics	Anthranilate	Oxygenase/dioxygenase:2; Electron transfer/redox:1
Exp3_MAG_64_panelcluster_12350	Exp3_MAG_64	multi_hit	MAGs/Exp3_MAG_64_c_000000000053	61637	73364	11727	3	12	blc; phaY2; phaZ2	Alkanes; Plastics	Hydrocarbon uptake; PHA; PHA/PHB	Accessory/other:4; Hydrolase/decarboxylase/lyase:3; Hypothetical/accessory:3; Oxygenase/dioxygenase:1; Regulator:1
Exp3_MAG_64_panelcluster_12366	Exp3_MAG_64	multi_hit	MAGs/Exp3_MAG_64_c_000000000078	481	5216	4735	3	3	fadA; fadJ; pimC/aabA	Beta-oxidation; Cyclohexanecarboxylate	Beta-oxidation; Cyclohexanecarboxylate	Dehydrogenase/oxidoreductase:1; Thiolase/transferase:1; Accessory/other:1
Exp3_MAG_66_panelcluster_12420	Exp3_MAG_66	multi_hit	MAGs/Exp3_MAG_66_c_000000000009	26267	30426	4159	3	4	acdA; atoB; paaH	Beta-oxidation; Phenylacetate	Beta-oxidation; Phenylacetate	Dehydrogenase/oxidoreductase:2; Accessory/other:1; Hypothetical/accessory:1
Exp3_MAG_66_panelcluster_12440	Exp3_MAG_66	multi_hit	MAGs/Exp3_MAG_66_c_000000000032	23468	45858	22390	3	15	PGRcl; PROK; fadA	Beta-oxidation; Plastics; Pyrogallol	Beta-oxidation; PLA; Pyrogallol	Hypothetical/accessory:8; Dehydrogenase/oxidoreductase:3; Accessory/other:2; Thiolase/transferase:1; Transport/efflux:1
Exp3_MAG_66_panelcluster_12444	Exp3_MAG_66	multi_hit	MAGs/Exp3_MAG_66_c_000000000043	25753	33563	7810	3	8	catE; chnE; xylB	Alkanes; Aromatics; Catechol-meta	Catechol-meta; Terminal/biterminal oxidation; Toluene	Hypothetical/accessory:4; Dehydrogenase/oxidoreductase:2; Transport/efflux:1; Oxygenase/dioxygenase:1
Exp3_MAG_68_panelcluster_12515	Exp3_MAG_68	multi_hit	MAGs/Exp3_MAG_68_c_000000000406	3449	7169	3720	3	3	est; fadA; fadB	Beta-oxidation; Plastics	Beta-oxidation; PBAT	Accessory/other:1; Hydratase/dehydratase/isomerase:1; Thiolase/transferase:1
Exp3_MAG_68_panelcluster_12529	Exp3_MAG_68	multi_hit	MAGs/Exp3_MAG_68_c_000000000477	1671	17745	16074	3	17	CYP450; chcAb; est	Alkanes; Cyclohexanecarboxylate; Plastics	Cyclohexanecarboxylate; PBAT; Terminal/biterminal oxidation	Hypothetical/accessory:7; Accessory/other:4; Dehydrogenase/oxidoreductase:2; Regulator:1; Oxygenase/dioxygenase:1; Transport/efflux:1; Electron transfer/redox:1
Exp3_MAG_68_panelcluster_12530	Exp3_MAG_68	multi_hit	MAGs/Exp3_MAG_68_c_000000000486	2629	10050	7421	3	6	AAE3; ntnC; xecE1	Alkenes; Aromatics; Oxalate	Oxalate; Propene; Toluene	Dehydrogenase/oxidoreductase:3; Hypothetical/accessory:2; CoA ligase/synthetase:1
Exp3_MAG_73_panelcluster_12677	Exp3_MAG_73	multi_hit	MAGs/Exp3_MAG_73_c_000000000053	33487	35543	2056	3	3	mlaD; mlaE; mlaF	Transportation	Transportation	Transport/efflux:3
Exp3_MAG_74_panelcluster_12712	Exp3_MAG_74	multi_hit	MAGs/Exp3_MAG_74_c_000000000025	38836	47304	8468	3	6	acsA; aliA; xecE1	Alkenes; Beta-oxidation	Beta-oxidation; Propene	Accessory/other:2; Regulator:2; Dehydrogenase/oxidoreductase:1; CoA ligase/synthetase:1
Exp3_MAG_74_panelcluster_12718	Exp3_MAG_74	multi_hit	MAGs/Exp3_MAG_74_c_000000000028	65081	72596	7515	3	7	abmG1; cmtB; paaF	Aromatics; Phenylacetate	Anthranilate; Phenylacetate; p-Cumate	Dehydrogenase/oxidoreductase:3; Hydratase/dehydratase/isomerase:2; Hypothetical/accessory:1; CoA ligase/synthetase:1
Exp3_MAG_74_panelcluster_12724	Exp3_MAG_74	multi_hit	MAGs/Exp3_MAG_74_c_000000000044	20422	30527	10105	3	11	badH; mlaE; mlaF	Beta-oxidation; Transportation	Beta-oxidation; Transportation	Accessory/other:4; Hypothetical/accessory:4; Transport/efflux:2; Dehydrogenase/oxidoreductase:1
Exp3_MAG_74_panelcluster_12727	Exp3_MAG_74	multi_hit	MAGs/Exp3_MAG_74_c_000000000044	202147	214666	12519	3	13	amdA; nagR; uctC	Naphthalene; Oxalate; Plastics	Naphthalene; Oxalate; PU	Accessory/other:6; Dehydrogenase/oxidoreductase:3; Hypothetical/accessory:3; Thiolase/transferase:1
Exp3_MAG_76_panelcluster_12794	Exp3_MAG_76	multi_hit	MAGs/Exp3_MAG_76_c_000000000003	452464	469033	16569	3	16	atoB; catR; rdxR	Alkanes; Beta-oxidation; Catechol-ortho	Beta-oxidation; Catechol-ortho; Terminal/biterminal oxidation	Hypothetical/accessory:7; Dehydrogenase/oxidoreductase:2; Regulator:2; Accessory/other:2; Oxygenase/dioxygenase:1; Electron transfer/redox:1; Thiolase/transferase:1
Exp3_MAG_78_panelcluster_12868	Exp3_MAG_78	multi_hit	MAGs/Exp3_MAG_78_c_000000000193	9205	11268	2063	3	3	mlaD; mlaE; mlaF	Transportation	Transportation	Transport/efflux:3
Exp3_MAG_79_panelcluster_12873	Exp3_MAG_79	multi_hit	MAGs/Exp3_MAG_79_c_000000000041	48	4490	4442	3	4	badI; crt; yfdE	Beta-oxidation; Oxalate	Beta-oxidation; Oxalate	Hydratase/dehydratase/isomerase:2; Thiolase/transferase:1; CoA ligase/synthetase:1
Exp3_MAG_79_panelcluster_12894	Exp3_MAG_79	multi_hit	MAGs/Exp3_MAG_79_c_000000000165	6948	15728	8780	3	7	chcB2; oorA; oorB	Cyclohexanecarboxylate; Oxalate	Cyclohexanecarboxylate; Oxalate	Dehydrogenase/oxidoreductase:2; Accessory/other:2; Hypothetical/accessory:2; Electron transfer/redox:1
Exp3_MAG_79_panelcluster_12898	Exp3_MAG_79	multi_hit	MAGs/Exp3_MAG_79_c_000000000176	1993	5946	3953	3	3	PGRcl; acdB; fadA	Beta-oxidation; Pyrogallol	Beta-oxidation; Pyrogallol	Dehydrogenase/oxidoreductase:2; Thiolase/transferase:1
Exp3_MAG_79_panelcluster_12901	Exp3_MAG_79	multi_hit	MAGs/Exp3_MAG_79_c_000000000189	82	3440	3358	3	4	lipA; mhbH; mhbl	Gentisate; Plastics	Gentisate; PBSA	Accessory/other:2; Hydrolase/decarboxylase/lyase:1; Hydratase/dehydratase/isomerase:1
Exp3_MAG_79_panelcluster_12931	Exp3_MAG_79	multi_hit	MAGs/Exp3_MAG_79_c_000000000339	5168	7333	2165	3	3	mlaD; mlaE; mlaF	Transportation	Transportation	Transport/efflux:3
Exp3_MAG_8_panelcluster_13002	Exp3_MAG_8	multi_hit	MAGs/Exp3_MAG_8_c_000000000136	6054	8586	2532	3	3	atoA; pcaI; phaY2	Catechol-ortho; Cyclohexylacetate; Plastics	Catechol-ortho; Cyclohexylacetate; PHA/PHB	Thiolase/transferase:2; Hydrolase/decarboxylase/lyase:1
Exp3_MAG_8_panelcluster_13020	Exp3_MAG_8	multi_hit	MAGs/Exp3_MAG_8_c_000000000214	16	2354	2338	3	3	paaG; paaI; paaK	Phenylacetate	Phenylacetate	Hydratase/dehydratase/isomerase:1; Hydrolase/decarboxylase/lyase:1; CoA ligase/synthetase:1
Exp3_MAG_8_panelcluster_13027	Exp3_MAG_8	multi_hit	MAGs/Exp3_MAG_8_c_000000000244	6642	8861	2219	3	3	mlaD; mlaE; mlaF	Transportation	Transportation	Transport/efflux:3
Exp3_MAG_8_panelcluster_13054	Exp3_MAG_8	multi_hit	MAGs/Exp3_MAG_8_c_000000000403	29017	33825	4808	3	4	galC; galR; galT	Gallate	Gallate	Regulator:1; Transport/efflux:1; Hydratase/dehydratase/isomerase:1; Hydrolase/decarboxylase/lyase:1
Exp3_MAG_82_panelcluster_13126	Exp3_MAG_82	multi_hit	MAGs/Exp3_MAG_82_c_000000000070	2652	8528	5876	3	5	abmG1; aliB; rdxR	Alkanes; Aromatics; Beta-oxidation	Anthranilate; Beta-oxidation; Terminal/biterminal oxidation	Dehydrogenase/oxidoreductase:2; Hypothetical/accessory:2; CoA ligase/synthetase:1
Exp3_MAG_82_panelcluster_13154	Exp3_MAG_82	multi_hit	MAGs/Exp3_MAG_82_c_000000000297	1001	5333	4332	3	4	acdB; chcB2; xecD	Alkenes; Beta-oxidation; Cyclohexanecarboxylate	Beta-oxidation; Cyclohexanecarboxylate; Propene	Dehydrogenase/oxidoreductase:3; Hypothetical/accessory:1
Exp3_MAG_82_panelcluster_13162	Exp3_MAG_82	multi_hit	MAGs/Exp3_MAG_82_c_000000000425	338	4029	3691	3	3	aliA; badI; uctC	Beta-oxidation; Oxalate	Beta-oxidation; Oxalate	CoA ligase/synthetase:1; Hydratase/dehydratase/isomerase:1; Thiolase/transferase:1
Exp3_MAG_83_panelcluster_13189	Exp3_MAG_83	multi_hit	MAGs/Exp3_MAG_83_c_000000000002	470974	481306	10332	3	8	atdA1; chnE; hapE	Alkanes; Aromatics; Hydroquinone	Aniline; Hydroquinone; Terminal/biterminal oxidation	Accessory/other:4; Transport/efflux:2; Dehydrogenase/oxidoreductase:2
Exp3_MAG_83_panelcluster_13194	Exp3_MAG_83	multi_hit	MAGs/Exp3_MAG_83_c_000000000005	146384	148551	2167	3	3	mlaD; mlaE; mlaF	Transportation	Transportation	Transport/efflux:3
Exp3_MAG_85_panelcluster_13223	Exp3_MAG_85	multi_hit	MAGs/Exp3_MAG_85_c_000000000012	1605	9070	7465	3	5	acdB; fadA; fadJ	Beta-oxidation	Beta-oxidation	Dehydrogenase/oxidoreductase:1; Hypothetical/accessory:1; Thiolase/transferase:1; Accessory/other:1; Hydratase/dehydratase/isomerase:1
Exp3_MAG_85_panelcluster_13242	Exp3_MAG_85	multi_hit	MAGs/Exp3_MAG_85_c_000000000127	465	7793	7328	3	6	abmA; abmG1; hbd	Aromatics; Plastics	Anthranilate; P3HV/PHA/PHBV	Dehydrogenase/oxidoreductase:3; CoA ligase/synthetase:1; Hydratase/dehydratase/isomerase:1; Hypothetical/accessory:1
Exp3_MAG_85_panelcluster_13247	Exp3_MAG_85	multi_hit	MAGs/Exp3_MAG_85_c_000000000141	984	14448	13464	3	13	acdA; atoB; hmgL	Beta-oxidation; Cyclohexylacetate	Beta-oxidation; Cyclohexylacetate	Hypothetical/accessory:4; Dehydrogenase/oxidoreductase:3; Hydratase/dehydratase/isomerase:2; Carboxylase:2; Thiolase/transferase:1; Hydrolase/decarboxylase/lyase:1
Exp3_MAG_85_panelcluster_13250	Exp3_MAG_85	multi_hit	MAGs/Exp3_MAG_85_c_000000000156	8902	19251	10349	3	9	chcB1; fadD; tphB	Aromatics; Beta-oxidation; Cyclohexanecarboxylate	Beta-oxidation; Cyclohexanecarboxylate; Terephthalate	Hypothetical/accessory:5; Dehydrogenase/oxidoreductase:2; CoA ligase/synthetase:1; Accessory/other:1
Exp3_MAG_85_panelcluster_13263	Exp3_MAG_85	multi_hit	MAGs/Exp3_MAG_85_c_000000000236	6672	9741	3069	3	3	mhbD; mhbH; nahW	Aromatics; Gentisate	Gentisate; Salicylate	Oxygenase/dioxygenase:2; Hydrolase/decarboxylase/lyase:1
Exp3_MAG_85_panelcluster_13277	Exp3_MAG_85	multi_hit	MAGs/Exp3_MAG_85_c_000000000307	2495	5071	2576	3	3	pcaF; pcaI; pcaJ	Catechol-ortho; Protocatechuate	Catechol-ortho; Protocatechuate	Thiolase/transferase:3
Exp3_MAG_85_panelcluster_13283	Exp3_MAG_85	multi_hit	MAGs/Exp3_MAG_85_c_000000000334	5414	11879	6465	3	5	atdA1; badH; hapE	Aromatics; Beta-oxidation; Hydroquinone	Aniline; Beta-oxidation; Hydroquinone	Dehydrogenase/oxidoreductase:2; Accessory/other:2; Hydrolase/decarboxylase/lyase:1
Exp3_MAG_86_panelcluster_13303	Exp3_MAG_86	multi_hit	MAGs/Exp3_MAG_86_c_000000000012	87349	92817	5468	3	5	hpcH; pcaF; pobA	Aromatics; Catechol-ortho; Protocatechuate	Homoprotocatechuate; Protocatechuate; Toluene	Oxygenase/dioxygenase:1; Thiolase/transferase:1; Accessory/other:1; Hypothetical/accessory:1; Hydrolase/decarboxylase/lyase:1
Exp3_MAG_89_panelcluster_13416	Exp3_MAG_89	multi_hit	MAGs/Exp3_MAG_89_c_000000000013	36643	44178	7535	3	7	linE; pudA	Hydroquinone; Plastics	Hydroquinone; PU	Hypothetical/accessory:4; Oxygenase/dioxygenase:3
Exp3_MAG_9_panelcluster_13447	Exp3_MAG_9	multi_hit	MAGs/Exp3_MAG_9_c_000000000002	103728	110676	6948	3	6	dszC; ssuD	Alkanes; Aromatics	Auxillary alkane pathway; Dibenzofuran	Oxygenase/dioxygenase:3; Accessory/other:2; Dehydrogenase/oxidoreductase:1
Exp3_MAG_9_panelcluster_13448	Exp3_MAG_9	multi_hit	MAGs/Exp3_MAG_9_c_000000000003	3845	20765	16920	3	20	ladA; mlaF; nagR	Alkanes; Naphthalene; Transportation	Naphthalene; Terminal/biterminal oxidation; Transportation	Hypothetical/accessory:9; Accessory/other:6; Transport/efflux:2; Hydrolase/decarboxylase/lyase:1; Dehydrogenase/oxidoreductase:1; Oxygenase/dioxygenase:1
Exp3_MAG_9_panelcluster_13466	Exp3_MAG_9	multi_hit	MAGs/Exp3_MAG_9_c_000000000016	44182	63465	19283	3	19	mlaF; pcaD; rdxR	Alkanes; Catechol-ortho; Protocatechuate; Transportation	Protocatechuate; Terminal/biterminal oxidation; Transportation	Hypothetical/accessory:11; Accessory/other:5; Electron transfer/redox:1; Hydrolase/decarboxylase/lyase:1; Transport/efflux:1
Exp3_MAG_9_panelcluster_13467	Exp3_MAG_9	multi_hit	MAGs/Exp3_MAG_9_c_000000000016	78411	96295	17884	3	15	alkH_ald; mpdB; xylG	Alkanes; Alkenes; Catechol-meta	2-methylpropene; Auxillary alkane pathway; Catechol-meta	Hypothetical/accessory:6; Dehydrogenase/oxidoreductase:3; Accessory/other:3; Oxygenase/dioxygenase:1; Hydratase/dehydratase/isomerase:1; Transport/efflux:1
Exp3_MAG_9_panelcluster_13482	Exp3_MAG_9	multi_hit	MAGs/Exp3_MAG_9_c_000000000029	70791	78286	7495	3	5	AAE3; atoA; atoD	Cyclohexylacetate; Oxalate	Cyclohexylacetate; Oxalate	Hypothetical/accessory:2; Thiolase/transferase:2; CoA ligase/synthetase:1
Exp3_MAG_90_panelcluster_13499	Exp3_MAG_90	multi_hit	MAGs/Exp3_MAG_90_c_000000000004	13257	16169	2912	3	4	PGRcl; pcaI; pcaJ	Catechol-ortho; Pyrogallol	Catechol-ortho; Pyrogallol	Thiolase/transferase:2; Hypothetical/accessory:1; Dehydrogenase/oxidoreductase:1
Exp3_MAG_90_panelcluster_13500	Exp3_MAG_90	multi_hit	MAGs/Exp3_MAG_90_c_000000000004	126200	133991	7791	3	8	dszC; ladA; ssuD	Alkanes; Aromatics	Auxillary alkane pathway; Dibenzofuran; Terminal/biterminal oxidation	Oxygenase/dioxygenase:3; Accessory/other:3; Hypothetical/accessory:1; Transport/efflux:1
Exp3_MAG_90_panelcluster_13510	Exp3_MAG_90	multi_hit	MAGs/Exp3_MAG_90_c_000000000011	181683	188866	7183	3	8	nagR; pqiA; pqiB	Naphthalene; Transportation	Naphthalene; Transportation	Transport/efflux:3; Hypothetical/accessory:3; Regulator:1; Accessory/other:1
Exp3_MAG_90_panelcluster_13530	Exp3_MAG_90	multi_hit	MAGs/Exp3_MAG_90_c_000000000044	3705	15923	12218	3	13	Rru_A1969; hpcC; phaZCac	Aromatics; Plastics	Homoprotocatechuate; P3HP/P4HB/PEA/PES/PHA/PHB; PHA/PHB	Hypothetical/accessory:6; Accessory/other:5; Regulator:1; Dehydrogenase/oxidoreductase:1
Exp3_MAG_90_panelcluster_13541	Exp3_MAG_90	multi_hit	MAGs/Exp3_MAG_90_c_000000000063	16859	35201	18342	3	13	alkJ_adh; nagR; phaZ	Alkanes; Naphthalene; Plastics	Auxillary alkane pathway; Naphthalene; PHA/PHB	Accessory/other:5; Hypothetical/accessory:3; Transport/efflux:2; Oxygenase/dioxygenase:1; Dehydrogenase/oxidoreductase:1; Hydrolase/decarboxylase/lyase:1
Exp3_MAG_90_panelcluster_13551	Exp3_MAG_90	multi_hit	MAGs/Exp3_MAG_90_c_000000000096	17098	27119	10021	3	6	acdB; fadA; fadJ	Beta-oxidation	Beta-oxidation	Hypothetical/accessory:2; Dehydrogenase/oxidoreductase:1; Thiolase/transferase:1; Transport/efflux:1; Hydratase/dehydratase/isomerase:1
Exp3_MAG_90_panelcluster_13560	Exp3_MAG_90	multi_hit	MAGs/Exp3_MAG_90_c_000000000119	4991	21975	16984	3	17	catR; tphA1I; uctC	Aromatics; Catechol-ortho; Oxalate	Catechol-ortho; Oxalate; Terephthalate	Hypothetical/accessory:11; Accessory/other:2; Thiolase/transferase:1; Transport/efflux:1; Regulator:1; Dehydrogenase/oxidoreductase:1
Exp3_MAG_93_panelcluster_13593	Exp3_MAG_93	multi_hit	MAGs/Exp3_MAG_93_c_000000000001	199464	210955	11491	3	9	hmgA; nagR; phaY2	Aromatics; Naphthalene; Plastics	Homogentisate; Naphthalene; PHA/PHB	Accessory/other:3; Hypothetical/accessory:3; Oxygenase/dioxygenase:1; Regulator:1; Hydrolase/decarboxylase/lyase:1
Exp3_MAG_93_panelcluster_13605	Exp3_MAG_93	multi_hit	MAGs/Exp3_MAG_93_c_000000000005	333843	336045	2202	3	3	mlaD; mlaE; mlaF	Transportation	Transportation	Transport/efflux:3
Exp3_MAG_93_panelcluster_13626	Exp3_MAG_93	multi_hit	MAGs/Exp3_MAG_93_c_000000000013	23109	30360	7251	3	6	acdA; atoB	Beta-oxidation	Beta-oxidation	Dehydrogenase/oxidoreductase:3; Hydratase/dehydratase/isomerase:1; Thiolase/transferase:1; Hypothetical/accessory:1
Exp3_MAG_94_panelcluster_13673	Exp3_MAG_94	multi_hit	MAGs/Exp3_MAG_94_c_000000000039	3667	13490	9823	3	12	atoA; chnE; pcaI	Alkanes; Catechol-ortho; Cyclohexylacetate; Protocatechuate	Catechol-ortho; Protocatechuate; Cyclohexylacetate; Terminal/biterminal oxidation	Hypothetical/accessory:5; Accessory/other:3; Thiolase/transferase:2; Hydrolase/decarboxylase/lyase:1; Dehydrogenase/oxidoreductase:1
Exp3_MAG_94_panelcluster_13700	Exp3_MAG_94	multi_hit	MAGs/Exp3_MAG_94_c_000000000144	46	29705	29659	3	23	alkJ_adh; andAc; est	Alkanes; Aromatics; Plastics	Anthranilate; Auxillary alkane pathway; PBAT	Accessory/other:10; Hypothetical/accessory:6; Oxygenase/dioxygenase:2; Transport/efflux:2; Dehydrogenase/oxidoreductase:1; Regulator:1; Hydrolase/decarboxylase/lyase:1
Exp3_MAG_96_panelcluster_13709	Exp3_MAG_96	multi_hit	MAGs/Exp3_MAG_96_c_000000000022	3687	16775	13088	3	8	GI:23664434; abmA; galT	Aromatics; Gallate	Anthranilate; Benzene; Gallate	Transport/efflux:2; Accessory/other:2; CoA ligase/synthetase:1; Dehydrogenase/oxidoreductase:1; Hydrolase/decarboxylase/lyase:1; Regulator:1
Exp3_MAG_96_panelcluster_13731	Exp3_MAG_96	multi_hit	MAGs/Exp3_MAG_96_c_000000000156	1902	13760	11858	3	8	ladA; mobA; phdK	Alkanes; Aromatics; Gentisate	Gentisate; Terminal/biterminal oxidation; p-Cumate	Oxygenase/dioxygenase:4; Dehydrogenase/oxidoreductase:1; Carboxylase:1; Regulator:1; Accessory/other:1
Exp3_MAG_96_panelcluster_13750	Exp3_MAG_96	multi_hit	MAGs/Exp3_MAG_96_c_000000000310	485	3711	3226	3	3	galC; galD; galR	Gallate	Gallate	Hypothetical/accessory:1; Hydrolase/decarboxylase/lyase:1; Hydratase/dehydratase/isomerase:1
Exp3_MAG_96_panelcluster_13781	Exp3_MAG_96	multi_hit	MAGs/Exp3_MAG_96_c_000000000524	1827	5982	4155	3	5	benA; benB; bphB	Aromatics; Benzoate	Benzene; Biphenyl	Oxygenase/dioxygenase:2; Hypothetical/accessory:2; Dehydrogenase/oxidoreductase:1
Exp3_MAG_97_panelcluster_13788	Exp3_MAG_97	multi_hit	MAGs/Exp3_MAG_97_c_000000000008	67401	85685	18284	3	16	ladA; ssuD	Alkanes	Auxillary alkane pathway; Terminal/biterminal oxidation	Hypothetical/accessory:6; Accessory/other:4; Oxygenase/dioxygenase:3; Hydrolase/decarboxylase/lyase:1; Regulator:1; Transport/efflux:1
Exp3_MAG_97_panelcluster_13808	Exp3_MAG_97	multi_hit	MAGs/Exp3_MAG_97_c_000000000022	6998	9740	2742	3	3	carAc; chcAa; chcAb	Aromatics; Cyclohexanecarboxylate	Carbazol; Cyclohexanecarboxylate	Electron transfer/redox:2; Accessory/other:1
Exp3_MAG_97_panelcluster_13809	Exp3_MAG_97	multi_hit	MAGs/Exp3_MAG_97_c_000000000022	32969	55758	22789	3	20	mhbH; nylA; pht2	Aromatics; Gentisate; Plastics	Gentisate; Nylon; Phthalate	Hypothetical/accessory:7; Hydrolase/decarboxylase/lyase:4; Accessory/other:4; Dehydrogenase/oxidoreductase:3; Regulator:2
Exp3_MAG_97_panelcluster_13825	Exp3_MAG_97	multi_hit	MAGs/Exp3_MAG_97_c_000000000065	3808	12299	8491	3	7	atoB; est; hbd	Beta-oxidation; Plastics	Beta-oxidation; P3HV/PHA/PHBV; PLA	Accessory/other:2; Transport/efflux:2; Hypothetical/accessory:2; Dehydrogenase/oxidoreductase:1
GCF_000012925.1_panelcluster_13901	GCF_000012925.1	multi_hit	c_000000000001	3806175	3820220	14045	3	13	chnE; lpdB; tphB	Alkanes; Aromatics; Tannin	Tannin; Terephthalate; Terminal/biterminal oxidation	Accessory/other:5; Hypothetical/accessory:4; Dehydrogenase/oxidoreductase:2; Mobile/stress/accessory:1; Hydrolase/decarboxylase/lyase:1
GCF_000013405.1_panelcluster_13910	GCF_000013405.1	multi_hit	c_000000000001	490258	499942	9684	3	10	GMET_RS16560; bamB; bamC	Benzoyl-CoA; Beta-oxidation	Benzoyl-CoA; Beta-oxidation	Hypothetical/accessory:7; Accessory/other:1; Transport/efflux:1; Thiolase/transferase:1
GCF_000013405.1_panelcluster_13911	GCF_000013405.1	multi_hit	c_000000000001	808073	819895	11822	3	12	GI:23664434; sdgB	Aromatics	Benzene; Salicylate	Hypothetical/accessory:7; Accessory/other:2; CoA ligase/synthetase:2; Hydrolase/decarboxylase/lyase:1
GCF_000013405.1_panelcluster_13916	GCF_000013405.1	multi_hit	c_000000000001	1443862	1450578	6716	3	7	bamB; bamC; dpgC	Aromatics; Benzoyl-CoA	Benzoyl-CoA; Toluene	Hypothetical/accessory:5; Dehydrogenase/oxidoreductase:1; Mobile/stress/accessory:1
GCF_000013405.1_panelcluster_13926	GCF_000013405.1	multi_hit	c_000000000001	2881833	2886685	4852	3	4	abmG2; bamB; bamC	Aromatics; Benzoyl-CoA	Anthranilate; Benzoyl-CoA	Hypothetical/accessory:2; Dehydrogenase/oxidoreductase:1; CoA ligase/synthetase:1
GCF_000267545.1_panelcluster_13937	GCF_000267545.1	multi_hit	c_000000000001	408769	429245	20476	3	17	catR; galP; pchA	Aromatics; Catechol-ortho; Gallate	Catechol-ortho; Gallate; Toluene	Hypothetical/accessory:6; Hydratase/dehydratase/isomerase:5; Dehydrogenase/oxidoreductase:2; Transport/efflux:2; Regulator:1; Accessory/other:1
GCF_000267545.1_panelcluster_13981	GCF_000267545.1	multi_hit	c_000000000001	3572460	3574523	2063	3	3	mlaD; mlaE; mlaF	Transportation	Transportation	Transport/efflux:3
GCF_000267545.1_panelcluster_13990	GCF_000267545.1	multi_hit	c_000000000001	4121422	4127558	6136	3	7	rdx; rdxR; yfdE	Alkanes; Oxalate	Oxalate; Terminal/biterminal oxidation	Electron transfer/redox:2; Thiolase/transferase:1; Dehydrogenase/oxidoreductase:1; Regulator:1; Hypothetical/accessory:1; Accessory/other:1
GCF_000470885.1_panelcluster_14005	GCF_000470885.1	multi_hit	c_000000000001	298438	316252	17814	3	8	pchF; sdgA; xylC	Aromatics	Salicylate; Toluene	Accessory/other:3; Dehydrogenase/oxidoreductase:3; Hypothetical/accessory:1; Oxygenase/dioxygenase:1
GCF_000470885.1_panelcluster_14021	GCF_000470885.1	multi_hit	c_000000000001	1238327	1242494	4167	3	4	galT; hpcE; mhbD	Aromatics; Gallate; Gentisate	Gallate; Gentisate; Homoprotocatechuate	Transport/efflux:1; Regulator:1; Oxygenase/dioxygenase:1; Hypothetical/accessory:1
GCF_000470885.1_panelcluster_14023	GCF_000470885.1	multi_hit	c_000000000001	1287015	1292742	5727	3	7	atdA1; benA; benB-xylY	Aromatics; Benzoate	Aniline; Benzene; Benzoate	Oxygenase/dioxygenase:2; Hypothetical/accessory:2; Electron transfer/redox:2; Accessory/other:1
GCF_000470885.1_panelcluster_14024	GCF_000470885.1	multi_hit	c_000000000001	1311731	1314551	2820	3	3	bphF; mhpD; mhpF	Aromatics; Catechol-meta	Biphenyl; Catechol-meta	Hydrolase/decarboxylase/lyase:1; Dehydrogenase/oxidoreductase:1; Hydratase/dehydratase/isomerase:1
GCF_000470885.1_panelcluster_14045	GCF_000470885.1	multi_hit	c_000000000001	2993985	3001406	7421	3	8	galT; pobB; xylB	Aromatics; Gallate; Protocatechuate	Gallate; Protocatechuate; Toluene	Hypothetical/accessory:2; Dehydrogenase/oxidoreductase:1; Regulator:1; Accessory/other:1; Transport/efflux:1; Electron transfer/redox:1; Oxygenase/dioxygenase:1
GCF_000470885.1_panelcluster_14068	GCF_000470885.1	multi_hit	c_000000000001	4456000	4464554	8554	3	8	crt; pimC/aabA; yfdE	Beta-oxidation; Cyclohexanecarboxylate; Oxalate	Beta-oxidation; Cyclohexanecarboxylate; Oxalate	Hypothetical/accessory:2; Dehydrogenase/oxidoreductase:2; Thiolase/transferase:1; Regulator:1; CoA ligase/synthetase:1; Hydratase/dehydratase/isomerase:1
GCF_000470885.1_panelcluster_14075	GCF_000470885.1	multi_hit	c_000000000001	4669922	4672951	3029	3	3	atoA; fadD; pcaI	Beta-oxidation; Catechol-ortho; Cyclohexylacetate	Beta-oxidation; Catechol-ortho; Cyclohexylacetate	Thiolase/transferase:2; CoA ligase/synthetase:1
GCF_000470885.1_panelcluster_14097	GCF_000470885.1	multi_hit	c_000000000001	5949072	5954089	5017	3	4	BVMO; aliB; fadK	Alkanes; Beta-oxidation	Beta-oxidation; Subterminal oxidation	CoA ligase/synthetase:1; Dehydrogenase/oxidoreductase:1; Hypothetical/accessory:1; Oxygenase/dioxygenase:1
GCF_000470885.1_panelcluster_14099	GCF_000470885.1	multi_hit	c_000000000002	94089	99254	5165	3	5	fadA; fadK; paaF	Beta-oxidation; Catechol-ortho; Phenylacetate	Beta-oxidation; Catechol-ortho; Phenylacetate	Thiolase/transferase:1; Hypothetical/accessory:1; CoA ligase/synthetase:1; Dehydrogenase/oxidoreductase:1; Hydratase/dehydratase/isomerase:1
GCF_000475255.1_panelcluster_14104	GCF_000475255.1	multi_hit	c_000000000025	72870	77401	4531	3	3	acdB; alkMb; echA1	Alkanes; Beta-oxidation	Beta-oxidation; Finnerty pathway	Hypothetical/accessory:1; Hydratase/dehydratase/isomerase:1; Oxygenase/dioxygenase:1
GCF_000475255.1_panelcluster_14123	GCF_000475255.1	multi_hit	c_000000000039	76	7269	7193	3	8	alkB; dmpP; pcaF	Alkanes; Aromatics; Catechol-ortho; Protocatechuate	Phenol; Protocatechuate; Terminal/biterminal oxidation	Hypothetical/accessory:4; Oxygenase/dioxygenase:2; Accessory/other:1; Thiolase/transferase:1
GCF_000475255.1_panelcluster_14140	GCF_000475255.1	multi_hit	c_000000000078	6257	13713	7456	3	8	ahpC; ahpF; almA	Alkanes	Finnerty pathway; Terminal/biterminal oxidation	Hypothetical/accessory:3; Dehydrogenase/oxidoreductase:2; Oxygenase/dioxygenase:1; Accessory/other:1; Hydrolase/decarboxylase/lyase:1
GCF_000475295.1_panelcluster_14151	GCF_000475295.1	multi_hit	c_000000000001	52208	60795	8587	3	10	BVMO; est; nagR	Alkanes; Naphthalene; Plastics	Naphthalene; PBAT; Subterminal oxidation	Hypothetical/accessory:5; Accessory/other:2; Oxygenase/dioxygenase:1; Hydrolase/decarboxylase/lyase:1; Regulator:1
GCF_000475295.1_panelcluster_14167	GCF_000475295.1	multi_hit	c_000000000010	48297	62625	14328	3	17	blc; chcAb; etnE	Alkanes; Alkenes; Cyclohexanecarboxylate	Cyclohexanecarboxylate; Ethene/chloroethene; Hydrocarbon uptake	Hypothetical/accessory:7; Accessory/other:5; Dehydrogenase/oxidoreductase:1; Transport/efflux:1; Oxygenase/dioxygenase:1; Hydrolase/decarboxylase/lyase:1; Regulator:1
GCF_000475295.1_panelcluster_14171	GCF_000475295.1	multi_hit	c_000000000012	81938	86032	4094	3	3	pqiA; pqiB; tphA1I	Aromatics; Transportation	Terephthalate; Transportation	Transport/efflux:2; Oxygenase/dioxygenase:1
GCF_000475295.1_panelcluster_14184	GCF_000475295.1	multi_hit	c_000000000023	137467	146504	9037	3	6	PROK; ahpC; ahpF	Alkanes; Plastics	Finnerty pathway; PLA	Accessory/other:2; Dehydrogenase/oxidoreductase:2; Hypothetical/accessory:1; Hydrolase/decarboxylase/lyase:1
GCF_000475295.1_panelcluster_14189	GCF_000475295.1	multi_hit	c_000000000034	144151	156941	12790	3	12	aliB; alkB; hmgL	Alkanes; Beta-oxidation; Cyclohexylacetate	Beta-oxidation; Cyclohexylacetate; Terminal/biterminal oxidation	Hypothetical/accessory:9; Oxygenase/dioxygenase:1; Dehydrogenase/oxidoreductase:1; Hydrolase/decarboxylase/lyase:1
GCF_000475295.1_panelcluster_14208	GCF_000475295.1	multi_hit	c_000000000076	180305	194166	13861	3	10	fadD; pimC/aabA; pimD	Beta-oxidation; Cyclohexanecarboxylate	Beta-oxidation; Cyclohexanecarboxylate	Hypothetical/accessory:5; Dehydrogenase/oxidoreductase:2; Accessory/other:2; CoA ligase/synthetase:1
GCF_000475315.1_panelcluster_14232	GCF_000475315.1	multi_hit	c_000000000023	55017	77563	22546	3	16	SUBS_LEDLE; alkN_mcp; pimC/aabA	Alkanes; Cyclohexanecarboxylate; Plastics	Cyclohexanecarboxylate; Hydrocarbon uptake; PLA	Hypothetical/accessory:9; Accessory/other:2; Dehydrogenase/oxidoreductase:2; Hydratase/dehydratase/isomerase:1; Regulator:1; Carboxylase:1
GCF_000475315.1_panelcluster_14234	GCF_000475315.1	multi_hit	c_000000000023	117950	122074	4124	3	3	acdB; alkMb; echA1	Alkanes; Beta-oxidation	Beta-oxidation; Finnerty pathway	Oxygenase/dioxygenase:1; Hydratase/dehydratase/isomerase:1; Dehydrogenase/oxidoreductase:1
GCF_000475315.1_panelcluster_14243	GCF_000475315.1	multi_hit	c_000000000030	74199	81492	7293	3	6	aliB; alkN_mcp; ubiX	Alkanes; Beta-oxidation; Tannin	Beta-oxidation; Hydrocarbon uptake; Tannin	Accessory/other:5; Dehydrogenase/oxidoreductase:1
GCF_000475315.1_panelcluster_14261	GCF_000475315.1	multi_hit	c_000000000085	13854	19625	5771	3	5	acdA; acsA; paaF	Beta-oxidation; Phenylacetate	Beta-oxidation; Phenylacetate	Dehydrogenase/oxidoreductase:2; Accessory/other:2; Hydratase/dehydratase/isomerase:1
GCF_000475335.1_panelcluster_14264	GCF_000475335.1	multi_hit	c_000000000001	27118	43774	16656	3	17	cmtAa; paaY; pchA	Aromatics; Phenylacetate	Phenylacetate; Toluene; p-Cumate	Accessory/other:6; Hypothetical/accessory:3; Dehydrogenase/oxidoreductase:3; Hydrolase/decarboxylase/lyase:2; Regulator:1; Transport/efflux:1; Electron transfer/redox:1
GCF_000475335.1_panelcluster_14268	GCF_000475335.1	multi_hit	c_000000000003	13047	19100	6053	3	7	ahpC; ahpF; alkMb	Alkanes	Finnerty pathway	Dehydrogenase/oxidoreductase:2; Hypothetical/accessory:2; Accessory/other:1; Regulator:1; Oxygenase/dioxygenase:1
GCF_000475335.1_panelcluster_14271	GCF_000475335.1	multi_hit	c_000000000004	82684	86267	3583	3	3	abmG2; acdA; badK	Aromatics; Beta-oxidation; Cyclohexanecarboxylate	Anthranilate; Beta-oxidation; Cyclohexanecarboxylate	Accessory/other:1; Dehydrogenase/oxidoreductase:1; Hydratase/dehydratase/isomerase:1
GCF_000475335.1_panelcluster_14279	GCF_000475335.1	multi_hit	c_000000000011	144245	155029	10784	3	8	alkJ_adh; hapE; pegA	Alkanes; Hydroquinone; Plastics	Auxillary alkane pathway; Hydroquinone; PEG	Dehydrogenase/oxidoreductase:4; Hypothetical/accessory:3; Accessory/other:1
GCF_000475335.1_panelcluster_14291	GCF_000475335.1	multi_hit	c_000000000025	25693	44969	19276	3	15	mhbl; nylA; rdxR	Alkanes; Gentisate; Plastics	Gentisate; Nylon; Terminal/biterminal oxidation	Transport/efflux:4; Hypothetical/accessory:3; Dehydrogenase/oxidoreductase:2; Hydratase/dehydratase/isomerase:2; Carboxylase:2; Hydrolase/decarboxylase/lyase:1; Accessory/other:1
GCF_000475335.1_panelcluster_14295	GCF_000475335.1	multi_hit	c_000000000034	57426	72957	15531	3	12	acdB; mlaE; mlaF	Beta-oxidation; Transportation	Beta-oxidation; Transportation	Accessory/other:5; Transport/efflux:2; Dehydrogenase/oxidoreductase:2; Hypothetical/accessory:2; Hydrolase/decarboxylase/lyase:1
GCF_000475355.1_panelcluster_14326	GCF_000475355.1	multi_hit	c_000000000015	125043	129331	4288	3	3	acdB; alkMb; echA1	Alkanes; Beta-oxidation	Beta-oxidation; Finnerty pathway	Oxygenase/dioxygenase:1; Hydratase/dehydratase/isomerase:1; Hypothetical/accessory:1
GCF_000475355.1_panelcluster_14334	GCF_000475355.1	multi_hit	c_000000000026	56884	64177	7293	3	6	aliB; alkN_mcp; ubiX	Alkanes; Beta-oxidation; Tannin	Beta-oxidation; Hydrocarbon uptake; Tannin	Accessory/other:5; Dehydrogenase/oxidoreductase:1
GCF_000475355.1_panelcluster_14335	GCF_000475355.1	multi_hit	c_000000000027	5843	7904	2061	3	3	mlaD; mlaE; mlaF	Transportation	Transportation	Transport/efflux:3
GCF_000475355.1_panelcluster_14340	GCF_000475355.1	multi_hit	c_000000000029	193214	197616	4402	3	3	CYP450; alkJ_adh; chcAb	Alkanes; Cyclohexanecarboxylate	Auxillary alkane pathway; Cyclohexanecarboxylate; Terminal/biterminal oxidation	Dehydrogenase/oxidoreductase:2; Oxygenase/dioxygenase:1
GCF_000475355.1_panelcluster_14366	GCF_000475355.1	multi_hit	c_000000000095	18130	23901	5771	3	5	acdA; acsA; paaF	Beta-oxidation; Phenylacetate	Beta-oxidation; Phenylacetate	Dehydrogenase/oxidoreductase:2; Accessory/other:2; Hydratase/dehydratase/isomerase:1
GCF_000475375.1_panelcluster_14382	GCF_000475375.1	multi_hit	c_000000000012	200694	205274	4580	3	3	aliB; fadJ; yfdE	Beta-oxidation; Oxalate	Beta-oxidation; Oxalate	Dehydrogenase/oxidoreductase:1; Thiolase/transferase:1; Accessory/other:1
GCF_000475375.1_panelcluster_14385	GCF_000475375.1	multi_hit	c_000000000013	743	3814	3071	3	3	CYP450; carAc; chcAb	Alkanes; Aromatics; Cyclohexanecarboxylate	Carbazol; Cyclohexanecarboxylate; Terminal/biterminal oxidation	Dehydrogenase/oxidoreductase:1; Oxygenase/dioxygenase:1; Electron transfer/redox:1
GCF_000475375.1_panelcluster_14397	GCF_000475375.1	multi_hit	c_000000000020	116549	123843	7294	3	6	aliB; alkN_mcp; ubiX	Alkanes; Beta-oxidation; Tannin	Beta-oxidation; Hydrocarbon uptake; Tannin	Accessory/other:5; Dehydrogenase/oxidoreductase:1
GCF_000475375.1_panelcluster_14403	GCF_000475375.1	multi_hit	c_000000000023	252145	256476	4331	3	3	acdB; alkMb; echA1	Alkanes; Beta-oxidation	Beta-oxidation; Finnerty pathway	Oxygenase/dioxygenase:1; Hydratase/dehydratase/isomerase:1; Hypothetical/accessory:1
GCF_000475395.1_panelcluster_14448	GCF_000475395.1	multi_hit	c_000000000004	638574	641968	3394	3	3	GI:23664434; badI; hmgL	Aromatics; Beta-oxidation; Cyclohexylacetate	Benzene; Beta-oxidation; Cyclohexylacetate	Hydratase/dehydratase/isomerase:1; Hydrolase/decarboxylase/lyase:1; Accessory/other:1
GCF_000475395.1_panelcluster_14449	GCF_000475395.1	multi_hit	c_000000000004	665732	677516	11784	3	10	crt; hpcC; pegA	Aromatics; Beta-oxidation; Plastics	Beta-oxidation; Homoprotocatechuate; PEG	Dehydrogenase/oxidoreductase:3; Accessory/other:3; Transport/efflux:2; Hydratase/dehydratase/isomerase:1; Regulator:1
GCF_000475395.1_panelcluster_14477	GCF_000475395.1	multi_hit	c_000000000012	430725	441719	10994	3	10	hbd; pimC/aabA; uctC	Cyclohexanecarboxylate; Oxalate; Plastics	Cyclohexanecarboxylate; Oxalate; P3HV/PHA/PHBV	Hypothetical/accessory:4; Dehydrogenase/oxidoreductase:2; CoA ligase/synthetase:1; Accessory/other:1; Regulator:1; Thiolase/transferase:1
GCF_000475395.1_panelcluster_14502	GCF_000475395.1	multi_hit	c_000000000062	1183	3788	2605	3	3	pcaF; pcaI; pcaJ	Catechol-ortho; Protocatechuate	Catechol-ortho; Protocatechuate	Thiolase/transferase:3
GCF_000475395.1_panelcluster_14504	GCF_000475395.1	multi_hit	c_000000000062	86215	96194	9979	3	10	atdA1; atoA; pcaI	Aromatics; Catechol-ortho; Cyclohexylacetate	Aniline; Catechol-ortho; Cyclohexylacetate	Accessory/other:3; Hypothetical/accessory:3; Transport/efflux:2; Thiolase/transferase:2
GCF_000475415.1_panelcluster_14532	GCF_000475415.1	multi_hit	c_000000000156	8143	20533	12390	3	11	alkJ_adh; bphG; est	Alkanes; Aromatics; Plastics	Auxillary alkane pathway; Biphenyl; PET	Dehydrogenase/oxidoreductase:4; Accessory/other:4; Hypothetical/accessory:3
GCF_000475415.1_panelcluster_14539	GCF_000475415.1	multi_hit	c_000000000157	180875	182967	2092	3	3	mlaD; mlaE; mlaF	Transportation	Transportation	Transport/efflux:3
GCF_000475415.1_panelcluster_14554	GCF_000475415.1	multi_hit	c_000000000185	73312	78486	5174	3	7	atoA; hbd; pcaI	Catechol-ortho; Cyclohexylacetate; Plastics	Catechol-ortho; Cyclohexylacetate; P3HV/PHA/PHBV	Thiolase/transferase:2; Hypothetical/accessory:2; Accessory/other:2; Dehydrogenase/oxidoreductase:1
GCF_000736435.1_panelcluster_14595	GCF_000736435.1	multi_hit	c_000000000001	2205231	2216972	11741	3	11	AAE3; paaE; padAd1	Aromatics; Oxalate; Phenylacetate	Oxalate; Phenylacetate; Phthalate	Hypothetical/accessory:6; Electron transfer/redox:2; Accessory/other:1; Transport/efflux:1; CoA ligase/synthetase:1
GCF_000736435.1_panelcluster_14601	GCF_000736435.1	multi_hit	c_000000000001	2785394	2797425	12031	3	9	nagF; pnbA	Naphthalene; Plastics	Naphthalene; PET	Dehydrogenase/oxidoreductase:4; Hypothetical/accessory:2; Accessory/other:2; Hydratase/dehydratase/isomerase:1
GCF_000736435.1_panelcluster_14602	GCF_000736435.1	multi_hit	c_000000000001	2824471	2845338	20867	3	24	BVMO; fadA; ladA	Alkanes; Catechol-ortho	Catechol-ortho; Subterminal oxidation; Terminal/biterminal oxidation	Hypothetical/accessory:14; Accessory/other:5; Oxygenase/dioxygenase:2; Thiolase/transferase:1; Hydrolase/decarboxylase/lyase:1; Transport/efflux:1
GCF_000736435.1_panelcluster_14609	GCF_000736435.1	multi_hit	c_000000000001	3252096	3262864	10768	3	8	galD; hapE; hmgL	Cyclohexylacetate; Gallate; Hydroquinone	Cyclohexylacetate; Gallate; Hydroquinone	Hypothetical/accessory:3; Dehydrogenase/oxidoreductase:3; Hydratase/dehydratase/isomerase:1; Hydrolase/decarboxylase/lyase:1
GCF_000736435.1_panelcluster_14628	GCF_000736435.1	multi_hit	c_000000000001	4067903	4081620	13717	3	12	mpdB; nylA; xecD	Alkenes; Plastics	2-methylpropene; Nylon; Propene	Accessory/other:6; Hypothetical/accessory:4; Dehydrogenase/oxidoreductase:2
GCF_000736435.1_panelcluster_14649	GCF_000736435.1	multi_hit	c_000000000001	4939187	4948110	8923	3	9	CYP153; nylB; sdgA	Alkanes; Aromatics; Plastics	Nylon; Salicylate; Terminal/biterminal oxidation	Hypothetical/accessory:4; Accessory/other:2; Dehydrogenase/oxidoreductase:1; CoA ligase/synthetase:1; Oxygenase/dioxygenase:1
GCF_000736435.1_panelcluster_14654	GCF_000736435.1	multi_hit	c_000000000001	5187614	5191578	3964	3	4	aliB; echA1; fadA	Beta-oxidation; Catechol-ortho	Beta-oxidation; Catechol-ortho	Dehydrogenase/oxidoreductase:2; Thiolase/transferase:1; Hydratase/dehydratase/isomerase:1
GCF_000736435.1_panelcluster_14660	GCF_000736435.1	multi_hit	c_000000000001	5504143	5521945	17802	3	17	acdA; cmtAa; fadK	Aromatics; Beta-oxidation	Beta-oxidation; p-Cumate	Hypothetical/accessory:4; Accessory/other:3; Dehydrogenase/oxidoreductase:3; Transport/efflux:2; Electron transfer/redox:1; Hydrolase/decarboxylase/lyase:1; Hydratase/dehydratase/isomerase:1; CoA ligase/synthetase:1; Regulator:1
GCF_000736435.1_panelcluster_14661	GCF_000736435.1	multi_hit	c_000000000001	5552263	5567806	15543	3	11	BVMO; GI:23664434; GMET_RS16560	Alkanes; Aromatics; Beta-oxidation	Benzene; Beta-oxidation; Subterminal oxidation	Dehydrogenase/oxidoreductase:4; CoA ligase/synthetase:2; Hypothetical/accessory:2; Accessory/other:2; Oxygenase/dioxygenase:1
GCF_000736435.1_panelcluster_14662	GCF_000736435.1	multi_hit	c_000000000001	5595842	5607337	11495	3	10	hapE; uctC; yfdE	Hydroquinone; Oxalate	Hydroquinone; Oxalate	Thiolase/transferase:2; Hypothetical/accessory:2; Accessory/other:2; Dehydrogenase/oxidoreductase:1; Regulator:1; Hydrolase/decarboxylase/lyase:1; Transport/efflux:1
GCF_000736435.1_panelcluster_14665	GCF_000736435.1	multi_hit	c_000000000001	5732141	5737692	5551	3	4	BVMO; fadK; pimC/aabA	Alkanes; Beta-oxidation; Cyclohexanecarboxylate	Beta-oxidation; Cyclohexanecarboxylate; Subterminal oxidation	Dehydrogenase/oxidoreductase:2; Oxygenase/dioxygenase:1; CoA ligase/synthetase:1
GCF_000736435.1_panelcluster_14677	GCF_000736435.1	multi_hit	c_000000000001	6300150	6309068	8918	3	9	hapE; pht2; xylB	Aromatics; Hydroquinone	Hydroquinone; Phthalate; Toluene	Hypothetical/accessory:4; Dehydrogenase/oxidoreductase:2; Accessory/other:2; Oxygenase/dioxygenase:1
GCF_000736435.1_panelcluster_14701	GCF_000736435.1	multi_hit	c_000000000001	7671353	7680368	9015	3	8	acdA; badK; fadD	Beta-oxidation; Cyclohexanecarboxylate	Beta-oxidation; Cyclohexanecarboxylate	Dehydrogenase/oxidoreductase:2; Hydratase/dehydratase/isomerase:2; Hypothetical/accessory:1; Accessory/other:1; Transport/efflux:1; CoA ligase/synthetase:1
GCF_001190925.1_panelcluster_14738	GCF_001190925.1	multi_hit	c_000000000001	1132718	1140223	7505	3	5	acsA; echA; xylB	Aromatics; Beta-oxidation	Beta-oxidation; Toluene	Hypothetical/accessory:2; Dehydrogenase/oxidoreductase:1; CoA ligase/synthetase:1; Accessory/other:1
GCF_001190925.1_panelcluster_14740	GCF_001190925.1	multi_hit	c_000000000001	1222816	1238847	16031	3	14	bamB; bphAd; hapE	Aromatics; Benzoyl-CoA; Hydroquinone	Benzoyl-CoA; Biphenyl; Hydroquinone	Hypothetical/accessory:7; Dehydrogenase/oxidoreductase:3; Accessory/other:2; Transport/efflux:1; Regulator:1
GCF_001190925.1_panelcluster_14751	GCF_001190925.1	multi_hit	c_000000000001	2011016	2014982	3966	3	3	oorA; oorB; rdxR	Alkanes; Oxalate	Oxalate; Terminal/biterminal oxidation	Dehydrogenase/oxidoreductase:3
GCF_001190925.1_panelcluster_14763	GCF_001190925.1	multi_hit	c_000000000001	2643604	2670369	26765	3	18	hapE; pchA; yfdE	Aromatics; Hydroquinone; Oxalate	Hydroquinone; Oxalate; Toluene	Hypothetical/accessory:6; Accessory/other:5; Dehydrogenase/oxidoreductase:3; Mobile/stress/accessory:1; Electron transfer/redox:1; Regulator:1; Thiolase/transferase:1
GCF_001190925.1_panelcluster_14766	GCF_001190925.1	multi_hit	c_000000000001	2834774	2838936	4162	3	4	paaG; pimC/aabA	Cyclohexanecarboxylate; Phenylacetate	Cyclohexanecarboxylate; Phenylacetate	Dehydrogenase/oxidoreductase:2; Hydratase/dehydratase/isomerase:1; Hypothetical/accessory:1
GCF_001190925.1_panelcluster_14787	GCF_001190925.1	multi_hit	c_000000000001	4454734	4458099	3365	3	3	acsA; atoA; pcaI	Beta-oxidation; Catechol-ortho; Cyclohexylacetate	Beta-oxidation; Catechol-ortho; Cyclohexylacetate	Thiolase/transferase:2; Accessory/other:1
GCF_002009335.2_panelcluster_14806	GCF_002009335.2	multi_hit	c_000000000001	1029939	1038797	8858	3	8	fadA; mlaE; mlaF	Beta-oxidation; Transportation	Beta-oxidation; Transportation	Thiolase/transferase:2; Hypothetical/accessory:2; Transport/efflux:2; Dehydrogenase/oxidoreductase:1; Accessory/other:1
GCF_002009335.2_panelcluster_14809	GCF_002009335.2	multi_hit	c_000000000001	1236878	1248964	12086	3	8	acsA; paaK	Beta-oxidation; Phenylacetate	Beta-oxidation; Phenylacetate	Accessory/other:5; Hypothetical/accessory:2; CoA ligase/synthetase:1
GCF_002009335.2_panelcluster_14810	GCF_002009335.2	multi_hit	c_000000000001	1263806	1270623	6817	3	5	GI:23664434; aliA; fadK	Aromatics; Beta-oxidation	Benzene; Beta-oxidation	Hypothetical/accessory:2; CoA ligase/synthetase:2; Accessory/other:1
GCF_002009335.2_panelcluster_14811	GCF_002009335.2	multi_hit	c_000000000001	1291158	1295200	4042	3	4	acdA; atoB; paaH	Beta-oxidation; Phenylacetate	Beta-oxidation; Phenylacetate	Dehydrogenase/oxidoreductase:2; Thiolase/transferase:1; Hypothetical/accessory:1
GCF_002009335.2_panelcluster_14827	GCF_002009335.2	multi_hit	c_000000000001	2570449	2579293	8844	3	9	crt; paaK	Beta-oxidation; Phenylacetate	Beta-oxidation; Phenylacetate	CoA ligase/synthetase:2; Hypothetical/accessory:2; Accessory/other:2; Transport/efflux:2; Hydratase/dehydratase/isomerase:1
GCF_002009335.2_panelcluster_14835	GCF_002009335.2	multi_hit	c_000000000001	3213183	3219255	6072	3	7	acdA; crt; mlaF	Beta-oxidation; Transportation	Beta-oxidation; Transportation	Hypothetical/accessory:3; Hydratase/dehydratase/isomerase:1; Dehydrogenase/oxidoreductase:1; Regulator:1; Transport/efflux:1
GCF_002189495.1_panelcluster_14869	GCF_002189495.1	multi_hit	c_000000000233	734	16483	15749	3	13	catR; chcC1; chcC2	Catechol-ortho; Cyclohexanecarboxylate	Catechol-ortho; Cyclohexanecarboxylate	Dehydrogenase/oxidoreductase:6; Hypothetical/accessory:3; Accessory/other:3; Regulator:1
GCF_002189495.1_panelcluster_14884	GCF_002189495.1	multi_hit	c_000000000399	2457	5579	3122	3	3	hpcG; hpcH; nagF	Aromatics; Naphthalene	Homoprotocatechuate; Naphthalene	Dehydrogenase/oxidoreductase:1; Hydrolase/decarboxylase/lyase:1; Hydratase/dehydratase/isomerase:1
GCF_002189495.1_panelcluster_14886	GCF_002189495.1	multi_hit	c_000000000407	6908	11623	4715	3	4	mhbD; nahG; pcaK	Aromatics; Gentisate; Naphthalene; Transportation	Gentisate; Naphthalene; Transportation	Oxygenase/dioxygenase:2; Regulator:1; Transport/efflux:1
GCF_002189495.1_panelcluster_14890	GCF_002189495.1	multi_hit	c_000000000452	1658	4462	2804	3	3	acdA; pcaI; pcaJ	Beta-oxidation; Catechol-ortho	Beta-oxidation; Catechol-ortho	Thiolase/transferase:2; Dehydrogenase/oxidoreductase:1
GCF_013423925.1_panelcluster_14917	GCF_013423925.1	multi_hit	c_000000000001	460660	462836	2176	3	3	mlaD; mlaE; mlaF	Transportation	Transportation	Transport/efflux:3
GCF_013423925.1_panelcluster_14943	GCF_013423925.1	multi_hit	c_000000000001	3502830	3504979	2149	3	3	atoA; hbd; pcaI	Catechol-ortho; Cyclohexylacetate; Plastics	Catechol-ortho; Cyclohexylacetate; P3HV/PHA/PHBV	Thiolase/transferase:2; Dehydrogenase/oxidoreductase:1
GCF_013423925.1_panelcluster_14955	GCF_013423925.1	multi_hit	c_000000000002	605517	626623	21106	3	17	alkH_ald; alkN_mcp; pnbA	Alkanes; Plastics	Auxillary alkane pathway; Hydrocarbon uptake; PET	Accessory/other:6; Hypothetical/accessory:4; Dehydrogenase/oxidoreductase:3; Regulator:3; Hydrolase/decarboxylase/lyase:1
GCF_014634705.1_panelcluster_14959	GCF_014634705.1	multi_hit	c_000000000010	1489	8789	7300	3	7	echA1; galC; uctC	Beta-oxidation; Gallate; Oxalate	Beta-oxidation; Gallate; Oxalate	Hydratase/dehydratase/isomerase:2; Dehydrogenase/oxidoreductase:1; Hydrolase/decarboxylase/lyase:1; Hypothetical/accessory:1; Regulator:1; Thiolase/transferase:1
GCF_014634705.1_panelcluster_14968	GCF_014634705.1	multi_hit	c_000000000037	2037	20632	18595	3	20	benD; uctC	Aromatics; Oxalate	Benzene; Oxalate	Hypothetical/accessory:12; Thiolase/transferase:3; Dehydrogenase/oxidoreductase:2; Regulator:2; Accessory/other:1
GCF_014634705.1_panelcluster_14989	GCF_014634705.1	multi_hit	c_000000000157	7856	22442	14586	3	13	bphAa; bphE; xylL	Aromatics	Benzene; Biphenyl	Hypothetical/accessory:6; Accessory/other:2; Regulator:2; Oxygenase/dioxygenase:2; Dehydrogenase/oxidoreductase:1
GCF_014634705.1_panelcluster_15009	GCF_014634705.1	multi_hit	c_000000000362	7266	10665	3399	3	3	chnE; hpaC; ladA	Alkanes; Aromatics	4-Hydroxyphenylacetate; Terminal/biterminal oxidation	Oxygenase/dioxygenase:2; Dehydrogenase/oxidoreductase:1
GCF_014634705.1_panelcluster_15012	GCF_014634705.1	multi_hit	c_000000000376	6515	9451	2936	3	3	amnC; amnD; galR	Aromatics; Gallate	2-Aminophenol; Gallate	Dehydrogenase/oxidoreductase:2; Regulator:1
GCF_014634705.1_panelcluster_15020	GCF_014634705.1	multi_hit	c_000000000408	32851	37688	4837	3	5	mhbD; mhbH; mhbl	Gentisate	Gentisate	Oxygenase/dioxygenase:2; Hydrolase/decarboxylase/lyase:1; Hypothetical/accessory:1; Hydratase/dehydratase/isomerase:1
GCF_014634705.1_panelcluster_15028	GCF_014634705.1	multi_hit	c_000000000425	5039	12512	7473	3	6	fadB2; pimC/aabA; uctC	Beta-oxidation; Cyclohexanecarboxylate; Oxalate	Beta-oxidation; Cyclohexanecarboxylate; Oxalate	Hypothetical/accessory:2; Hydratase/dehydratase/isomerase:1; Thiolase/transferase:1; Regulator:1; Dehydrogenase/oxidoreductase:1
GCF_014634705.1_panelcluster_15031	GCF_014634705.1	multi_hit	c_000000000439	9900	19287	9387	3	8	bphF; hbd; mhpF	Aromatics; Catechol-meta; Plastics	Biphenyl; Catechol-meta; P3HV/PHA/PHBV	Accessory/other:3; Dehydrogenase/oxidoreductase:2; Hydrolase/decarboxylase/lyase:2; Regulator:1
GCF_014634705.1_panelcluster_15041	GCF_014634705.1	multi_hit	c_000000000470	11097	13228	2131	3	3	mlaD; mlaE; mlaF	Transportation	Transportation	Transport/efflux:3
GCF_014634705.1_panelcluster_15050	GCF_014634705.1	multi_hit	c_000000000515	79	10718	10639	3	10	abmG2; benA; hbd	Aromatics; Plastics	Anthranilate; Benzene; P3HV/PHA/PHBV	Hypothetical/accessory:3; Dehydrogenase/oxidoreductase:2; Hydratase/dehydratase/isomerase:1; CoA ligase/synthetase:1; Hydrolase/decarboxylase/lyase:1; Accessory/other:1; Oxygenase/dioxygenase:1
GCF_014634705.1_panelcluster_15063	GCF_014634705.1	multi_hit	c_000000000638	12197	17657	5460	3	5	cmtB; paaG; sdgB	Aromatics; Phenylacetate	Phenylacetate; Salicylate; p-Cumate	Hydratase/dehydratase/isomerase:2; CoA ligase/synthetase:1; Hypothetical/accessory:1; Dehydrogenase/oxidoreductase:1
GCF_014634705.1_panelcluster_15069	GCF_014634705.1	multi_hit	c_000000000659	37	9563	9526	3	9	chnE; frc; uctC	Alkanes; Oxalate	Oxalate; Terminal/biterminal oxidation	Dehydrogenase/oxidoreductase:3; Hypothetical/accessory:3; Thiolase/transferase:2; Hydratase/dehydratase/isomerase:1
GCF_014634705.1_panelcluster_15071	GCF_014634705.1	multi_hit	c_000000000668	6603	12495	5892	3	5	badH; mpdC; sdgB	Alkenes; Aromatics; Beta-oxidation	2-methylpropene; Beta-oxidation; Salicylate	Dehydrogenase/oxidoreductase:2; CoA ligase/synthetase:1; Hydrolase/decarboxylase/lyase:1; Hypothetical/accessory:1
GCF_014634705.1_panelcluster_15107	GCF_014634705.1	multi_hit	c_000000000803	20706	24388	3682	3	3	pht3; pht4; pobB	Aromatics; Protocatechuate	Phthalate; Protocatechuate	Oxygenase/dioxygenase:2; Dehydrogenase/oxidoreductase:1
GCF_014634705.1_panelcluster_15110	GCF_014634705.1	multi_hit	c_000000000813	353	6842	6489	3	5	GI:23664434; boxB; boxC	Aromatics	Benzene	Oxygenase/dioxygenase:1; Hydrolase/decarboxylase/lyase:1; Accessory/other:1; Hypothetical/accessory:1; CoA ligase/synthetase:1
GCF_014634705.1_panelcluster_15111	GCF_014634705.1	multi_hit	c_000000000815	1426	9509	8083	3	8	AAE3; pcaI; pcaJ	Catechol-ortho; Oxalate	Catechol-ortho; Oxalate	Hypothetical/accessory:4; Thiolase/transferase:2; CoA ligase/synthetase:1; Transport/efflux:1
GCF_015277575.1_panelcluster_15124	GCF_015277575.1	multi_hit	c_000000000001	490629	494456	3827	3	3	dszC; ladA	Alkanes; Aromatics	Dibenzofuran; Terminal/biterminal oxidation	Accessory/other:2; Oxygenase/dioxygenase:1
GCF_015277575.1_panelcluster_15135	GCF_015277575.1	multi_hit	c_000000000001	1318385	1320458	2073	3	3	mlaD; mlaE; mlaF	Transportation	Transportation	Transport/efflux:3
GCF_015277575.1_panelcluster_15139	GCF_015277575.1	multi_hit	c_000000000001	1467770	1472405	4635	3	4	galT; hmgA; mhbl	Aromatics; Gallate; Gentisate	Gallate; Gentisate; Homogentisate	Oxygenase/dioxygenase:1; Hypothetical/accessory:1; Hydratase/dehydratase/isomerase:1; Transport/efflux:1
GCF_015277575.1_panelcluster_15151	GCF_015277575.1	multi_hit	c_000000000001	2350312	2379916	29604	3	23	chcB2; fadE; tphA1I	Aromatics; Beta-oxidation; Cyclohexanecarboxylate	Beta-oxidation; Cyclohexanecarboxylate; Terephthalate	Accessory/other:9; Hypothetical/accessory:7; Regulator:3; Dehydrogenase/oxidoreductase:2; Hydrolase/decarboxylase/lyase:1; Transport/efflux:1
GCF_015277575.1_panelcluster_15185	GCF_015277575.1	multi_hit	c_000000000001	4870811	4882331	11520	3	13	chnA; fadA; fadJ	Alkanes; Beta-oxidation; Catechol-ortho	Beta-oxidation; Catechol-ortho; Terminal/biterminal oxidation	Hypothetical/accessory:5; Accessory/other:4; Thiolase/transferase:2; Hydratase/dehydratase/isomerase:1; Transport/efflux:1
GCF_015277575.1_panelcluster_15189	GCF_015277575.1	multi_hit	c_000000000001	5055098	5060465	5367	3	3	fadD; plaM9	Beta-oxidation; Plastics	Beta-oxidation; PBS/PBSA/PCL/PES/PHA/PLA	CoA ligase/synthetase:2; Accessory/other:1
GCF_016584445.1_panelcluster_15228	GCF_016584445.1	multi_hit	c_000000000001	1334664	1345210	10546	3	9	paaK; pimC/aabA; pimD	Cyclohexanecarboxylate; Phenylacetate	Cyclohexanecarboxylate; Phenylacetate	CoA ligase/synthetase:2; Transport/efflux:2; Hypothetical/accessory:2; Dehydrogenase/oxidoreductase:2; Accessory/other:1
GCF_016584445.1_panelcluster_15229	GCF_016584445.1	multi_hit	c_000000000001	1536442	1552831	16389	3	12	NFA_28320; atdA1; fadD	Aromatics; Beta-oxidation; Plastics	Aniline; Beta-oxidation; Nylon	Accessory/other:4; Hypothetical/accessory:4; Hydrolase/decarboxylase/lyase:2; Hydratase/dehydratase/isomerase:1; CoA ligase/synthetase:1
GCF_016584445.1_panelcluster_15238	GCF_016584445.1	multi_hit	c_000000000001	1896402	1900308	3906	3	3	pimC/aabA; pimD	Cyclohexanecarboxylate	Cyclohexanecarboxylate	Dehydrogenase/oxidoreductase:3
GCF_016584445.1_panelcluster_15240	GCF_016584445.1	multi_hit	c_000000000001	1956886	1963543	6657	3	6	crt; fadK; paaG	Beta-oxidation; Phenylacetate	Beta-oxidation; Phenylacetate	Hydratase/dehydratase/isomerase:2; Hypothetical/accessory:2; Dehydrogenase/oxidoreductase:1; CoA ligase/synthetase:1
GCF_016584445.1_panelcluster_15247	GCF_016584445.1	multi_hit	c_000000000001	2597734	2602592	4858	3	4	acdA; acsA; atoB	Beta-oxidation	Beta-oxidation	Dehydrogenase/oxidoreductase:2; Accessory/other:1; Thiolase/transferase:1
GCF_016584445.1_panelcluster_15268	GCF_016584445.1	multi_hit	c_000000000001	4456949	4469188	12239	3	8	NFA_28320; carAc; mlaF	Aromatics; Plastics; Transportation	Carbazol; Nylon; Transportation	Hypothetical/accessory:5; Electron transfer/redox:1; Accessory/other:1; Transport/efflux:1
GCF_016584445.1_panelcluster_15271	GCF_016584445.1	multi_hit	c_000000000001	4687305	4698804	11499	3	11	atoA; nbaA; pcaI	Aromatics; Catechol-ortho; Cyclohexylacetate	2-Nitrobenzoate; Catechol-ortho; Cyclohexylacetate	Hypothetical/accessory:4; Transport/efflux:4; Thiolase/transferase:2; Accessory/other:1
GCF_016584445.1_panelcluster_15281	GCF_016584445.1	multi_hit	c_000000000001	5288387	5294848	6461	3	7	galA; galC; galD	Gallate	Gallate	Hydrolase/decarboxylase/lyase:2; Oxygenase/dioxygenase:2; Accessory/other:1; Hydratase/dehydratase/isomerase:1; Hypothetical/accessory:1
GCF_020886775.1_panelcluster_15297	GCF_020886775.1	multi_hit	c_000000000001	955230	964092	8862	3	7	alkJ_adh; amnC; xylB	Alkanes; Aromatics	2-Aminophenol; Auxillary alkane pathway; Toluene	Dehydrogenase/oxidoreductase:3; Hypothetical/accessory:3; Transport/efflux:1
GCF_020886775.1_panelcluster_15308	GCF_020886775.1	multi_hit	c_000000000001	1601811	1604521	2710	3	3	acdA; pcaI; pcaJ	Beta-oxidation; Catechol-ortho	Beta-oxidation; Catechol-ortho	Thiolase/transferase:2; Dehydrogenase/oxidoreductase:1
GCF_020886775.1_panelcluster_15318	GCF_020886775.1	multi_hit	c_000000000001	2567994	2572388	4394	3	4	hpcC; hpcG; hpcH	Aromatics	Homoprotocatechuate	Dehydrogenase/oxidoreductase:1; Hypothetical/accessory:1; Hydratase/dehydratase/isomerase:1; Hydrolase/decarboxylase/lyase:1
GCF_020886775.1_panelcluster_15329	GCF_020886775.1	multi_hit	c_000000000001	3649384	3662531	13147	3	12	chqB; macA; mobA	Gentisate; Hydroxyquinol	Gentisate; Hydroxyquinol	Hypothetical/accessory:4; Oxygenase/dioxygenase:3; Transport/efflux:2; Regulator:1; Accessory/other:1; Dehydrogenase/oxidoreductase:1
GCF_020886775.1_panelcluster_15331	GCF_020886775.1	multi_hit	c_000000000001	3832383	3848082	15699	3	12	chnE; padAd1; yfdE	Alkanes; Aromatics; Oxalate	Oxalate; Phthalate; Terminal/biterminal oxidation	Accessory/other:5; Hypothetical/accessory:4; Electron transfer/redox:1; Dehydrogenase/oxidoreductase:1; Thiolase/transferase:1
GCF_020886775.1_panelcluster_15334	GCF_020886775.1	multi_hit	c_000000000001	3970881	3985848	14967	3	13	amdA; benD; chnE	Alkanes; Benzoate; Plastics	Benzoate; PU; Terminal/biterminal oxidation	Accessory/other:4; Hypothetical/accessory:4; Dehydrogenase/oxidoreductase:3; Hydratase/dehydratase/isomerase:2
GCF_020886775.1_panelcluster_15335	GCF_020886775.1	multi_hit	c_000000000001	4002376	4012131	9755	3	6	catR; galT; pobB	Catechol-ortho; Gallate; Protocatechuate	Catechol-ortho; Gallate; Protocatechuate	Hypothetical/accessory:2; Regulator:1; Dehydrogenase/oxidoreductase:1; Transport/efflux:1; Oxygenase/dioxygenase:1
GCF_020886775.1_panelcluster_15338	GCF_020886775.1	multi_hit	c_000000000001	4111026	4120211	9185	3	8	CYP450; pegC; rdxR	Alkanes; Plastics	PEG; Terminal/biterminal oxidation	Accessory/other:3; Dehydrogenase/oxidoreductase:3; Hypothetical/accessory:2
GCF_026428315.1_panelcluster_15352	GCF_026428315.1	multi_hit	c_000000000001	512016	526654	14638	3	9	alkJ_adh; catR; mpdC	Alkanes; Alkenes; Catechol-ortho	2-methylpropene; Auxillary alkane pathway; Catechol-ortho	Accessory/other:5; Dehydrogenase/oxidoreductase:2; Regulator:1; Hypothetical/accessory:1
GCF_026428315.1_panelcluster_15359	GCF_026428315.1	multi_hit	c_000000000001	1074277	1078789	4512	3	4	alkN_mcp; pcaG; pcaH	Alkanes; Protocatechuate	Hydrocarbon uptake; Protocatechuate	Oxygenase/dioxygenase:2; Accessory/other:1; Hypothetical/accessory:1
GCF_026428315.1_panelcluster_15380	GCF_026428315.1	multi_hit	c_000000000001	2313476	2319504	6028	3	5	ahpC; ahpF; nagR	Alkanes; Naphthalene	Finnerty pathway; Naphthalene	Dehydrogenase/oxidoreductase:3; Accessory/other:2
GCF_026428315.1_panelcluster_15388	GCF_026428315.1	multi_hit	c_000000000001	2794270	2806283	12013	3	8	acdB; nagF; pcaK	Beta-oxidation; Naphthalene; Transportation	Beta-oxidation; Naphthalene; Transportation	Dehydrogenase/oxidoreductase:2; Accessory/other:2; CoA ligase/synthetase:1; Thiolase/transferase:1; Hypothetical/accessory:1; Transport/efflux:1
GCF_026428315.1_panelcluster_15408	GCF_026428315.1	multi_hit	c_000000000001	3699479	3711442	11963	3	11	atoB; opdK; paaH	Beta-oxidation; Phenylacetate; Transportation	Beta-oxidation; Phenylacetate; Transportation	Regulator:4; Accessory/other:3; Thiolase/transferase:1; Dehydrogenase/oxidoreductase:1; Hypothetical/accessory:1; Transport/efflux:1
GCF_026428315.1_panelcluster_15415	GCF_026428315.1	multi_hit	c_000000000001	4419584	4424464	4880	3	3	fadD; plaM9	Beta-oxidation; Plastics	Beta-oxidation; PBS/PBSA/PCL/PES/PHA/PLA	CoA ligase/synthetase:2; Accessory/other:1
GCF_026428315.1_panelcluster_15421	GCF_026428315.1	multi_hit	c_000000000001	4814346	4816437	2091	3	3	mlaD; mlaE; mlaF	Transportation	Transportation	Transport/efflux:3
GCF_026428335.1_panelcluster_15441	GCF_026428335.1	multi_hit	c_000000000001	466665	470512	3847	3	3	dszC; ladA	Alkanes; Aromatics	Dibenzofuran; Terminal/biterminal oxidation	Accessory/other:2; Oxygenase/dioxygenase:1
GCF_026428335.1_panelcluster_15447	GCF_026428335.1	multi_hit	c_000000000001	735865	744320	8455	3	6	acdB; alkN_mcp	Alkanes; Beta-oxidation	Beta-oxidation; Hydrocarbon uptake	Hypothetical/accessory:4; Accessory/other:1; Dehydrogenase/oxidoreductase:1
GCF_026428335.1_panelcluster_15451	GCF_026428335.1	multi_hit	c_000000000001	1040951	1043874	2923	3	3	antA; antB; antC	Aromatics	Anthranilate	Oxygenase/dioxygenase:3
GCF_026428335.1_panelcluster_15455	GCF_026428335.1	multi_hit	c_000000000001	1210825	1212898	2073	3	3	mlaD; mlaE; mlaF	Transportation	Transportation	Transport/efflux:3
GCF_026428335.1_panelcluster_15457	GCF_026428335.1	multi_hit	c_000000000001	1255078	1259847	4769	3	4	galT; hmgA; mhbl	Aromatics; Gallate; Gentisate	Gallate; Gentisate; Homogentisate	Oxygenase/dioxygenase:1; Hypothetical/accessory:1; Hydratase/dehydratase/isomerase:1; Transport/efflux:1
GCF_026428335.1_panelcluster_15466	GCF_026428335.1	multi_hit	c_000000000001	1851883	1860460	8577	3	8	benD; bphX3; xylQ	Aromatics; Benzoate; Catechol-meta	Benzoate; Biphenyl; Catechol-meta	Dehydrogenase/oxidoreductase:3; Hydrolase/decarboxylase/lyase:2; Accessory/other:2; Hydratase/dehydratase/isomerase:1
GCF_026428335.1_panelcluster_15477	GCF_026428335.1	multi_hit	c_000000000001	2560804	2568547	7743	3	6	acdB; aliA; paaH	Beta-oxidation; Phenylacetate	Beta-oxidation; Phenylacetate	Dehydrogenase/oxidoreductase:2; CoA ligase/synthetase:1; Accessory/other:1; Regulator:1; Hypothetical/accessory:1
GCF_026428335.1_panelcluster_15484	GCF_026428335.1	multi_hit	c_000000000001	2890795	2906455	15660	3	11	alkJ_adh; atdA1; hpcC	Alkanes; Aromatics	Aniline; Auxillary alkane pathway; Homoprotocatechuate	Dehydrogenase/oxidoreductase:4; Regulator:2; Accessory/other:2; Transport/efflux:1; Hypothetical/accessory:1; Hydratase/dehydratase/isomerase:1
GCF_026428335.1_panelcluster_15492	GCF_026428335.1	multi_hit	c_000000000001	3345786	3368579	22793	3	15	mdlD; pueA; pueB	Aromatics; Plastics	PU; Toluene	Accessory/other:8; Hypothetical/accessory:5; Dehydrogenase/oxidoreductase:1; Regulator:1
GCF_026428335.1_panelcluster_15511	GCF_026428335.1	multi_hit	c_000000000001	4667950	4681804	13854	3	11	BVMO; alkN_mcp	Alkanes	Hydrocarbon uptake; Subterminal oxidation	Hypothetical/accessory:5; Accessory/other:4; Dehydrogenase/oxidoreductase:1; Transport/efflux:1
GCF_026428335.1_panelcluster_15513	GCF_026428335.1	multi_hit	c_000000000001	4857729	4864857	7128	3	8	dszC; ssuD	Alkanes; Aromatics	Auxillary alkane pathway; Dibenzofuran	Oxygenase/dioxygenase:3; Regulator:2; Hypothetical/accessory:2; Accessory/other:1
GCF_026428335.1_panelcluster_15519	GCF_026428335.1	multi_hit	c_000000000001	5335491	5340365	4874	3	3	fadD; plaM9	Beta-oxidation; Plastics	Beta-oxidation; PBS/PBSA/PCL/PES/PHA/PLA	CoA ligase/synthetase:2; Accessory/other:1
GCF_026428335.1_panelcluster_15530	GCF_026428335.1	multi_hit	c_000000000001	6058188	6065266	7078	3	7	alkN_mcp; pcaG; pcaH	Alkanes; Protocatechuate	Hydrocarbon uptake; Protocatechuate	Hypothetical/accessory:2; Oxygenase/dioxygenase:2; Transport/efflux:1; Dehydrogenase/oxidoreductase:1; Regulator:1
GCF_026428335.1_panelcluster_15535	GCF_026428335.1	multi_hit	c_000000000001	6347232	6354403	7171	3	4	acdB	Beta-oxidation	Beta-oxidation	Dehydrogenase/oxidoreductase:3; Hypothetical/accessory:1
GCF_026428335.1_panelcluster_15539	GCF_026428335.1	multi_hit	c_000000000001	6622681	6635599	12918	3	13	atdA1; galP; ssuD	Alkanes; Aromatics; Gallate	Aniline; Auxillary alkane pathway; Gallate	Accessory/other:6; Hypothetical/accessory:2; Transport/efflux:2; Hydrolase/decarboxylase/lyase:1; Oxygenase/dioxygenase:1; Dehydrogenase/oxidoreductase:1
GCF_029269135.1_panelcluster_15546	GCF_029269135.1	multi_hit	c_000000000001	427370	429171	1801	3	3	rdx; rdxR	Alkanes	Terminal/biterminal oxidation	Electron transfer/redox:3
GCF_029269135.1_panelcluster_15578	GCF_029269135.1	multi_hit	c_000000000010	282066	284142	2076	3	3	mlaD; mlaE; mlaF	Transportation	Transportation	Transport/efflux:3
GCF_029269135.1_panelcluster_15580	GCF_029269135.1	multi_hit	c_000000000010	361460	373675	12215	3	9	amnC; lpdB	Aromatics; Tannin	2-Aminophenol; Tannin	Accessory/other:4; Regulator:2; Dehydrogenase/oxidoreductase:2; Hydrolase/decarboxylase/lyase:1
GCF_029269135.1_panelcluster_15585	GCF_029269135.1	multi_hit	c_000000000011	304284	311643	7359	3	4	acdB	Beta-oxidation	Beta-oxidation	Dehydrogenase/oxidoreductase:3; Hypothetical/accessory:1
GCF_029269135.1_panelcluster_15592	GCF_029269135.1	multi_hit	c_000000000012	279468	288680	9212	3	9	acdA; hmgL; nagR	Beta-oxidation; Cyclohexylacetate; Naphthalene	Beta-oxidation; Cyclohexylacetate; Naphthalene	Carboxylase:2; Hypothetical/accessory:2; Hydrolase/decarboxylase/lyase:1; Hydratase/dehydratase/isomerase:1; Dehydrogenase/oxidoreductase:1; Regulator:1; Accessory/other:1
GCF_029269135.1_panelcluster_15593	GCF_029269135.1	multi_hit	c_000000000013	812	16460	15648	3	17	BVMO; aliB; alkN_mcp	Alkanes; Beta-oxidation	Beta-oxidation; Hydrocarbon uptake; Subterminal oxidation	Accessory/other:7; Hypothetical/accessory:5; Dehydrogenase/oxidoreductase:3; Regulator:1; Oxygenase/dioxygenase:1
GCF_029269135.1_panelcluster_15602	GCF_029269135.1	multi_hit	c_000000000014	9347	24644	15297	3	13	acdA; crt; opdK	Beta-oxidation; Transportation	Beta-oxidation; Transportation	Hypothetical/accessory:6; Dehydrogenase/oxidoreductase:2; Accessory/other:2; Hydratase/dehydratase/isomerase:1; Regulator:1; Transport/efflux:1
GCF_029269135.1_panelcluster_15605	GCF_029269135.1	multi_hit	c_000000000015	102653	114179	11526	3	14	acdB; ahpF; nagR	Alkanes; Beta-oxidation; Naphthalene	Beta-oxidation; Finnerty pathway; Naphthalene	Hypothetical/accessory:7; Dehydrogenase/oxidoreductase:2; Hydrolase/decarboxylase/lyase:2; Accessory/other:1; Transport/efflux:1; Regulator:1
GCF_029269175.1_panelcluster_15613	GCF_029269175.1	multi_hit	c_000000000001	298631	303437	4806	3	4	galT; hmgA; mhbl	Aromatics; Gallate; Gentisate	Gallate; Gentisate; Homogentisate	Transport/efflux:1; Hydratase/dehydratase/isomerase:1; Hypothetical/accessory:1; Oxygenase/dioxygenase:1
GCF_029269175.1_panelcluster_15617	GCF_029269175.1	multi_hit	c_000000000001	440567	442640	2073	3	3	mlaD; mlaE; mlaF	Transportation	Transportation	Transport/efflux:3
GCF_029269175.1_panelcluster_15618	GCF_029269175.1	multi_hit	c_000000000001	467675	478408	10733	3	9	amdA; pcaC; pegC	Plastics; Protocatechuate	PEG; PU; Protocatechuate	Accessory/other:3; Hypothetical/accessory:3; Hydratase/dehydratase/isomerase:1; Transport/efflux:1; Dehydrogenase/oxidoreductase:1
GCF_029269175.1_panelcluster_15637	GCF_029269175.1	multi_hit	c_000000000009	64032	71235	7203	3	4	acdB	Beta-oxidation	Beta-oxidation	Dehydrogenase/oxidoreductase:3; Hypothetical/accessory:1
GCF_029269175.1_panelcluster_15664	GCF_029269175.1	multi_hit	c_000000000023	488834	492667	3833	3	3	dszC; ladA	Alkanes; Aromatics	Dibenzofuran; Terminal/biterminal oxidation	Accessory/other:2; Oxygenase/dioxygenase:1
GCF_029269175.1_panelcluster_15683	GCF_029269175.1	multi_hit	c_000000000043	382681	387607	4926	3	3	fadD; plaM9	Beta-oxidation; Plastics	Beta-oxidation; PBS/PBSA/PCL/PES/PHA/PLA	CoA ligase/synthetase:2; Accessory/other:1
GCF_029269175.1_panelcluster_15702	GCF_029269175.1	multi_hit	c_000000000047	130262	149666	19404	3	16	amnC; fadK; lpdB	Aromatics; Beta-oxidation; Tannin	2-Aminophenol; Beta-oxidation; Tannin	Accessory/other:5; Hypothetical/accessory:3; Regulator:2; Hydrolase/decarboxylase/lyase:2; CoA ligase/synthetase:1; Mobile/stress/accessory:1; Transport/efflux:1; Dehydrogenase/oxidoreductase:1
GCF_029269195.1_panelcluster_15709	GCF_029269195.1	multi_hit	c_000000000001	388978	398711	9733	3	10	atdA1; galP; ssuD	Alkanes; Aromatics; Gallate	Aniline; Auxillary alkane pathway; Gallate	Accessory/other:4; Transport/efflux:2; Hypothetical/accessory:2; Dehydrogenase/oxidoreductase:1; Oxygenase/dioxygenase:1
GCF_029269195.1_panelcluster_15713	GCF_029269195.1	multi_hit	c_000000000002	12824	24762	11938	3	11	chcB1; fadA; fadJ	Beta-oxidation; Catechol-ortho; Cyclohexanecarboxylate	Beta-oxidation; Catechol-ortho; Cyclohexanecarboxylate	Hypothetical/accessory:4; Accessory/other:3; Thiolase/transferase:2; Transport/efflux:1; Hydratase/dehydratase/isomerase:1
GCF_029269195.1_panelcluster_15717	GCF_029269195.1	multi_hit	c_000000000003	16415	18488	2073	3	3	mlaD; mlaE; mlaF	Transportation	Transportation	Transport/efflux:3
GCF_029269195.1_panelcluster_15721	GCF_029269195.1	multi_hit	c_000000000004	112721	117633	4912	3	3	fadD; plaM9	Beta-oxidation; Plastics	Beta-oxidation; PBS/PBSA/PCL/PES/PHA/PLA	CoA ligase/synthetase:2; Accessory/other:1
GCF_029269195.1_panelcluster_15722	GCF_029269195.1	multi_hit	c_000000000005	76713	82257	5544	3	7	chcB1; hpcH; xylC	Aromatics; Cyclohexanecarboxylate	Cyclohexanecarboxylate; Homoprotocatechuate; Toluene	Dehydrogenase/oxidoreductase:2; Accessory/other:2; Hydrolase/decarboxylase/lyase:1; Hypothetical/accessory:1; Transport/efflux:1
GCF_029269195.1_panelcluster_15724	GCF_029269195.1	multi_hit	c_000000000006	93428	100520	7092	3	4	acdB	Beta-oxidation	Beta-oxidation	Dehydrogenase/oxidoreductase:3; Hypothetical/accessory:1
GCF_029269195.1_panelcluster_15737	GCF_029269195.1	multi_hit	c_000000000016	6197	10007	3810	3	3	dszC; ladA	Alkanes; Aromatics	Dibenzofuran; Terminal/biterminal oxidation	Accessory/other:2; Oxygenase/dioxygenase:1
GCF_029269195.1_panelcluster_15745	GCF_029269195.1	multi_hit	c_000000000021	10160	17107	6947	3	5	alkN_mcp; galD; opdK	Alkanes; Gallate; Transportation	Gallate; Hydrocarbon uptake; Transportation	Transport/efflux:3; Accessory/other:1; Hydratase/dehydratase/isomerase:1
GCF_029269195.1_panelcluster_15783	GCF_029269195.1	multi_hit	c_000000000067	68256	72961	4705	3	4	galT; hmgA; mhbl	Aromatics; Gallate; Gentisate	Gallate; Gentisate; Homogentisate	Transport/efflux:1; Hydratase/dehydratase/isomerase:1; Hypothetical/accessory:1; Oxygenase/dioxygenase:1
GCF_029269225.1_panelcluster_15797	GCF_029269225.1	multi_hit	c_000000000001	259646	269253	9607	3	10	atdA1; opdK; ssuD	Alkanes; Aromatics; Transportation	Aniline; Auxillary alkane pathway; Transportation	Accessory/other:4; Transport/efflux:2; Hypothetical/accessory:2; Dehydrogenase/oxidoreductase:1; Oxygenase/dioxygenase:1
GCF_029269225.1_panelcluster_15804	GCF_029269225.1	multi_hit	c_000000000002	119089	128199	9110	3	9	alkJ_adh; pcaG; pcaH	Alkanes; Protocatechuate	Auxillary alkane pathway; Protocatechuate	Dehydrogenase/oxidoreductase:2; Hypothetical/accessory:2; Regulator:2; Oxygenase/dioxygenase:2; Mobile/stress/accessory:1
GCF_029269225.1_panelcluster_15808	GCF_029269225.1	multi_hit	c_000000000019	74952	82012	7060	3	4	acdB	Beta-oxidation	Beta-oxidation	Dehydrogenase/oxidoreductase:3; Hypothetical/accessory:1
GCF_029269225.1_panelcluster_15822	GCF_029269225.1	multi_hit	c_000000000025	21417	34393	12976	3	13	mpdC; nagR; pobA	Alkenes; Aromatics; Naphthalene	2-methylpropene; Naphthalene; Toluene	Hypothetical/accessory:4; Regulator:3; Accessory/other:2; Transport/efflux:1; Dehydrogenase/oxidoreductase:1; Carboxylase:1; Oxygenase/dioxygenase:1
GCF_029269225.1_panelcluster_15830	GCF_029269225.1	multi_hit	c_000000000027	308458	313376	4918	3	3	fadD; plaM9	Beta-oxidation; Plastics	Beta-oxidation; PBS/PBSA/PCL/PES/PHA/PLA	CoA ligase/synthetase:2; Accessory/other:1
GCF_029269225.1_panelcluster_15854	GCF_029269225.1	multi_hit	c_000000000041	4880	26962	22082	3	18	alkH_ald; mpdC; nylA	Alkanes; Alkenes; Plastics	2-methylpropene; Auxillary alkane pathway; Nylon	Hypothetical/accessory:8; Dehydrogenase/oxidoreductase:3; Accessory/other:3; CoA ligase/synthetase:1; Hydratase/dehydratase/isomerase:1; Regulator:1; Hydrolase/decarboxylase/lyase:1
GCF_029269225.1_panelcluster_15867	GCF_029269225.1	multi_hit	c_000000000049	187374	189447	2073	3	3	mlaD; mlaE; mlaF	Transportation	Transportation	Transport/efflux:3
GCF_029269225.1_panelcluster_15893	GCF_029269225.1	multi_hit	c_000000000075	6488	16255	9767	3	8	acdB; aliA; paaH	Beta-oxidation; Phenylacetate	Beta-oxidation; Phenylacetate	Accessory/other:2; Regulator:2; Dehydrogenase/oxidoreductase:2; CoA ligase/synthetase:1; Hypothetical/accessory:1
GCF_029269255.1_panelcluster_15920	GCF_029269255.1	multi_hit	c_000000000013	42683	55176	12493	3	7	alkJ_adh; catR; mpdC	Alkanes; Alkenes; Catechol-ortho	2-methylpropene; Auxillary alkane pathway; Catechol-ortho	Accessory/other:4; Dehydrogenase/oxidoreductase:2; Regulator:1
GCF_029269255.1_panelcluster_15933	GCF_029269255.1	multi_hit	c_000000000019	86261	88352	2091	3	3	mlaD; mlaE; mlaF	Transportation	Transportation	Transport/efflux:3
GCF_029269255.1_panelcluster_15941	GCF_029269255.1	multi_hit	c_000000000024	72951	77469	4518	3	4	alkN_mcp; pcaG; pcaH	Alkanes; Protocatechuate	Hydrocarbon uptake; Protocatechuate	Oxygenase/dioxygenase:2; Hypothetical/accessory:1; Accessory/other:1
GCF_029269255.1_panelcluster_15943	GCF_029269255.1	multi_hit	c_000000000026	6344	14834	8490	3	5	acdB; aliA; alkN_mcp	Alkanes; Beta-oxidation	Beta-oxidation; Hydrocarbon uptake	Hypothetical/accessory:2; CoA ligase/synthetase:1; Dehydrogenase/oxidoreductase:1; Accessory/other:1
GCF_029269255.1_panelcluster_15965	GCF_029269255.1	multi_hit	c_000000000043	47001	51882	4881	3	3	fadD; plaM9	Beta-oxidation; Plastics	Beta-oxidation; PBS/PBSA/PCL/PES/PHA/PLA	CoA ligase/synthetase:2; Accessory/other:1
GCF_029269255.1_panelcluster_15971	GCF_029269255.1	multi_hit	c_000000000046	29247	39041	9794	3	9	hmgL; ladA; pobA	Alkanes; Aromatics; Cyclohexylacetate	Cyclohexylacetate; Terminal/biterminal oxidation; Toluene	Hydrolase/decarboxylase/lyase:3; Regulator:3; Oxygenase/dioxygenase:2; Hypothetical/accessory:1
GCF_029269255.1_panelcluster_15974	GCF_029269255.1	multi_hit	c_000000000054	35354	43237	7883	3	7	ahpC; ahpF; nagR	Alkanes; Naphthalene	Finnerty pathway; Naphthalene	Dehydrogenase/oxidoreductase:3; Accessory/other:2; Hypothetical/accessory:2
GCF_029269255.1_panelcluster_15982	GCF_029269255.1	multi_hit	c_000000000066	5129	18164	13035	3	11	alkN_mcp; mpdC; pchA	Alkanes; Alkenes; Aromatics	2-methylpropene; Hydrocarbon uptake; Toluene	Dehydrogenase/oxidoreductase:5; Hypothetical/accessory:2; Accessory/other:2; Hydrolase/decarboxylase/lyase:1; Regulator:1
GCF_029269265.1_panelcluster_15996	GCF_029269265.1	multi_hit	c_000000000001	210800	212853	2053	3	3	mlaD; mlaE; mlaF	Transportation	Transportation	Transport/efflux:3
GCF_029269265.1_panelcluster_16002	GCF_029269265.1	multi_hit	c_000000000001	756524	760114	3590	3	3	pqiA; pqiB; pqiC	Transportation	Transportation	Transport/efflux:3
GCF_029269265.1_panelcluster_16020	GCF_029269265.1	multi_hit	c_000000000018	423888	438739	14851	3	13	hmgL; pchA; uctC	Aromatics; Cyclohexylacetate; Oxalate	Cyclohexylacetate; Oxalate; Toluene	Hypothetical/accessory:4; Dehydrogenase/oxidoreductase:3; Accessory/other:2; Hydrolase/decarboxylase/lyase:1; Thiolase/transferase:1; Hydratase/dehydratase/isomerase:1; Regulator:1
GCF_029269295.1_panelcluster_16055	GCF_029269295.1	multi_hit	c_000000000013	16016	21033	5017	3	3	nagF; nagR; nahG	Aromatics; Naphthalene	Naphthalene	Dehydrogenase/oxidoreductase:1; Oxygenase/dioxygenase:1; Accessory/other:1
GCF_029269295.1_panelcluster_16066	GCF_029269295.1	multi_hit	c_000000000030	111664	114398	2734	3	3	mhpF; tphA1I; xylK	Aromatics; Catechol-meta	Catechol-meta; Terephthalate	Dehydrogenase/oxidoreductase:2; Hydrolase/decarboxylase/lyase:1
GCF_029269295.1_panelcluster_16067	GCF_029269295.1	multi_hit	c_000000000031	41672	46588	4916	3	3	fadD; plaM9	Beta-oxidation; Plastics	Beta-oxidation; PBS/PBSA/PCL/PES/PHA/PLA	CoA ligase/synthetase:2; Accessory/other:1
GCF_029269295.1_panelcluster_16081	GCF_029269295.1	multi_hit	c_000000000038	49615	58233	8618	3	6	chcC2; hpcC	Aromatics; Cyclohexanecarboxylate	Cyclohexanecarboxylate; Homoprotocatechuate	Dehydrogenase/oxidoreductase:3; Regulator:2; Hypothetical/accessory:1
GCF_029269295.1_panelcluster_16098	GCF_029269295.1	multi_hit	c_000000000050	44761	51827	7066	3	4	acdB	Beta-oxidation	Beta-oxidation	Dehydrogenase/oxidoreductase:3; Hypothetical/accessory:1
GCF_029269295.1_panelcluster_16119	GCF_029269295.1	multi_hit	c_000000000067	170230	172303	2073	3	3	mlaD; mlaE; mlaF	Transportation	Transportation	Transport/efflux:3
GCF_029269295.1_panelcluster_16143	GCF_029269295.1	multi_hit	c_000000000108	713	3906	3193	3	3	opdK; pcaK; xylK	Catechol-meta; Transportation	Catechol-meta; Transportation	Transport/efflux:2; Hydrolase/decarboxylase/lyase:1
GCF_031600295.1_panelcluster_16169	GCF_031600295.1	multi_hit	c_000000000001	1338726	1349272	10546	3	9	paaK; pimC/aabA; pimD	Cyclohexanecarboxylate; Phenylacetate	Cyclohexanecarboxylate; Phenylacetate	CoA ligase/synthetase:2; Transport/efflux:2; Hypothetical/accessory:2; Dehydrogenase/oxidoreductase:2; Accessory/other:1
GCF_031600295.1_panelcluster_16170	GCF_031600295.1	multi_hit	c_000000000001	1540515	1556904	16389	3	12	NFA_28320; atdA1; fadD	Aromatics; Beta-oxidation; Plastics	Aniline; Beta-oxidation; Nylon	Accessory/other:4; Hypothetical/accessory:4; Hydrolase/decarboxylase/lyase:2; Hydratase/dehydratase/isomerase:1; CoA ligase/synthetase:1
GCF_031600295.1_panelcluster_16179	GCF_031600295.1	multi_hit	c_000000000001	1900474	1904380	3906	3	3	pimC/aabA; pimD	Cyclohexanecarboxylate	Cyclohexanecarboxylate	Dehydrogenase/oxidoreductase:3
GCF_031600295.1_panelcluster_16181	GCF_031600295.1	multi_hit	c_000000000001	1960958	1967615	6657	3	6	crt; fadK; paaG	Beta-oxidation; Phenylacetate	Beta-oxidation; Phenylacetate	Hydratase/dehydratase/isomerase:2; Hypothetical/accessory:2; Dehydrogenase/oxidoreductase:1; CoA ligase/synthetase:1
GCF_031600295.1_panelcluster_16188	GCF_031600295.1	multi_hit	c_000000000001	2601806	2606664	4858	3	4	acdA; acsA; atoB	Beta-oxidation	Beta-oxidation	Dehydrogenase/oxidoreductase:2; Accessory/other:1; Thiolase/transferase:1
GCF_031600295.1_panelcluster_16209	GCF_031600295.1	multi_hit	c_000000000001	4460974	4473213	12239	3	8	NFA_28320; carAc; mlaF	Aromatics; Plastics; Transportation	Carbazol; Nylon; Transportation	Hypothetical/accessory:5; Electron transfer/redox:1; Accessory/other:1; Transport/efflux:1
GCF_031600295.1_panelcluster_16212	GCF_031600295.1	multi_hit	c_000000000001	4691330	4702829	11499	3	11	atoA; nbaA; pcaI	Aromatics; Catechol-ortho; Cyclohexylacetate	2-Nitrobenzoate; Catechol-ortho; Cyclohexylacetate	Hypothetical/accessory:4; Transport/efflux:4; Thiolase/transferase:2; Accessory/other:1
GCF_031600295.1_panelcluster_16222	GCF_031600295.1	multi_hit	c_000000000001	5292306	5298767	6461	3	7	galA; galC; galD	Gallate	Gallate	Hydrolase/decarboxylase/lyase:2; Oxygenase/dioxygenase:2; Accessory/other:1; Hydratase/dehydratase/isomerase:1; Hypothetical/accessory:1
GCF_040170545.1_panelcluster_16227	GCF_040170545.1	multi_hit	c_000000000027	3626	12508	8882	3	9	fadK; pimC/aabA; pimD	Beta-oxidation; Cyclohexanecarboxylate	Beta-oxidation; Cyclohexanecarboxylate	Hypothetical/accessory:4; Dehydrogenase/oxidoreductase:3; Electron transfer/redox:1; CoA ligase/synthetase:1
GCF_040170545.1_panelcluster_16228	GCF_040170545.1	multi_hit	c_000000000029	22127	36206	14079	3	13	acdB; phaZ3; xylB	Aromatics; Beta-oxidation; Plastics	Beta-oxidation; PHA/PHB; Toluene	Hypothetical/accessory:6; Dehydrogenase/oxidoreductase:3; Accessory/other:3; Hydrolase/decarboxylase/lyase:1
GCF_040170545.1_panelcluster_16230	GCF_040170545.1	multi_hit	c_000000000029	84425	90285	5860	3	6	acdA; atoB; paaG	Beta-oxidation; Phenylacetate	Beta-oxidation; Phenylacetate	Dehydrogenase/oxidoreductase:2; Regulator:2; Hydratase/dehydratase/isomerase:1; Thiolase/transferase:1
GCF_040170545.1_panelcluster_16238	GCF_040170545.1	multi_hit	c_000000000033	852	15846	14994	3	13	alkJ_adh; badH; chcB1	Alkanes; Beta-oxidation; Cyclohexanecarboxylate	Auxillary alkane pathway; Beta-oxidation; Cyclohexanecarboxylate	Dehydrogenase/oxidoreductase:6; Hypothetical/accessory:4; Oxygenase/dioxygenase:2; Transport/efflux:1
GCF_040170545.1_panelcluster_16247	GCF_040170545.1	multi_hit	c_000000000049	54134	59740	5606	3	4	galT; sdgB; xylC	Aromatics; Gallate	Gallate; Salicylate; Toluene	Transport/efflux:1; CoA ligase/synthetase:1; Hypothetical/accessory:1; Dehydrogenase/oxidoreductase:1
GCF_040170545.1_panelcluster_16250	GCF_040170545.1	multi_hit	c_000000000049	153087	164179	11092	3	12	PGRcl; hbd; xecD	Alkenes; Plastics; Pyrogallol	P3HV/PHA/PHBV; Propene; Pyrogallol	Dehydrogenase/oxidoreductase:3; Accessory/other:3; Hydratase/dehydratase/isomerase:2; Hypothetical/accessory:2; Regulator:1; Hydrolase/decarboxylase/lyase:1
GCF_040170545.1_panelcluster_16271	GCF_040170545.1	multi_hit	c_000000000097	765	6907	6142	3	3	CYP450; alkS; chcAb	Alkanes; Cyclohexanecarboxylate	Auxillary alkane pathway; Cyclohexanecarboxylate; Terminal/biterminal oxidation	Dehydrogenase/oxidoreductase:1; Oxygenase/dioxygenase:1; Regulator:1
GCF_040170545.1_panelcluster_16276	GCF_040170545.1	multi_hit	c_000000000118	10180	21103	10923	3	12	ahpC; ahpF; chcAb	Alkanes; Cyclohexanecarboxylate	Cyclohexanecarboxylate; Finnerty pathway	Hypothetical/accessory:4; Accessory/other:4; Dehydrogenase/oxidoreductase:2; Electron transfer/redox:1; Regulator:1
GCF_041920355.1_panelcluster_16281	GCF_041920355.1	multi_hit	c_000000000010	27206	52355	25149	3	16	catR; est; xylC	Aromatics; Catechol-ortho; Plastics	Catechol-ortho; PBAT; Toluene	Accessory/other:7; Transport/efflux:3; Hypothetical/accessory:3; Dehydrogenase/oxidoreductase:1; Electron transfer/redox:1; Regulator:1
GCF_041920355.1_panelcluster_16301	GCF_041920355.1	multi_hit	c_000000000039	89869	101207	11338	3	12	fadB2; fadD; ssuD	Alkanes; Beta-oxidation	Auxillary alkane pathway; Beta-oxidation	Accessory/other:5; CoA ligase/synthetase:1; Regulator:1; Hydratase/dehydratase/isomerase:1; Electron transfer/redox:1; Transport/efflux:1; Dehydrogenase/oxidoreductase:1; Oxygenase/dioxygenase:1
GCF_041920355.1_panelcluster_16304	GCF_041920355.1	multi_hit	c_000000000040	21048	26634	5586	3	5	chnA; fadD; todD	Alkanes; Aromatics; Beta-oxidation	Beta-oxidation; Terminal/biterminal oxidation; Toluene	Dehydrogenase/oxidoreductase:4; CoA ligase/synthetase:1
GCF_041920355.1_panelcluster_16317	GCF_041920355.1	multi_hit	c_000000000051	202197	204630	2433	3	3	chcB2; paaG; xylL	Aromatics; Cyclohexanecarboxylate; Phenylacetate	Benzene; Cyclohexanecarboxylate; Phenylacetate	Dehydrogenase/oxidoreductase:2; Hydratase/dehydratase/isomerase:1
GCF_041920365.1_panelcluster_16320	GCF_041920365.1	multi_hit	c_000000000036	19749	30427	10678	3	10	ahpC; ahpF; paaY	Alkanes; Phenylacetate	Finnerty pathway; Phenylacetate	Accessory/other:5; Hypothetical/accessory:2; Dehydrogenase/oxidoreductase:2; Transport/efflux:1
GCF_041920375.1_panelcluster_16362	GCF_041920375.1	multi_hit	c_000000000051	3708	17655	13947	3	9	ladA; phdK	Alkanes; Aromatics	Terminal/biterminal oxidation; p-Cumate	Transport/efflux:3; Oxygenase/dioxygenase:2; Dehydrogenase/oxidoreductase:2; Regulator:1; Accessory/other:1
GCF_041920375.1_panelcluster_16370	GCF_041920375.1	multi_hit	c_000000000096	21642	29097	7455	3	6	ahpC; ahpF; fadB2	Alkanes; Beta-oxidation	Beta-oxidation; Finnerty pathway	Dehydrogenase/oxidoreductase:3; Hydratase/dehydratase/isomerase:1; Hypothetical/accessory:1; Regulator:1
GCF_041920425.1_panelcluster_16387	GCF_041920425.1	multi_hit	c_000000000107	4181	12550	8369	3	8	atoB; fadD; hbd	Beta-oxidation; Plastics	Beta-oxidation; P3HV/PHA/PHBV	Transport/efflux:2; Hypothetical/accessory:2; CoA ligase/synthetase:1; Accessory/other:1; Thiolase/transferase:1; Dehydrogenase/oxidoreductase:1
GCF_041920425.1_panelcluster_16389	GCF_041920425.1	multi_hit	c_000000000110	25613	29752	4139	3	5	aliB; paaG; paaH	Beta-oxidation; Phenylacetate	Beta-oxidation; Phenylacetate	Dehydrogenase/oxidoreductase:2; Hypothetical/accessory:1; Accessory/other:1; Hydratase/dehydratase/isomerase:1
GCF_041920425.1_panelcluster_16405	GCF_041920425.1	multi_hit	c_000000000171	74315	81680	7365	3	8	AAE3; paaA; paaD	Oxalate; Phenylacetate	Oxalate; Phenylacetate	Accessory/other:4; Hypothetical/accessory:2; Dehydrogenase/oxidoreductase:1; CoA ligase/synthetase:1
GCF_041920455.1_panelcluster_16430	GCF_041920455.1	multi_hit	c_000000000085	44563	50072	5509	3	5	chcB2; chnA; fadD	Alkanes; Beta-oxidation; Cyclohexanecarboxylate	Beta-oxidation; Cyclohexanecarboxylate; Terminal/biterminal oxidation	Dehydrogenase/oxidoreductase:3; CoA ligase/synthetase:1; Accessory/other:1
GCF_041920455.1_panelcluster_16436	GCF_041920455.1	multi_hit	c_000000000127	4263	7843	3580	3	3	crt; pimC/aabA; yfdE	Beta-oxidation; Cyclohexanecarboxylate; Oxalate	Beta-oxidation; Cyclohexanecarboxylate; Oxalate	Dehydrogenase/oxidoreductase:1; Hydratase/dehydratase/isomerase:1; Thiolase/transferase:1
GCF_041920485.1_panelcluster_16456	GCF_041920485.1	multi_hit	c_000000000068	55420	65629	10209	3	11	fadB2; fadD; ssuD	Alkanes; Beta-oxidation	Auxillary alkane pathway; Beta-oxidation	Accessory/other:3; CoA ligase/synthetase:1; Regulator:1; Hydratase/dehydratase/isomerase:1; Electron transfer/redox:1; Dehydrogenase/oxidoreductase:1; Transport/efflux:1; Hypothetical/accessory:1; Oxygenase/dioxygenase:1
GCF_041920485.1_panelcluster_16466	GCF_041920485.1	multi_hit	c_000000000102	16945	43118	26173	3	22	abmG1; acsA	Aromatics; Beta-oxidation	Anthranilate; Beta-oxidation	Accessory/other:16; Hypothetical/accessory:4; Dehydrogenase/oxidoreductase:1; Regulator:1
GCF_041920485.1_panelcluster_16479	GCF_041920485.1	multi_hit	c_000000000147	15690	18173	2483	3	3	benD-xylL; chcB2; paaG	Benzoate; Cyclohexanecarboxylate; Phenylacetate	Benzoate; Cyclohexanecarboxylate; Phenylacetate	Dehydrogenase/oxidoreductase:2; Hydratase/dehydratase/isomerase:1
GCF_051450025.1_panelcluster_16493	GCF_051450025.1	multi_hit	c_000000000004	47001	51882	4881	3	3	fadD; plaM9	Beta-oxidation; Plastics	Beta-oxidation; PBS/PBSA/PCL/PES/PHA/PLA	CoA ligase/synthetase:2; Accessory/other:1
GCF_051450025.1_panelcluster_16497	GCF_051450025.1	multi_hit	c_000000000005	35354	43237	7883	3	7	ahpC; ahpF; nagR	Alkanes; Naphthalene	Finnerty pathway; Naphthalene	Dehydrogenase/oxidoreductase:3; Accessory/other:2; Hypothetical/accessory:2
GCF_051450025.1_panelcluster_16513	GCF_051450025.1	multi_hit	c_000000000012	42683	55176	12493	3	7	alkJ_adh; catR; mpdC	Alkanes; Alkenes; Catechol-ortho	2-methylpropene; Auxillary alkane pathway; Catechol-ortho	Accessory/other:4; Dehydrogenase/oxidoreductase:2; Regulator:1
GCF_051450025.1_panelcluster_16526	GCF_051450025.1	multi_hit	c_000000000018	86261	88352	2091	3	3	mlaD; mlaE; mlaF	Transportation	Transportation	Transport/efflux:3
GCF_051450025.1_panelcluster_16533	GCF_051450025.1	multi_hit	c_000000000022	72951	77469	4518	3	4	alkN_mcp; pcaG; pcaH	Alkanes; Protocatechuate	Hydrocarbon uptake; Protocatechuate	Oxygenase/dioxygenase:2; Hypothetical/accessory:1; Accessory/other:1
GCF_051450025.1_panelcluster_16535	GCF_051450025.1	multi_hit	c_000000000024	6344	14834	8490	3	5	acdB; aliA; alkN_mcp	Alkanes; Beta-oxidation	Beta-oxidation; Hydrocarbon uptake	Hypothetical/accessory:2; CoA ligase/synthetase:1; Dehydrogenase/oxidoreductase:1; Accessory/other:1
GCF_051450025.1_panelcluster_16554	GCF_051450025.1	multi_hit	c_000000000042	29247	39041	9794	3	9	hmgL; ladA; pobA	Alkanes; Aromatics; Cyclohexylacetate	Cyclohexylacetate; Terminal/biterminal oxidation; Toluene	Hydrolase/decarboxylase/lyase:3; Regulator:3; Oxygenase/dioxygenase:2; Hypothetical/accessory:1
GCF_051450025.1_panelcluster_16562	GCF_051450025.1	multi_hit	c_000000000060	5129	18164	13035	3	11	alkN_mcp; mpdC; pchA	Alkanes; Alkenes; Aromatics	2-methylpropene; Hydrocarbon uptake; Toluene	Dehydrogenase/oxidoreductase:5; Accessory/other:3; Hypothetical/accessory:2; Regulator:1
GROW_101_consensus_panelcluster_16585	GROW_101_consensus	multi_hit	1	1070569	1075304	4735	3	4	galT; hmgA; mhbl	Aromatics; Gallate; Gentisate	Gallate; Gentisate; Homogentisate	Oxygenase/dioxygenase:1; Hypothetical/accessory:1; Hydratase/dehydratase/isomerase:1; Transport/efflux:1
GROW_101_consensus_panelcluster_16595	GROW_101_consensus	multi_hit	1	1589238	1602560	13322	3	13	mpdC; nagR; pobA	Alkenes; Aromatics; Naphthalene	2-methylpropene; Naphthalene; Toluene	Hypothetical/accessory:4; Regulator:3; Accessory/other:2; Transport/efflux:1; Dehydrogenase/oxidoreductase:1; Carboxylase:1; Oxygenase/dioxygenase:1
GROW_101_consensus_panelcluster_16604	GROW_101_consensus	multi_hit	1	2126524	2130100	3576	3	3	aabB; aabC; uctC	Cyclohexanecarboxylate; Oxalate	Cyclohexanecarboxylate; Oxalate	Hydratase/dehydratase/isomerase:1; Accessory/other:1; Thiolase/transferase:1
GROW_101_consensus_panelcluster_16608	GROW_101_consensus	multi_hit	1	2391281	2404714	13433	3	12	acsA; amdA; pchA	Aromatics; Beta-oxidation; Plastics	Beta-oxidation; PU; Toluene	Accessory/other:3; Hypothetical/accessory:3; Hydratase/dehydratase/isomerase:3; Regulator:2; Dehydrogenase/oxidoreductase:1
GROW_101_consensus_panelcluster_16611	GROW_101_consensus	multi_hit	1	2603946	2624603	20657	3	19	NFA_28320; opdK; paaG	Phenylacetate; Plastics; Transportation	Nylon; Phenylacetate; Transportation	Transport/efflux:4; Hypothetical/accessory:4; Regulator:4; Accessory/other:3; Hydratase/dehydratase/isomerase:2; Hydrolase/decarboxylase/lyase:1; Dehydrogenase/oxidoreductase:1
GROW_101_consensus_panelcluster_16621	GROW_101_consensus	multi_hit	1	3143962	3160552	16590	3	13	alkN_mcp; bphG; nahW	Alkanes; Aromatics	Biphenyl; Hydrocarbon uptake; Salicylate	Oxygenase/dioxygenase:3; Regulator:2; Dehydrogenase/oxidoreductase:2; Accessory/other:2; Hydrolase/decarboxylase/lyase:1; Electron transfer/redox:1; Hypothetical/accessory:1; Transport/efflux:1
GROW_101_consensus_panelcluster_16634	GROW_101_consensus	multi_hit	1	3773068	3783968	10900	3	11	catR; hapE; opdK	Catechol-ortho; Hydroquinone; Transportation	Catechol-ortho; Hydroquinone; Transportation	Hypothetical/accessory:3; Transport/efflux:2; Regulator:2; Dehydrogenase/oxidoreductase:2; Hydrolase/decarboxylase/lyase:1; Accessory/other:1
GROW_101_consensus_panelcluster_16647	GROW_101_consensus	multi_hit	1	4370258	4380769	10511	3	10	catR; ladA; xecE1	Alkanes; Alkenes; Catechol-ortho	Catechol-ortho; Propene; Terminal/biterminal oxidation	Hypothetical/accessory:3; Dehydrogenase/oxidoreductase:2; Accessory/other:2; Regulator:1; Transport/efflux:1; Oxygenase/dioxygenase:1
GROW_101_consensus_panelcluster_16648	GROW_101_consensus	multi_hit	1	4421266	4435691	14425	3	14	bphB; dszC; ladA	Alkanes; Aromatics	Biphenyl; Dibenzofuran; Terminal/biterminal oxidation	Accessory/other:7; Hypothetical/accessory:5; Oxygenase/dioxygenase:1; Transport/efflux:1
GROW_101_consensus_panelcluster_16661	GROW_101_consensus	multi_hit	1	5214066	5218977	4911	3	3	fadD; plaM9	Beta-oxidation; Plastics	Beta-oxidation; PBS/PBSA/PCL/PES/PHA/PLA	CoA ligase/synthetase:2; Accessory/other:1
GROW_101_consensus_panelcluster_16668	GROW_101_consensus	multi_hit	1	5721860	5723933	2073	3	3	mlaD; mlaE; mlaF	Transportation	Transportation	Transport/efflux:3
GROW_101_consensus_panelcluster_16675	GROW_101_consensus	multi_hit	1	6183583	6190658	7075	3	4	acdB	Beta-oxidation	Beta-oxidation	Dehydrogenase/oxidoreductase:3; Hypothetical/accessory:1
GROW_101_consensus_panelcluster_16679	GROW_101_consensus	multi_hit	1	6449158	6458798	9640	3	10	atdA1; opdK; ssuD	Alkanes; Aromatics; Transportation	Aniline; Auxillary alkane pathway; Transportation	Accessory/other:4; Hypothetical/accessory:2; Transport/efflux:2; Oxygenase/dioxygenase:1; Dehydrogenase/oxidoreductase:1
GROW_105_consensus_panelcluster_16685	GROW_105_consensus	multi_hit	1	212251	216067	3816	3	3	dszC; ladA	Alkanes; Aromatics	Dibenzofuran; Terminal/biterminal oxidation	Accessory/other:2; Oxygenase/dioxygenase:1
GROW_105_consensus_panelcluster_16687	GROW_105_consensus	multi_hit	1	273466	281571	8105	3	9	opdK; tphB; xylL	Aromatics; Transportation	Benzene; Terephthalate; Transportation	Transport/efflux:2; Accessory/other:2; Dehydrogenase/oxidoreductase:2; Hypothetical/accessory:2; Regulator:1
GROW_105_consensus_panelcluster_16691	GROW_105_consensus	multi_hit	1	440863	447415	6552	3	5	acdB; alkN_mcp	Alkanes; Beta-oxidation	Beta-oxidation; Hydrocarbon uptake	Hypothetical/accessory:3; Accessory/other:1; Dehydrogenase/oxidoreductase:1
GROW_105_consensus_panelcluster_16695	GROW_105_consensus	multi_hit	1	795430	798349	2919	3	3	antA; antB; antC	Aromatics	Anthranilate	Oxygenase/dioxygenase:3
GROW_105_consensus_panelcluster_16698	GROW_105_consensus	multi_hit	1	957960	968697	10737	3	9	amdA; pcaC; pchA	Aromatics; Plastics; Protocatechuate	PU; Protocatechuate; Toluene	Accessory/other:4; Hypothetical/accessory:2; Dehydrogenase/oxidoreductase:1; Transport/efflux:1; Hydratase/dehydratase/isomerase:1
GROW_105_consensus_panelcluster_16699	GROW_105_consensus	multi_hit	1	993902	995975	2073	3	3	mlaD; mlaE; mlaF	Transportation	Transportation	Transport/efflux:3
GROW_105_consensus_panelcluster_16724	GROW_105_consensus	multi_hit	1	2896900	2905253	8353	3	6	acdA; paaG; pegC	Beta-oxidation; Phenylacetate; Plastics	Beta-oxidation; PEG; Phenylacetate	Dehydrogenase/oxidoreductase:2; Hydratase/dehydratase/isomerase:1; CoA ligase/synthetase:1; Carboxylase:1; Accessory/other:1
GROW_105_consensus_panelcluster_16736	GROW_105_consensus	multi_hit	1	3559043	3562479	3436	3	3	chqB; hapE; macA	Hydroquinone; Hydroxyquinol	Hydroquinone; Hydroxyquinol	Dehydrogenase/oxidoreductase:2; Oxygenase/dioxygenase:1
GROW_105_consensus_panelcluster_16749	GROW_105_consensus	multi_hit	1	4188163	4209881	21718	3	18	NFA_28320; atdA1; nylA	Aromatics; Plastics	Aniline; Nylon	Accessory/other:6; Hypothetical/accessory:6; Dehydrogenase/oxidoreductase:3; Regulator:2; Transport/efflux:1
GROW_105_consensus_panelcluster_16754	GROW_105_consensus	multi_hit	1	4491586	4494179	2593	3	3	atoA; atoB; pcaI	Beta-oxidation; Catechol-ortho; Cyclohexylacetate	Beta-oxidation; Catechol-ortho; Cyclohexylacetate	Thiolase/transferase:3
GROW_105_consensus_panelcluster_16756	GROW_105_consensus	multi_hit	1	4583398	4587391	3993	3	4	chnE; hapE; pcaC	Alkanes; Hydroquinone; Protocatechuate	Hydroquinone; Protocatechuate; Terminal/biterminal oxidation	Dehydrogenase/oxidoreductase:2; Oxygenase/dioxygenase:1; Hypothetical/accessory:1
GROW_105_consensus_panelcluster_16772	GROW_105_consensus	multi_hit	1	5501237	5506243	5006	3	3	fadD; plaM9	Beta-oxidation; Plastics	Beta-oxidation; PBS/PBSA/PCL/PES/PHA/PLA	CoA ligase/synthetase:2; Accessory/other:1
GROW_105_consensus_panelcluster_16788	GROW_105_consensus	multi_hit	1	6353595	6360885	7290	3	4	acdB	Beta-oxidation	Beta-oxidation	Dehydrogenase/oxidoreductase:3; Hypothetical/accessory:1
GROW_113_consensus_panelcluster_16802	GROW_113_consensus	multi_hit	1	883876	886004	2128	3	3	mlaD; mlaE; mlaF	Transportation	Transportation	Transport/efflux:3
GROW_113_consensus_panelcluster_16814	GROW_113_consensus	multi_hit	1	2036938	2061765	24827	3	20	acdB; ahpC; chcB2	Alkanes; Beta-oxidation; Cyclohexanecarboxylate	Beta-oxidation; Cyclohexanecarboxylate; Finnerty pathway	Accessory/other:9; Hypothetical/accessory:6; Dehydrogenase/oxidoreductase:4; Mobile/stress/accessory:1
GROW_113_consensus_panelcluster_16827	GROW_113_consensus	multi_hit	1	3102978	3109189	6211	3	3	GMET_RS16560; alkN_mcp; subC	Alkanes; Beta-oxidation; Plastics	Beta-oxidation; Hydrocarbon uptake; PLA	Accessory/other:1; Hypothetical/accessory:1; Thiolase/transferase:1
GROW_115_consensus_panelcluster_16857	GROW_115_consensus	multi_hit	1	1245946	1272628	26682	3	22	hapE; pcaC; rdxR	Alkanes; Hydroquinone; Protocatechuate	Hydroquinone; Protocatechuate; Terminal/biterminal oxidation	Hypothetical/accessory:6; Accessory/other:6; Dehydrogenase/oxidoreductase:5; Transport/efflux:4; Regulator:1
GROW_115_consensus_panelcluster_16869	GROW_115_consensus	multi_hit	1	2065626	2070442	4816	3	6	ahpC; ahpF; chnA	Alkanes	Finnerty pathway; Terminal/biterminal oxidation	Dehydrogenase/oxidoreductase:3; Hypothetical/accessory:2; Accessory/other:1
GROW_115_consensus_panelcluster_16883	GROW_115_consensus	multi_hit	1	3086763	3102348	15585	3	11	acdB; mlaE; mlaF	Beta-oxidation; Transportation	Beta-oxidation; Transportation	Accessory/other:4; Transport/efflux:2; Hypothetical/accessory:2; Dehydrogenase/oxidoreductase:2; Hydrolase/decarboxylase/lyase:1
GROW_115_consensus_panelcluster_16891	GROW_115_consensus	multi_hit	2	5405	9022	3617	3	3	acdA; acsA; badK	Beta-oxidation; Cyclohexanecarboxylate	Beta-oxidation; Cyclohexanecarboxylate	Accessory/other:1; Dehydrogenase/oxidoreductase:1; Hydratase/dehydratase/isomerase:1
GROW_116_consensus_panelcluster_16905	GROW_116_consensus	multi_hit	1	3404984	3412012	7028	3	5	acdA; hmgL; paaE	Beta-oxidation; Cyclohexylacetate; Phenylacetate	Beta-oxidation; Cyclohexylacetate; Phenylacetate	Accessory/other:2; Hydrolase/decarboxylase/lyase:1; Dehydrogenase/oxidoreductase:1; Carboxylase:1
GROW_118_consensus_panelcluster_16928	GROW_118_consensus	multi_hit	1	3405000	3412028	7028	3	6	acdA; hmgL; paaE	Beta-oxidation; Cyclohexylacetate; Phenylacetate	Beta-oxidation; Cyclohexylacetate; Phenylacetate	Accessory/other:2; Hydrolase/decarboxylase/lyase:1; Dehydrogenase/oxidoreductase:1; Hypothetical/accessory:1; Carboxylase:1
GROW_123_consensus_panelcluster_16954	GROW_123_consensus	multi_hit	1	1042069	1044160	2091	3	3	mlaD; mlaE; mlaF	Transportation	Transportation	Transport/efflux:3
GROW_123_consensus_panelcluster_16975	GROW_123_consensus	multi_hit	1	2445751	2454057	8306	3	5	acdB; aliA; alkN_mcp	Alkanes; Beta-oxidation	Beta-oxidation; Hydrocarbon uptake	Hypothetical/accessory:2; Accessory/other:1; Dehydrogenase/oxidoreductase:1; CoA ligase/synthetase:1
GROW_123_consensus_panelcluster_16976	GROW_123_consensus	multi_hit	1	2471134	2486615	15481	3	14	hmgL; ladA; pobA	Alkanes; Aromatics; Cyclohexylacetate	Cyclohexylacetate; Terminal/biterminal oxidation; Toluene	Regulator:3; Hypothetical/accessory:3; Accessory/other:3; Hydrolase/decarboxylase/lyase:2; Oxygenase/dioxygenase:2; Transport/efflux:1
GROW_123_consensus_panelcluster_16983	GROW_123_consensus	multi_hit	1	3021157	3027399	6242	3	5	galT; opdK; pht2	Aromatics; Gallate; Transportation	Gallate; Phthalate; Transportation	Transport/efflux:2; Oxygenase/dioxygenase:1; Electron transfer/redox:1; Dehydrogenase/oxidoreductase:1
GROW_123_consensus_panelcluster_16987	GROW_123_consensus	multi_hit	1	3287876	3298011	10135	3	11	nagR; pcaI; pcaJ	Catechol-ortho; Naphthalene	Catechol-ortho; Naphthalene	Hypothetical/accessory:5; Accessory/other:3; Thiolase/transferase:2; Regulator:1
GROW_123_consensus_panelcluster_16994	GROW_123_consensus	multi_hit	1	3628396	3640360	11964	3	11	atoB; opdK; paaH	Beta-oxidation; Phenylacetate; Transportation	Beta-oxidation; Phenylacetate; Transportation	Regulator:5; Accessory/other:2; Thiolase/transferase:1; Dehydrogenase/oxidoreductase:1; Hypothetical/accessory:1; Transport/efflux:1
GROW_123_consensus_panelcluster_17001	GROW_123_consensus	multi_hit	1	4327235	4332055	4820	3	3	fadD; plaM9	Beta-oxidation; Plastics	Beta-oxidation; PBS/PBSA/PCL/PES/PHA/PLA	CoA ligase/synthetase:2; Accessory/other:1
GROW_123_consensus_panelcluster_17013	GROW_123_consensus	multi_hit	1	4960310	4964837	4527	3	4	alkN_mcp; pcaG; pcaH	Alkanes; Protocatechuate	Hydrocarbon uptake; Protocatechuate	Oxygenase/dioxygenase:2; Hypothetical/accessory:1; Accessory/other:1
GROW_123_consensus_panelcluster_17019	GROW_123_consensus	multi_hit	1	5462850	5475844	12994	3	9	alkJ_adh; catR; mpdC	Alkanes; Alkenes; Catechol-ortho	2-methylpropene; Auxillary alkane pathway; Catechol-ortho	Accessory/other:5; Dehydrogenase/oxidoreductase:2; Hypothetical/accessory:1; Regulator:1
GROW_123_consensus_panelcluster_17025	GROW_123_consensus	multi_hit	1	5796166	5802030	5864	3	4	chcC2; pcaK	Cyclohexanecarboxylate; Transportation	Cyclohexanecarboxylate; Transportation	Dehydrogenase/oxidoreductase:2; Transport/efflux:1; Hypothetical/accessory:1
GROW_126_consensus_panelcluster_17026	GROW_126_consensus	multi_hit	1	117099	133333	16234	3	18	est; hpaC; nahW	Aromatics; Plastics	4-Hydroxyphenylacetate; PBAT; Salicylate	Hypothetical/accessory:8; Accessory/other:5; Hydrolase/decarboxylase/lyase:3; Oxygenase/dioxygenase:1; Dehydrogenase/oxidoreductase:1
GROW_126_consensus_panelcluster_17069	GROW_126_consensus	multi_hit	1	3295623	3315408	19785	3	16	ahpC; catR; dszC	Alkanes; Aromatics; Catechol-ortho	Catechol-ortho; Dibenzofuran; Finnerty pathway	Accessory/other:6; Hypothetical/accessory:3; Regulator:2; Dehydrogenase/oxidoreductase:2; Oxygenase/dioxygenase:2; CoA ligase/synthetase:1
GROW_127_consensus_panelcluster_17081	GROW_127_consensus	multi_hit	1	660373	666953	6580	3	7	mlaF; pcaI; pcaJ	Catechol-ortho; Protocatechuate; Transportation	Catechol-ortho; Catechol-ortho; Protocatechuate; Transportation	Hypothetical/accessory:4; Thiolase/transferase:2; Transport/efflux:1
GROW_127_consensus_panelcluster_17115	GROW_127_consensus	multi_hit	1	3828904	3839948	11044	3	11	phaZ; xylB; xylC	Aromatics; Plastics	PHA/PHO; Toluene	Hypothetical/accessory:5; Dehydrogenase/oxidoreductase:3; Accessory/other:2; Hydrolase/decarboxylase/lyase:1
GROW_128_consensus_panelcluster_17149	GROW_128_consensus	multi_hit	1	3180559	3190297	9738	3	11	acdA; badK; paaJ	Beta-oxidation; Cyclohexanecarboxylate; Phenylacetate	Beta-oxidation; Cyclohexanecarboxylate; Phenylacetate	Hypothetical/accessory:5; Electron transfer/redox:2; Dehydrogenase/oxidoreductase:2; Thiolase/transferase:1; Hydratase/dehydratase/isomerase:1
GROW_128_consensus_panelcluster_17153	GROW_128_consensus	multi_hit	1	3567280	3588732	21452	3	20	amnC; hbd; pegC	Aromatics; Plastics	2-Aminophenol; P3HV/PHA/PHBV; PEG	Hypothetical/accessory:9; Accessory/other:5; Dehydrogenase/oxidoreductase:3; Transport/efflux:3
GROW_131_consensus_panelcluster_17174	GROW_131_consensus	multi_hit	1	1911986	1917843	5857	3	6	echA1; paaH; paaJ	Beta-oxidation; Phenylacetate	Beta-oxidation; Phenylacetate	Dehydrogenase/oxidoreductase:2; Hydratase/dehydratase/isomerase:1; Transport/efflux:1; Accessory/other:1; Thiolase/transferase:1
GROW_131_consensus_panelcluster_17196	GROW_131_consensus	multi_hit	1	3618599	3624292	5693	3	4	fadI; fadJ; fadL	Beta-oxidation; Catechol-ortho; Transportation	Beta-oxidation; Catechol-ortho; Transportation	Accessory/other:1; Thiolase/transferase:1; Hypothetical/accessory:1; Transport/efflux:1
GROW_131_consensus_panelcluster_17205	GROW_131_consensus	multi_hit	1	4559192	4561350	2158	3	3	mlaD; mlaE; mlaF	Transportation	Transportation	Transport/efflux:3
GROW_61_consensus_panelcluster_17217	GROW_61_consensus	multi_hit	1	1256778	1262523	5745	3	4	fadI; fadJ; fadL	Beta-oxidation; Catechol-ortho; Transportation	Beta-oxidation; Catechol-ortho; Transportation	Transport/efflux:1; Hypothetical/accessory:1; Thiolase/transferase:1; Accessory/other:1
GROW_61_consensus_panelcluster_17236	GROW_61_consensus	multi_hit	1	3033529	3047772	14243	3	11	hbd; yebS; yebT	Plastics; Transportation	P3HV/PHA/PHBV; Transportation	Accessory/other:5; Transport/efflux:3; Dehydrogenase/oxidoreductase:2; Regulator:1
GROW_61_consensus_panelcluster_17243	GROW_61_consensus	multi_hit	1	4296626	4298797	2171	3	3	mlaD; mlaE; mlaF	Transportation	Transportation	Transport/efflux:3
GROW_67_consensus_panelcluster_17271	GROW_67_consensus	multi_hit	1	985819	996507	10688	3	10	amdA; pcaC; pchA	Aromatics; Plastics; Protocatechuate	PU; Protocatechuate; Toluene	Accessory/other:4; Transport/efflux:2; Hypothetical/accessory:2; Dehydrogenase/oxidoreductase:1; Hydratase/dehydratase/isomerase:1
GROW_67_consensus_panelcluster_17272	GROW_67_consensus	multi_hit	1	1021517	1023590	2073	3	3	mlaD; mlaE; mlaF	Transportation	Transportation	Transport/efflux:3
GROW_67_consensus_panelcluster_17286	GROW_67_consensus	multi_hit	1	1669857	1682833	12976	3	13	mpdC; nagR; pobA	Alkenes; Aromatics; Naphthalene	2-methylpropene; Naphthalene; Toluene	Hypothetical/accessory:4; Regulator:3; Accessory/other:2; Transport/efflux:1; Dehydrogenase/oxidoreductase:1; Carboxylase:1; Oxygenase/dioxygenase:1
GROW_67_consensus_panelcluster_17290	GROW_67_consensus	multi_hit	1	2017467	2027234	9767	3	8	acdB; aliA; paaH	Beta-oxidation; Phenylacetate	Beta-oxidation; Phenylacetate	Accessory/other:2; Regulator:2; Dehydrogenase/oxidoreductase:2; CoA ligase/synthetase:1; Hypothetical/accessory:1
GROW_67_consensus_panelcluster_17292	GROW_67_consensus	multi_hit	1	2059050	2068156	9106	3	8	alkJ_adh; pcaG; pcaH	Alkanes; Protocatechuate	Auxillary alkane pathway; Protocatechuate	Oxygenase/dioxygenase:2; Hypothetical/accessory:2; Regulator:2; Dehydrogenase/oxidoreductase:2
GROW_67_consensus_panelcluster_17294	GROW_67_consensus	multi_hit	1	2105052	2116936	11884	3	10	nagF; opdK; pegC	Naphthalene; Plastics; Transportation	Naphthalene; PEG; Transportation	Dehydrogenase/oxidoreductase:4; Hypothetical/accessory:3; Accessory/other:2; Transport/efflux:1
GROW_67_consensus_panelcluster_17296	GROW_67_consensus	multi_hit	1	2178563	2192886	14323	3	12	galD; opdK; pegC	Gallate; Plastics; Transportation	Gallate; PEG; Transportation	Transport/efflux:4; Hypothetical/accessory:3; Dehydrogenase/oxidoreductase:2; Hydratase/dehydratase/isomerase:1; Accessory/other:1; Regulator:1
GROW_67_consensus_panelcluster_17298	GROW_67_consensus	multi_hit	1	2260832	2272307	11475	3	11	alkJ_adh; atoA; atoB	Alkanes; Beta-oxidation; Cyclohexylacetate	Auxillary alkane pathway; Beta-oxidation; Cyclohexylacetate	Accessory/other:3; Thiolase/transferase:2; Hypothetical/accessory:2; Regulator:1; Hydratase/dehydratase/isomerase:1; Transport/efflux:1; Dehydrogenase/oxidoreductase:1
GROW_67_consensus_panelcluster_17342	GROW_67_consensus	multi_hit	1	5270537	5275455	4918	3	3	fadD; plaM9	Beta-oxidation; Plastics	Beta-oxidation; PBS/PBSA/PCL/PES/PHA/PLA	CoA ligase/synthetase:2; Accessory/other:1
GROW_67_consensus_panelcluster_17355	GROW_67_consensus	multi_hit	1	6134365	6141425	7060	3	4	acdB	Beta-oxidation	Beta-oxidation	Dehydrogenase/oxidoreductase:3; Hypothetical/accessory:1
GROW_67_consensus_panelcluster_17359	GROW_67_consensus	multi_hit	1	6383144	6393330	10186	3	10	atdA1; opdK; ssuD	Alkanes; Aromatics; Transportation	Aniline; Auxillary alkane pathway; Transportation	Accessory/other:4; Hypothetical/accessory:2; Transport/efflux:2; Oxygenase/dioxygenase:1; Dehydrogenase/oxidoreductase:1
GROW_68_consensus_panelcluster_17377	GROW_68_consensus	multi_hit	1	995097	1005786	10689	3	9	amdA; pcaC; pchA	Aromatics; Plastics; Protocatechuate	PU; Protocatechuate; Toluene	Accessory/other:4; Hypothetical/accessory:2; Dehydrogenase/oxidoreductase:1; Transport/efflux:1; Hydratase/dehydratase/isomerase:1
GROW_68_consensus_panelcluster_17378	GROW_68_consensus	multi_hit	1	1030796	1032869	2073	3	3	mlaD; mlaE; mlaF	Transportation	Transportation	Transport/efflux:3
GROW_68_consensus_panelcluster_17392	GROW_68_consensus	multi_hit	1	1685118	1698094	12976	3	13	mpdC; nagR; pobA	Alkenes; Aromatics; Naphthalene	2-methylpropene; Naphthalene; Toluene	Hypothetical/accessory:4; Regulator:3; Accessory/other:2; Transport/efflux:1; Dehydrogenase/oxidoreductase:1; Carboxylase:1; Oxygenase/dioxygenase:1
GROW_68_consensus_panelcluster_17396	GROW_68_consensus	multi_hit	1	2030287	2040054	9767	3	8	acdB; aliA; paaH	Beta-oxidation; Phenylacetate	Beta-oxidation; Phenylacetate	Accessory/other:2; Regulator:2; Dehydrogenase/oxidoreductase:2; CoA ligase/synthetase:1; Hypothetical/accessory:1
GROW_68_consensus_panelcluster_17398	GROW_68_consensus	multi_hit	1	2072001	2081109	9108	3	8	alkJ_adh; pcaG; pcaH	Alkanes; Protocatechuate	Auxillary alkane pathway; Protocatechuate	Oxygenase/dioxygenase:2; Regulator:2; Dehydrogenase/oxidoreductase:2; Mobile/stress/accessory:1; Hypothetical/accessory:1
GROW_68_consensus_panelcluster_17400	GROW_68_consensus	multi_hit	1	2118004	2129889	11885	3	10	nagF; opdK; pegC	Naphthalene; Plastics; Transportation	Naphthalene; PEG; Transportation	Dehydrogenase/oxidoreductase:4; Hypothetical/accessory:3; Accessory/other:2; Transport/efflux:1
GROW_68_consensus_panelcluster_17402	GROW_68_consensus	multi_hit	1	2191425	2205744	14319	3	11	galD; opdK; pegC	Gallate; Plastics; Transportation	Gallate; PEG; Transportation	Transport/efflux:4; Hypothetical/accessory:2; Dehydrogenase/oxidoreductase:2; Hydratase/dehydratase/isomerase:1; Accessory/other:1; Regulator:1
GROW_68_consensus_panelcluster_17407	GROW_68_consensus	multi_hit	1	2443166	2461772	18606	3	14	alkN_mcp; chnD; chnE	Alkanes	Hydrocarbon uptake; Terminal/biterminal oxidation	Hypothetical/accessory:7; Accessory/other:4; Dehydrogenase/oxidoreductase:2; Mobile/stress/accessory:1
GROW_68_consensus_panelcluster_17449	GROW_68_consensus	multi_hit	1	5230128	5235046	4918	3	3	fadD; plaM9	Beta-oxidation; Plastics	Beta-oxidation; PBS/PBSA/PCL/PES/PHA/PLA	CoA ligase/synthetase:2; Accessory/other:1
GROW_68_consensus_panelcluster_17462	GROW_68_consensus	multi_hit	1	6104991	6112051	7060	3	4	acdB	Beta-oxidation	Beta-oxidation	Dehydrogenase/oxidoreductase:3; Hypothetical/accessory:1
GROW_68_consensus_panelcluster_17466	GROW_68_consensus	multi_hit	1	6352301	6362198	9897	3	10	atdA1; opdK; ssuD	Alkanes; Aromatics; Transportation	Aniline; Auxillary alkane pathway; Transportation	Accessory/other:4; Hypothetical/accessory:2; Transport/efflux:2; Oxygenase/dioxygenase:1; Dehydrogenase/oxidoreductase:1
GROW_70_consensus_panelcluster_17487	GROW_70_consensus	multi_hit	1	2200571	2219744	19173	3	16	pchA; pnbA; xylB	Aromatics; Plastics	PET; Toluene	Accessory/other:5; Dehydrogenase/oxidoreductase:4; Hypothetical/accessory:4; Regulator:2; Transport/efflux:1
GROW_70_consensus_panelcluster_17498	GROW_70_consensus	multi_hit	1	3150215	3155826	5611	3	4	fadI; fadJ; fadL	Beta-oxidation; Catechol-ortho; Transportation	Beta-oxidation; Catechol-ortho; Transportation	Accessory/other:1; Thiolase/transferase:1; Hypothetical/accessory:1; Transport/efflux:1
GROW_70_consensus_panelcluster_17500	GROW_70_consensus	multi_hit	1	3640212	3651982	11770	3	14	atoB; hbd; nagR	Beta-oxidation; Naphthalene; Plastics	Beta-oxidation; Naphthalene; P3HV/PHA/PHBV	Hypothetical/accessory:4; Accessory/other:3; Transport/efflux:2; Dehydrogenase/oxidoreductase:1; Hydratase/dehydratase/isomerase:1; Hydrolase/decarboxylase/lyase:1; Thiolase/transferase:1; Regulator:1
GROW_72_consensus_panelcluster_17513	GROW_72_consensus	multi_hit	1	1270985	1276730	5745	3	4	fadI; fadJ; fadL	Beta-oxidation; Catechol-ortho; Transportation	Beta-oxidation; Catechol-ortho; Transportation	Transport/efflux:1; Hypothetical/accessory:1; Thiolase/transferase:1; Accessory/other:1
GROW_72_consensus_panelcluster_17533	GROW_72_consensus	multi_hit	1	3103823	3118067	14244	3	11	hbd; yebS; yebT	Plastics; Transportation	P3HV/PHA/PHBV; Transportation	Accessory/other:5; Transport/efflux:3; Dehydrogenase/oxidoreductase:2; Regulator:1
GROW_72_consensus_panelcluster_17540	GROW_72_consensus	multi_hit	1	4368156	4370327	2171	3	3	mlaD; mlaE; mlaF	Transportation	Transportation	Transport/efflux:3
GROW_73_consensus_panelcluster_17562	GROW_73_consensus	multi_hit	1	1348739	1354484	5745	3	4	fadI; fadJ; fadL	Beta-oxidation; Catechol-ortho; Transportation	Beta-oxidation; Catechol-ortho; Transportation	Transport/efflux:1; Hypothetical/accessory:1; Thiolase/transferase:1; Accessory/other:1
GROW_73_consensus_panelcluster_17589	GROW_73_consensus	multi_hit	1	4535731	4537902	2171	3	3	mlaD; mlaE; mlaF	Transportation	Transportation	Transport/efflux:3
GROW_74_consensus_panelcluster_17618	GROW_74_consensus	multi_hit	1	1050333	1052406	2073	3	3	mlaD; mlaE; mlaF	Transportation	Transportation	Transport/efflux:3
GROW_74_consensus_panelcluster_17632	GROW_74_consensus	multi_hit	1	1619721	1632140	12419	3	13	mpdC; nagR; pobA	Alkenes; Aromatics; Naphthalene	2-methylpropene; Naphthalene; Toluene	Hypothetical/accessory:5; Regulator:3; Accessory/other:2; Dehydrogenase/oxidoreductase:1; Carboxylase:1; Oxygenase/dioxygenase:1
GROW_74_consensus_panelcluster_17634	GROW_74_consensus	multi_hit	1	1772174	1783919	11745	3	10	mhpE; tphA1I; xylQ	Aromatics; Catechol-meta	Catechol-meta; Terephthalate	Accessory/other:4; Dehydrogenase/oxidoreductase:2; Hydratase/dehydratase/isomerase:2; Hydrolase/decarboxylase/lyase:1; Hypothetical/accessory:1
GROW_74_consensus_panelcluster_17692	GROW_74_consensus	multi_hit	1	5256527	5261452	4925	3	3	fadD; plaM9	Beta-oxidation; Plastics	Beta-oxidation; PBS/PBSA/PCL/PES/PHA/PLA	CoA ligase/synthetase:2; Accessory/other:1
GROW_74_consensus_panelcluster_17706	GROW_74_consensus	multi_hit	1	6229602	6236667	7065	3	4	acdB	Beta-oxidation	Beta-oxidation	Dehydrogenase/oxidoreductase:3; Hypothetical/accessory:1
GROW_76_consensus_panelcluster_17722	GROW_76_consensus	multi_hit	1	1395833	1401539	5706	3	4	fadI; fadJ; fadL	Beta-oxidation; Catechol-ortho; Transportation	Beta-oxidation; Catechol-ortho; Transportation	Transport/efflux:1; Hypothetical/accessory:1; Thiolase/transferase:1; Accessory/other:1
GROW_77_consensus_panelcluster_17797	GROW_77_consensus	multi_hit	1	4517406	4519536	2130	3	3	mlaD; mlaE; mlaF	Transportation	Transportation	Transport/efflux:3
GROW_83_consensus_panelcluster_17804	GROW_83_consensus	multi_hit	1	229977	233793	3816	3	3	dszC; ladA	Alkanes; Aromatics	Dibenzofuran; Terminal/biterminal oxidation	Accessory/other:2; Oxygenase/dioxygenase:1
GROW_83_consensus_panelcluster_17810	GROW_83_consensus	multi_hit	1	470101	476496	6395	3	5	acdB; alkN_mcp	Alkanes; Beta-oxidation	Beta-oxidation; Hydrocarbon uptake	Hypothetical/accessory:3; Accessory/other:1; Dehydrogenase/oxidoreductase:1
GROW_83_consensus_panelcluster_17816	GROW_83_consensus	multi_hit	1	1019537	1031008	11471	3	10	amdA; pcaC; pchA	Aromatics; Plastics; Protocatechuate	PU; Protocatechuate; Toluene	Accessory/other:4; Hypothetical/accessory:3; Dehydrogenase/oxidoreductase:1; Transport/efflux:1; Hydratase/dehydratase/isomerase:1
GROW_83_consensus_panelcluster_17817	GROW_83_consensus	multi_hit	1	1056200	1058273	2073	3	3	mlaD; mlaE; mlaF	Transportation	Transportation	Transport/efflux:3
GROW_83_consensus_panelcluster_17847	GROW_83_consensus	multi_hit	1	3009758	3014710	4952	3	3	fadD; plaM9	Beta-oxidation; Plastics	Beta-oxidation; PBS/PBSA/PCL/PES/PHA/PLA	CoA ligase/synthetase:2; Accessory/other:1
GROW_83_consensus_panelcluster_17862	GROW_83_consensus	multi_hit	1	4032195	4034785	2590	3	3	atoA; atoB; pcaI	Beta-oxidation; Catechol-ortho; Cyclohexylacetate	Beta-oxidation; Catechol-ortho; Cyclohexylacetate	Thiolase/transferase:3
GROW_83_consensus_panelcluster_17894	GROW_83_consensus	multi_hit	1	5994654	6001919	7265	3	4	acdB	Beta-oxidation	Beta-oxidation	Dehydrogenase/oxidoreductase:3; Hypothetical/accessory:1
GROW_93_consensus_panelcluster_17913	GROW_93_consensus	multi_hit	1	1257704	1263688	5984	3	5	chcC2; pcaK	Cyclohexanecarboxylate; Transportation	Cyclohexanecarboxylate; Transportation	Hypothetical/accessory:2; Dehydrogenase/oxidoreductase:2; Transport/efflux:1
GROW_93_consensus_panelcluster_17932	GROW_93_consensus	multi_hit	1	2671140	2687501	16361	3	17	hapE; nagF; pqiB	Hydroquinone; Naphthalene; Transportation	Hydroquinone; Naphthalene; Transportation	Hypothetical/accessory:7; Transport/efflux:5; Accessory/other:2; Dehydrogenase/oxidoreductase:2; Hydrolase/decarboxylase/lyase:1
GROW_93_consensus_panelcluster_17953	GROW_93_consensus	multi_hit	1	4270703	4276296	5593	3	4	fadI; fadJ; fadL	Beta-oxidation; Catechol-ortho; Transportation	Beta-oxidation; Catechol-ortho; Transportation	Accessory/other:1; Thiolase/transferase:1; Hypothetical/accessory:1; Transport/efflux:1
GROW_93_consensus_panelcluster_17962	GROW_93_consensus	multi_hit	1	5240604	5245696	5092	3	4	aliA; atoB; chcB2	Beta-oxidation; Cyclohexanecarboxylate	Beta-oxidation; Cyclohexanecarboxylate	Thiolase/transferase:2; CoA ligase/synthetase:1; Dehydrogenase/oxidoreductase:1
L3.medaka_panelcluster_17972	L3.medaka	multi_hit	contig_2	410867	417800	6933	3	6	catE; hapE; xylC	Aromatics; Catechol-meta; Hydroquinone	Catechol-meta; Hydroquinone; Toluene	Dehydrogenase/oxidoreductase:2; Accessory/other:2; Oxygenase/dioxygenase:1; Hypothetical/accessory:1
LMAZ01000003.1_panelcluster_18024	LMAZ01000003.1	multi_hit	c_000000000001	254509	263859	9350	3	7	NFA_28320; pchA; yfdE	Aromatics; Oxalate; Plastics	Nylon; Oxalate; Toluene	Accessory/other:3; Dehydrogenase/oxidoreductase:3; Thiolase/transferase:1
LMAZ01000003.1_panelcluster_18027	LMAZ01000003.1	multi_hit	c_000000000001	347002	349079	2077	3	3	mlaD; mlaE; mlaF	Transportation	Transportation	Transport/efflux:3
LMAZ01000003.1_panelcluster_18028	LMAZ01000003.1	multi_hit	c_000000000001	360829	378515	17686	3	16	acdB; est	Beta-oxidation; Plastics	Beta-oxidation; PET	Accessory/other:9; Hypothetical/accessory:5; Dehydrogenase/oxidoreductase:2
